date,EEM,GLD,QQQ,SPY,TLT
2015-01-02 00:00:00,30.19809341430664,114.08000183105469,94.56114959716797,169.6877899169922,92.65931701660156
2015-01-05 00:00:00,29.6606502532959,115.80000305175781,93.17404174804688,166.62335205078125,94.11485290527344
2015-01-06 00:00:00,29.536020278930664,117.12000274658203,91.92474365234375,165.05389404296875,95.81046295166016
2015-01-07 00:00:00,30.174726486206055,116.43000030517578,93.10977172851562,167.11073303222656,95.62129974365234
2015-01-08 00:00:00,30.688793182373047,115.94000244140625,94.891845703125,170.07603454589844,94.35499572753906
2015-01-09 00:00:00,30.587539672851562,117.26000213623047,94.26719665527344,168.71315002441406,95.38845825195312
2015-01-12 00:00:00,30.338294982910156,118.55999755859375,93.28428649902344,167.39149475097656,95.9342269897461
2015-01-13 00:00:00,30.603113174438477,118.16000366210938,93.25672149658203,166.9207305908203,95.9342269897461
2015-01-14 00:00:00,30.4317569732666,117.97000122070312,92.74229431152344,165.91297912597656,96.66200256347656
2015-01-15 00:00:00,30.501861572265625,120.94000244140625,91.53892517089844,164.3931427001953,98.18309020996094
2015-01-16 00:00:00,30.758895874023438,122.5199966430664,92.61369323730469,166.5489959716797,96.93122863769531
2015-01-20 00:00:00,30.712169647216797,124.19999694824219,93.34857177734375,166.90419006347656,98.21943664550781
2015-01-21 00:00:00,31.389802932739258,124.2300033569336,93.82622528076172,167.7467041015625,97.08413696289062
2015-01-22 00:00:00,31.989564895629883,125.2300033569336,95.56241607666016,170.24124145507812,96.73480224609375
2015-01-23 00:00:00,31.74810791015625,124.2300033569336,95.77374267578125,169.30789184570312,98.08114624023438
2015-01-26 00:00:00,31.763675689697266,122.98999786376953,95.66349792480469,169.7043914794922,97.78278350830078
2015-01-27 00:00:00,31.59232521057129,124.4000015258789,93.1832504272461,167.46588134765625,97.93558502197266
2015-01-28 00:00:00,31.24961280822754,123.41999816894531,92.70558166503906,165.3182373046875,99.53669738769531
2015-01-29 00:00:00,31.24961280822754,120.76000213623047,93.59661865234375,166.8463592529297,98.88166809082031
2015-01-30 00:00:00,30.39281463623047,123.44999694824219,92.87092590332031,164.74826049804688,100.63558197021484
2015-02-02 00:00:00,30.938051223754883,122.41999816894531,93.67928314208984,166.7885284423828,100.25565338134766
2015-02-03 00:00:00,31.522228240966797,121.05000305175781,94.57953643798828,169.2004852294922,98.1335678100586
2015-02-04 00:00:00,31.366443634033203,121.58000183105469,94.4968490600586,168.5561981201172,98.30127716064453
2015-02-05 00:00:00,31.553386688232422,121.79000091552734,95.31436920166016,170.25784301757812,97.2220458984375
2015-02-06 00:00:00,31.01593780517578,118.63999938964844,94.7356948852539,169.78697204589844,95.50103759765625
2015-02-09 00:00:00,30.96920394897461,119.16999816894531,94.43255615234375,169.02706909179688,95.34789276123047
2015-02-10 00:00:00,30.89130973815918,118.47000122070312,95.90234375,170.82778930664062,94.58946228027344
2015-02-11 00:00:00,30.665428161621094,117.06999969482422,96.25139617919922,170.92684936523438,94.7645034790039
2015-02-12 00:00:00,31.319704055786133,117.33999633789062,97.37210083007812,172.5706329345703,94.45098114013672
2015-02-13 00:00:00,31.678003311157227,117.9800033569336,98.2080078125,173.28099060058594,93.4810791015625
2015-02-17 00:00:00,31.6079158782959,116.01000213623047,98.29987335205078,173.55360412597656,92.07361602783203
2015-02-18 00:00:00,31.600116729736328,116.33999633789062,98.43765258789062,173.5701446533203,92.62052154541016
2015-02-19 00:00:00,31.467710494995117,115.94000244140625,98.9245376586914,173.44618225097656,92.00798034667969
2015-02-20 00:00:00,31.678003311157227,115.27999877929688,99.5859146118164,174.48699951171875,92.27781677246094
2015-02-23 00:00:00,31.358654022216797,115.43000030517578,99.68693542480469,174.46221923828125,93.33523559570312
2015-02-24 00:00:00,31.8104190826416,115.26000213623047,99.76043701171875,174.95779418945312,94.56034851074219
2015-02-25 00:00:00,31.74810791015625,115.69999694824219,99.5124282836914,174.80914306640625,94.96870422363281
2015-02-26 00:00:00,31.755895614624023,116.06999969482422,100.01765441894531,174.60255432128906,93.67063903808594
2015-02-27 00:00:00,31.732528686523438,116.16000366210938,99.57674407958984,174.00787353515625,94.45822143554688
2015-03-02 00:00:00,31.685791015625,115.68000030517578,100.47695922851562,175.10650634765625,92.69879913330078
2015-03-03 00:00:00,31.4443302154541,115.47000122070312,100.00847625732422,174.3878936767578,92.36270141601562
2015-03-04 00:00:00,31.10161018371582,115.11000061035156,99.62266540527344,173.65274047851562,92.39192962646484
2015-03-05 00:00:00,31.054880142211914,115.0,99.79717254638672,173.84266662597656,92.27503204345703
2015-03-06 00:00:00,30.579742431640625,111.86000061035156,98.66732025146484,171.39767456054688,90.23644256591797
2015-03-09 00:00:00,30.462913513183594,111.97000122070312,98.95210266113281,172.10806274414062,91.0694580078125
2015-03-10 00:00:00,29.785274505615234,111.41999816894531,97.1148681640625,169.31613159179688,92.26773071289062
2015-03-11 00:00:00,30.011154174804688,110.75,96.55453491210938,168.9196319580078,92.93991088867188
2015-03-12 00:00:00,30.19809341430664,110.72000122070312,97.1883773803711,171.06729125976562,92.87416076660156
2015-03-13 00:00:00,29.832008361816406,110.87999725341797,96.76580047607422,170.0182647705078,92.58918762207031
2015-03-16 00:00:00,30.1903018951416,110.80999755859375,98.01510620117188,172.28976440429688,93.4806137084961
2015-03-17 00:00:00,30.540802001953125,110.20999908447266,98.17124938964844,171.7776641845703,94.25511169433594
2015-03-18 00:00:00,31.28855323791504,112.37000274658203,99.13580322265625,173.84266662597656,96.07445526123047
2015-03-19 00:00:00,30.758895874023438,112.29000091552734,99.28278350830078,173.04974365234375,95.58493041992188
2015-03-20 00:00:00,31.218460083007812,113.56999969482422,99.92544555664062,174.57720947265625,96.08909606933594
2015-03-23 00:00:00,31.311927795410156,114.29000091552734,99.73210144042969,174.2369842529297,95.97212982177734
2015-03-24 00:00:00,31.436548233032227,114.56999969482422,99.37299346923828,173.25799560546875,96.90010833740234
2015-03-25 00:00:00,30.938051223754883,114.7300033569336,97.09881591796875,170.71910095214844,96.08174133300781
2015-03-26 00:00:00,30.649852752685547,115.4800033569336,96.76739501953125,170.31251525878906,94.58390045166016
2015-03-27 00:00:00,30.735536575317383,115.05999755859375,97.1540756225586,170.70257568359375,95.76024627685547
2015-03-30 00:00:00,31.327503204345703,113.75,98.2681655883789,172.78500366210938,95.28533172607422
2015-03-31 00:00:00,31.257396697998047,113.66000366210938,97.22772216796875,171.2749481201172,95.48991394042969
2015-04-01 00:00:00,31.6468505859375,115.5999984741211,96.72135162353516,170.66934204101562,96.744140625
2015-04-02 00:00:00,32.12197494506836,115.27999877929688,96.78579711914062,171.28330993652344,95.71908569335938
2015-04-06 00:00:00,32.53480911254883,116.69000244140625,97.57760620117188,172.43658447265625,95.1845474243164
2015-04-07 00:00:00,32.37123107910156,116.11000061035156,97.4118881225586,171.98019409179688,95.98269653320312
2015-04-08 00:00:00,33.04888153076172,115.47000122070312,98.18527221679688,172.56101989746094,96.01195526123047
2015-04-09 00:00:00,33.376007080078125,114.66999816894531,98.80216979980469,173.32431030273438,94.76724243164062
2015-04-10 00:00:00,33.399391174316406,115.97000122070312,99.20726013183594,174.2702178955078,94.9063949584961
2015-04-13 00:00:00,33.204654693603516,115.13999938964844,98.95869445800781,173.4820098876953,95.03817749023438
2015-04-14 00:00:00,33.3526496887207,114.44000244140625,98.67324829101562,173.81387329101562,95.7117919921875
2015-04-15 00:00:00,33.58631134033203,115.43000030517578,99.29010772705078,174.59385681152344,95.63127136230469
2015-04-16 00:00:00,33.85114669799805,115.02999877929688,99.15201568603516,174.54400634765625,95.15534210205078
2015-04-17 00:00:00,33.259178161621094,115.5999984741211,97.60523986816406,172.53616333007812,96.24626922607422
2015-04-20 00:00:00,33.22801971435547,114.72000122070312,99.06917572021484,174.11256408691406,95.39693450927734
2015-04-21 00:00:00,33.42274856567383,115.37999725341797,99.49269104003906,173.90516662597656,94.9649429321289
2015-04-22 00:00:00,33.781036376953125,113.83000183105469,100.03592681884766,174.75973510742188,93.51522827148438
2015-04-23 00:00:00,34.03029251098633,114.66000366210938,100.41341400146484,175.19947814941406,93.91790771484375
2015-04-24 00:00:00,34.1549186706543,113.05000305175781,101.77607727050781,175.60601806640625,94.503662109375
2015-04-27 00:00:00,34.28733444213867,115.33000183105469,101.51827239990234,174.87591552734375,94.503662109375
2015-04-28 00:00:00,34.34184646606445,116.33000183105469,101.31571960449219,175.43177795410156,93.20034790039062
2015-04-29 00:00:00,33.91345977783203,115.51000213623047,100.68042755126953,174.7099609375,92.05814361572266
2015-04-30 00:00:00,33.399391174316406,113.47000122070312,99.09679412841797,172.9593048095703,92.21923828125
2015-05-01 00:00:00,33.601898193359375,113.08000183105469,100.40422058105469,174.83438110351562,90.97782897949219
2015-05-04 00:00:00,33.796630859375,114.0999984741211,100.56993865966797,175.33224487304688,90.11940002441406
2015-05-05 00:00:00,33.43052673339844,114.41999816894531,98.93104553222656,173.32431030273438,89.99471282958984
2015-05-06 00:00:00,33.01771545410156,114.36000061035156,98.24974822998047,172.61082458496094,88.45392608642578
2015-05-07 00:00:00,32.97098159790039,113.41999816894531,98.83899688720703,173.29942321777344,89.64251708984375
2015-05-08 00:00:00,33.3915901184082,113.97000122070312,100.07274627685547,175.58111572265625,89.8846435546875
2015-05-11 00:00:00,33.07224655151367,113.52999877929688,99.68605041503906,174.7431182861328,87.69820404052734
2015-05-12 00:00:00,32.963191986083984,114.5,99.23490142822266,174.22039794921875,87.92568969726562
2015-05-13 00:00:00,33.0255126953125,116.55000305175781,99.43746948242188,174.2535858154297,87.22132110595703
2015-05-14 00:00:00,33.3526496887207,117.18000030517578,100.89215850830078,176.07066345214844,87.45608520507812
2015-05-15 00:00:00,33.60968780517578,117.52999877929688,100.89215850830078,176.26145935058594,89.2096176147461
2015-05-18 00:00:00,33.266963958740234,117.5199966430664,101.33413696289062,176.80908203125,87.71287536621094
2015-05-19 00:00:00,33.32149124145508,115.88999938964844,101.22364044189453,176.75103759765625,86.93519592285156
2015-05-20 00:00:00,33.298118591308594,116.08000183105469,101.2881088256836,176.62657165527344,87.08194732666016
2015-05-21 00:00:00,33.18128967285156,115.69000244140625,101.81290435791016,177.14097595214844,88.29985046386719
2015-05-22 00:00:00,33.29033279418945,115.5999984741211,101.71161651611328,176.71775817871094,88.33656311035156
2015-05-26 00:00:00,32.76068115234375,113.91000366210938,100.54230499267578,174.81784057617188,89.847900390625
2015-05-27 00:00:00,32.76846694946289,113.88999938964844,102.16279602050781,176.4772186279297,90.0533676147461
2015-05-28 00:00:00,32.34006881713867,114.0199966430664,101.9326400756836,176.27806091308594,89.83325958251953
2015-05-29 00:00:00,32.028507232666016,114.0999984741211,101.32490539550781,175.182861328125,90.0313720703125
2015-06-01 00:00:00,31.90389060974121,114.0,101.66558837890625,175.53964233398438,89.0637435913086
2015-06-02 00:00:00,32.028507232666016,114.45999908447266,101.34331512451172,175.36537170410156,87.82112121582031
2015-06-03 00:00:00,31.864940643310547,113.63999938964844,101.64717102050781,175.83001708984375,86.40938568115234
2015-06-04 00:00:00,31.382020950317383,112.83999633789062,100.873779296875,174.34490966796875,87.53438568115234
2015-06-05 00:00:00,31.24181365966797,112.23999786376953,100.63440704345703,174.04617309570312,86.46818542480469
2015-06-08 00:00:00,31.234033584594727,112.56999969482422,99.61236572265625,172.97589111328125,86.3726806640625
2015-06-09 00:00:00,31.047096252441406,112.81999969482422,99.44666290283203,172.95098876953125,85.68882751464844
2015-06-10 00:00:00,31.498855590820312,113.77999877929688,100.809326171875,175.02520751953125,84.93883514404297
2015-06-11 00:00:00,31.343080520629883,113.26000213623047,100.95668029785156,175.58949279785156,86.7255859375
2015-06-12 00:00:00,31.343080520629883,113.2300033569336,100.12796783447266,174.2453155517578,86.7255859375
2015-06-15 00:00:00,30.992568969726562,113.7300033569336,99.63082885742188,173.49859619140625,86.86526489257812
2015-06-16 00:00:00,31.000354766845703,113.31999969482422,100.17405700683594,174.4445037841797,87.54905700683594
2015-06-17 00:00:00,31.187288284301758,113.8499984741211,100.45026397705078,174.72657775878906,86.87259674072266
2015-06-18 00:00:00,31.475496292114258,115.31999969482422,101.91421508789062,176.54359436035156,86.44611358642578
2015-06-19 00:00:00,31.20287322998047,115.12000274658203,101.41031646728516,175.7598876953125,87.55644226074219
2015-06-22 00:00:00,31.65463638305664,113.63999938964844,102.1578369140625,176.66033935546875,85.76974487304688
2015-06-23 00:00:00,31.966201782226562,112.88999938964844,102.2408447265625,176.78538513183594,85.2550277709961
2015-06-24 00:00:00,31.740324020385742,112.58999633789062,101.71487426757812,175.5014190673828,85.99028015136719
2015-06-25 00:00:00,31.631242752075195,112.44000244140625,101.51185607910156,174.96783447265625,85.68882751464844
2015-06-26 00:00:00,31.33306121826172,112.55999755859375,100.83814239501953,174.9344482421875,84.72563934326172
2015-06-29 00:00:00,30.634679794311523,113.06999969482422,98.45726013183594,171.26608276367188,86.96820831298828
2015-06-30 00:00:00,31.089801788330078,112.37000274658203,98.80792236328125,171.62457275390625,86.36527252197266
2015-07-01 00:00:00,31.066259384155273,111.9800033569336,99.59232330322266,173.00021362304688,85.19953155517578
2015-07-02 00:00:00,31.215351104736328,111.76000213623047,99.62003326416016,172.84176635742188,85.47953033447266
2015-07-06 00:00:00,30.344335556030273,112.05999755859375,99.38928985595703,172.34994506835938,87.06381225585938
2015-07-07 00:00:00,29.889211654663086,110.76000213623047,99.63848876953125,173.43373107910156,87.88185119628906
2015-07-08 00:00:00,28.86126136779785,111.08999633789062,97.90353393554688,170.5240478515625,88.64086151123047
2015-07-09 00:00:00,29.41839599609375,111.36000061035156,97.84818267822266,170.83248901367188,86.89434051513672
2015-07-10 00:00:00,30.16385841369629,111.48999786376953,99.34317016601562,172.98353576660156,85.51638793945312
2015-07-13 00:00:00,30.36787986755371,110.98999786376953,101.08733367919922,174.89283752441406,85.25111389160156
2015-07-14 00:00:00,30.42281150817871,110.73999786376953,101.75176239013672,175.65147399902344,85.53112030029297
2015-07-15 00:00:00,30.07754135131836,110.16000366210938,101.86251831054688,175.59315490722656,86.43753051757812
2015-07-16 00:00:00,30.454198837280273,109.76000213623047,103.30213928222656,177.0021209716797,87.034423828125
2015-07-17 00:00:00,30.414955139160156,108.6500015258789,104.82482147216797,177.1522216796875,87.48390197753906
2015-07-20 00:00:00,30.218782424926758,105.69999694824219,105.18470001220703,177.24391174316406,87.115478515625
2015-07-21 00:00:00,30.22662925720215,105.37000274658203,105.12013244628906,176.54359436035156,87.58704376220703
2015-07-22 00:00:00,29.795045852661133,104.80000305175781,103.92965698242188,176.2267608642578,88.13233184814453
2015-07-23 00:00:00,29.504711151123047,104.33000183105469,103.54204559326172,175.234619140625,89.2303466796875
2015-07-24 00:00:00,29.08097267150879,105.3499984741211,102.52696228027344,173.41705322265625,89.45140075683594
2015-07-27 00:00:00,28.531681060791016,104.86000061035156,101.67794799804688,172.40823364257812,89.93034362792969
2015-07-28 00:00:00,28.82201385498047,105.0199966430664,102.55461883544922,174.52597045898438,89.2745132446289
2015-07-29 00:00:00,29.104507446289062,105.16999816894531,102.94222259521484,175.7265625,88.94295501708984
2015-07-30 00:00:00,28.814176559448242,104.2699966430664,103.43132019042969,175.7682647705078,89.62825012207031
2015-07-31 00:00:00,29.1280460357666,104.93000030517578,103.31134033203125,175.5014190673828,90.29144287109375
2015-08-03 00:00:00,28.64154052734375,104.0999984741211,102.98839569091797,174.90945434570312,91.24190521240234
2015-08-04 00:00:00,28.743553161621094,104.30999755859375,102.79457092285156,174.567626953125,90.51815032958984
2015-08-05 00:00:00,28.751394271850586,103.93000030517578,103.58818817138672,175.14288330078125,89.83876037597656
2015-08-06 00:00:00,28.500295639038086,104.38999938964844,101.92710876464844,173.70884704589844,90.63633728027344
2015-08-07 00:00:00,28.484594345092773,104.6500015258789,101.79792022705078,173.37539672851562,91.8253402709961
2015-08-10 00:00:00,28.963272094726562,105.72000122070312,102.960693359375,175.55979919433594,90.68802642822266
2015-08-11 00:00:00,28.327651977539062,106.26000213623047,101.64105224609375,173.97567749023438,92.12812042236328
2015-08-12 00:00:00,27.888229370117188,107.75,101.99169158935547,174.18411254882812,91.62593078613281
2015-08-13 00:00:00,27.841144561767578,106.86000061035156,101.82560729980469,173.9673614501953,91.33052825927734
2015-08-14 00:00:00,27.880380630493164,106.8499984741211,101.98246002197266,174.6010284423828,91.54470825195312
2015-08-17 00:00:00,27.57434844970703,107.12999725341797,102.83150482177734,175.57647705078125,91.9582290649414
2015-08-18 00:00:00,27.276159286499023,107.11000061035156,102.30547332763672,175.0679168701172,91.23454284667969
2015-08-19 00:00:00,26.93874740600586,108.55000305175781,101.63180541992188,173.68389892578125,92.13543701171875
2015-08-20 00:00:00,26.515005111694336,110.44000244140625,98.81716918945312,170.05709838867188,93.06598663330078
2015-08-21 00:00:00,25.69892120361328,111.12999725341797,94.49828338623047,164.93800354003906,93.34664154052734
2015-08-24 00:00:00,24.576797485351562,110.52999877929688,90.8623275756836,157.9929656982422,93.31710815429688
2015-08-25 00:00:00,24.89067268371582,109.16000366210938,90.52086639404297,156.13375854492188,91.81792449951172
2015-08-26 00:00:00,25.714609146118164,107.66999816894531,95.07965087890625,162.12832641601562,90.04552459716797
2015-08-27 00:00:00,26.852426528930664,107.7300033569336,97.48828125,166.1385955810547,90.09720611572266
2015-08-28 00:00:00,26.507156372070312,108.69999694824219,97.46984100341797,166.1468963623047,90.36309051513672
2015-08-31 00:00:00,26.554237365722656,108.81999969482422,96.26090240478516,164.8046112060547,89.66887664794922
2015-09-01 00:00:00,25.52627944946289,109.19999694824219,93.25247192382812,159.88552856445312,90.31501007080078
2015-09-02 00:00:00,25.89509391784668,108.62000274658203,95.88253784179688,162.92039489746094,89.53789520263672
2015-09-03 00:00:00,25.997095108032227,107.83999633789062,95.4118881225586,163.0370330810547,89.97452545166016
2015-09-04 00:00:00,25.220245361328125,107.48999786376953,94.27682495117188,160.56924438476562,90.79608154296875
2015-09-08 00:00:00,26.020639419555664,107.5199966430664,96.93455505371094,164.60455322265625,89.45643615722656
2015-09-09 00:00:00,25.887248992919922,106.12999725341797,95.84564208984375,162.4033966064453,89.8857650756836
2015-09-10 00:00:00,26.15403938293457,106.37999725341797,96.88841247558594,163.28724670410156,89.27886199951172
2015-09-11 00:00:00,26.256046295166016,106.16000366210938,97.4236831665039,164.0292205810547,89.84136199951172
2015-09-14 00:00:00,26.216819763183594,106.22000122070312,97.12836456298828,163.42056274414062,89.98196411132812
2015-09-15 00:00:00,26.467918395996094,105.9000015258789,98.27267456054688,165.46322631835938,88.25751495361328
2015-09-16 00:00:00,27.111373901367188,107.30999755859375,98.82637023925781,166.89724731445312,87.92444610595703
2015-09-17 00:00:00,27.048599243164062,108.41000366210938,98.86329650878906,166.52210998535156,88.99760437011719
2015-09-18 00:00:00,26.5463924407959,109.20999908447266,97.45716857910156,163.80084228515625,90.3667984008789
2015-09-21 00:00:00,26.499309539794922,108.52999877929688,97.76244354248047,164.64730834960938,88.89405822753906
2015-09-22 00:00:00,26.00494956970215,107.79000091552734,96.30081939697266,162.51025390625,90.12996673583984
2015-09-23 00:00:00,25.589054107666016,108.22000122070312,96.37483978271484,162.25048828125,90.12260437011719
2015-09-24 00:00:00,25.47919464111328,110.48999786376953,96.0233154296875,161.66378784179688,90.73685455322266
2015-09-25 00:00:00,25.424272537231445,109.80999755859375,95.20922088623047,161.62193298339844,89.95234680175781
2015-09-28 00:00:00,24.88282585144043,108.41999816894531,92.49874877929688,157.56565856933594,91.49176025390625
2015-09-29 00:00:00,25.00052833557129,107.9800033569336,92.01769256591797,157.65780639648438,91.75080108642578
2015-09-30 00:00:00,25.722461700439453,106.86000061035156,94.13613891601562,160.5994110107422,91.43256378173828
2015-10-01 00:00:00,25.863697052001953,106.7300033569336,94.56168365478516,161.01846313476562,91.82267761230469
2015-10-02 00:00:00,26.554237365722656,108.98999786376953,96.21758270263672,163.4237518310547,92.37891387939453
2015-10-05 00:00:00,27.127071380615234,108.7699966430664,97.59593200683594,166.3318328857422,91.12553405761719
2015-10-06 00:00:00,27.079988479614258,109.86000061035156,97.13338470458984,165.76193237304688,91.51861572265625
2015-10-07 00:00:00,27.801908493041992,109.69999694824219,97.71619415283203,167.11962890625,91.21451568603516
2015-10-08 00:00:00,28.1000919342041,109.13999938964844,98.1047134399414,168.6281280517578,90.45062255859375
2015-10-09 00:00:00,28.202104568481445,110.87000274658203,98.54875946044922,168.72872924804688,90.68795013427734
2015-10-12 00:00:00,27.990234375,111.30999755859375,98.78929138183594,168.8879852294922,91.37767791748047
2015-10-13 00:00:00,27.535110473632812,111.86000061035156,98.15097045898438,167.82363891601562,91.53343200683594
2015-10-14 00:00:00,27.74698257446289,113.80999755859375,97.99372863769531,167.01905822753906,92.33445739746094
2015-10-15 00:00:00,28.421817779541016,113.29000091552734,99.60337829589844,169.58349609375,91.88202667236328
2015-10-16 00:00:00,28.445362091064453,112.48999786376953,100.01966094970703,170.3545684814453,91.91166687011719
2015-10-19 00:00:00,28.155033111572266,112.0199966430664,100.59319305419922,170.4384002685547,91.65953063964844
2015-10-20 00:00:00,28.147178649902344,112.7300033569336,100.07514190673828,170.2205047607422,91.09586334228516
2015-10-21 00:00:00,27.739131927490234,111.7300033569336,99.4646224975586,169.16453552246094,92.00065612792969
2015-10-22 00:00:00,28.311967849731445,111.69000244140625,101.49053955078125,172.02232360839844,92.15638732910156
2015-10-23 00:00:00,28.476757049560547,111.5,104.33052825927734,173.90802001953125,91.37029266357422
2015-10-26 00:00:00,28.217803955078125,111.43000030517578,104.39527130126953,173.48056030273438,91.97840118408203
2015-10-27 00:00:00,27.89607048034668,111.68000030517578,104.60806274414062,173.14532470703125,92.20834350585938
2015-10-28 00:00:00,27.57434844970703,110.77999877929688,105.47760772705078,175.1147918701172,91.83753204345703
2015-10-29 00:00:00,27.315393447875977,109.72000122070312,105.31111145019531,175.01429748535156,90.37644958496094
2015-10-30 00:00:00,27.36248207092285,109.30000305175781,104.83928680419922,174.25991821289062,91.05878448486328
2015-11-02 00:00:00,27.903919219970703,108.58999633789062,106.02339172363281,176.3217010498047,90.64032745361328
2015-11-03 00:00:00,28.272724151611328,106.9800033569336,106.39344024658203,176.8328857421875,89.89705657958984
2015-11-04 00:00:00,28.045169830322266,105.97000122070312,106.4026870727539,176.2965087890625,90.00115203857422
2015-11-05 00:00:00,28.092254638671875,105.63999938964844,106.11592102050781,176.12045288085938,89.76322937011719
2015-11-06 00:00:00,27.699901580810547,104.0999984741211,106.18992614746094,176.02835083007812,88.44769287109375
2015-11-09 00:00:00,27.009363174438477,104.4000015258789,105.06132507324219,174.38568115234375,87.9497299194336
2015-11-10 00:00:00,26.891664505004883,104.18000030517578,104.79303741455078,174.78797912597656,88.20988464355469
2015-11-11 00:00:00,26.94658660888672,103.83000183105469,104.66358184814453,174.10076904296875,88.02407836914062
2015-11-12 00:00:00,26.687633514404297,103.8499984741211,103.6459732055664,171.67034912109375,88.44769287109375
2015-11-13 00:00:00,26.318830490112305,103.55999755859375,101.61078643798828,169.74278259277344,88.95307922363281
2015-11-16 00:00:00,26.828880310058594,103.70999908447266,103.07244110107422,172.32403564453125,88.87138366699219
2015-11-17 00:00:00,26.750410079956055,102.33999633789062,103.13714599609375,172.19830322265625,89.02000427246094
2015-11-18 00:00:00,27.04075050354004,102.43000030517578,105.11683654785156,174.93040466308594,89.20581817626953
2015-11-19 00:00:00,27.28400993347168,103.55999755859375,105.19084167480469,174.77960205078125,89.80043029785156
2015-11-20 00:00:00,27.558650970458984,103.08999633789062,105.90316772460938,175.41651916503906,89.52540588378906
2015-11-23 00:00:00,27.299705505371094,102.26000213623047,105.59789276123047,175.2154083251953,89.80043029785156
2015-11-24 00:00:00,27.440946578979492,102.94000244140625,105.50536346435547,175.45008850097656,89.79300689697266
2015-11-25 00:00:00,27.229080200195312,102.45999908447266,105.59789276123047,175.42489624023438,90.00115203857422
2015-11-27 00:00:00,26.63270378112793,101.25,105.74588775634766,175.6260223388672,89.91192626953125
2015-11-30 00:00:00,26.671939849853516,101.91999816894531,105.47760772705078,174.89691162109375,90.2686996459961
2015-12-01 00:00:00,26.875967025756836,102.27999877929688,106.53221130371094,176.56468200683594,91.48796844482422
2015-12-02 00:00:00,26.554237365722656,100.69000244140625,105.87537384033203,174.76278686523438,91.51776885986328
2015-12-03 00:00:00,26.405149459838867,101.76000213623047,104.08074188232422,172.31565856933594,89.030029296875
2015-12-04 00:00:00,26.58562660217285,104.0199966430664,106.51370239257812,175.6763458251953,89.81208801269531
2015-12-07 00:00:00,26.146190643310547,102.66999816894531,106.03264617919922,174.6119842529297,90.68359375
2015-12-08 00:00:00,25.855857849121094,102.83999633789062,106.04190063476562,173.43869018554688,90.7282485961914
2015-12-09 00:00:00,25.64398765563965,102.63999938964844,104.4322738647461,172.08937072753906,90.63145446777344
2015-12-10 00:00:00,25.471351623535156,102.55000305175781,104.90404510498047,172.53355407714844,90.75060272216797
2015-12-11 00:00:00,24.75726890563965,103.11000061035156,102.4896011352539,169.1896514892578,92.18067932128906
2015-12-14 00:00:00,25.157472610473633,101.79000091552734,103.26667022705078,170.0445098876953,90.98893737792969
2015-12-15 00:00:00,25.541975021362305,101.5199966430664,103.89573669433594,171.82958984375,90.4526596069336
2015-12-16 00:00:00,26.0441837310791,102.75,105.44059753417969,174.34378051757812,90.25904083251953
2015-12-17 00:00:00,25.70676040649414,100.5,103.90498352050781,171.6870880126953,91.2794418334961
2015-12-18 00:00:00,25.62044334411621,102.04000091552734,101.91188049316406,168.62850952148438,91.78592681884766
2015-12-21 00:00:00,25.820472717285156,103.1500015258789,103.04388427734375,170.01953125,91.76361846923828
2015-12-22 00:00:00,26.027677536010742,102.61000061035156,103.72123718261719,171.5623321533203,91.10063934326172
2015-12-23 00:00:00,26.394258499145508,102.30999755859375,104.49140167236328,173.68687438964844,90.41545104980469
2015-12-24 00:00:00,26.298629760742188,103.05000305175781,104.47282409667969,173.400146484375,90.93341064453125
2015-12-28 00:00:00,26.115337371826172,102.2699966430664,104.41719818115234,173.00396728515625,91.20209503173828
2015-12-29 00:00:00,26.13924217224121,102.19999694824219,106.05958557128906,174.85025024414062,89.68696594238281
2015-12-30 00:00:00,25.732810974121094,101.41999816894531,105.10383605957031,173.6109619140625,89.59735107421875
2015-12-31 00:00:00,25.653120040893555,101.45999908447266,103.79549407958984,171.87425231933594,90.00041198730469
2016-01-04 00:00:00,24.951818466186523,102.88999938964844,101.6056137084961,169.47152709960938,90.64982604980469
2016-01-05 00:00:00,25.007604598999023,103.18000030517578,101.42931365966797,169.7582244873047,90.28404235839844
2016-01-06 00:00:00,24.529455184936523,104.66999816894531,100.45500946044922,167.61685180664062,91.50067138671875
2016-01-07 00:00:00,23.772369384765625,106.1500015258789,97.30943298339844,163.59547424316406,91.66493225097656
2016-01-08 00:00:00,23.517353057861328,105.68000030517578,96.51143646240234,161.7997283935547,92.07543182373047
2016-01-11 00:00:00,23.509382247924805,104.73999786376953,96.80836486816406,161.9598846435547,91.06783294677734
2016-01-12 00:00:00,23.55719757080078,104.20999908447266,97.93115997314453,163.26666259765625,92.38142395019531
2016-01-13 00:00:00,23.310148239135742,104.72000122070312,94.55355834960938,159.19468688964844,93.29209899902344
2016-01-14 00:00:00,23.61298179626465,103.0199966430664,96.5671157836914,161.8081512451172,92.41873931884766
2016-01-15 00:00:00,22.680574417114258,104.08000183105469,93.5699691772461,158.334716796875,93.85932922363281
2016-01-19 00:00:00,23.015281677246094,103.9800033569336,93.77410888671875,158.54554748535156,93.56816101074219
2016-01-20 00:00:00,22.513227462768555,105.37000274658203,93.48645782470703,156.51377868652344,94.5534439086914
2016-01-21 00:00:00,22.60088539123535,105.48999786376953,93.5792465209961,157.39053344726562,93.91154479980469
2016-01-22 00:00:00,23.3739013671875,105.0,96.28871154785156,160.6194305419922,93.55330657958984
2016-01-25 00:00:00,22.97543716430664,106.08000183105469,94.8597640991211,158.19142150878906,94.06082153320312
2016-01-26 00:00:00,23.310148239135742,107.29000091552734,95.71343994140625,160.34963989257812,94.10560607910156
2016-01-27 00:00:00,23.23045539855957,107.69000244140625,93.32874298095703,158.60450744628906,94.08320617675781
2016-01-28 00:00:00,23.5970458984375,106.54000091552734,94.64634704589844,159.43075561523438,94.21758270263672
2016-01-29 00:00:00,24.36209487915039,106.94999694824219,96.6227798461914,163.31724548339844,95.0162124633789
2016-02-01 00:00:00,24.130990982055664,108.05000305175781,96.88260650634766,163.2582550048828,94.72528839111328
2016-02-02 00:00:00,23.349994659423828,108.08999633789062,94.78553771972656,160.31591796875,96.48271942138672
2016-02-03 00:00:00,24.011445999145508,109.25,94.33085632324219,161.2770233154297,95.6824722290039
2016-02-04 00:00:00,24.194740295410156,110.56999969482422,94.32157897949219,161.5299530029297,96.14619445800781
2016-02-05 00:00:00,23.915815353393555,112.31999969482422,91.04605102539062,158.45278930664062,96.25828552246094
2016-02-08 00:00:00,23.589073181152344,113.83000183105469,89.65422821044922,156.31983947753906,98.32978057861328
2016-02-09 00:00:00,23.262332916259766,113.58000183105469,89.3758316040039,156.3282470703125,98.43444061279297
2016-02-10 00:00:00,23.357967376708984,114.45999908447266,89.71917724609375,156.1934356689453,99.3018798828125
2016-02-11 00:00:00,22.967472076416016,119.05999755859375,89.58926391601562,154.16159057617188,99.99739074707031
2016-02-12 00:00:00,23.365936279296875,118.36000061035156,90.95329284667969,157.33995056152344,98.33722686767578
2016-02-16 00:00:00,23.88393783569336,114.7699966430664,93.00394439697266,159.99554443359375,97.29783630371094
2016-02-17 00:00:00,24.3541259765625,115.4800033569336,95.11029815673828,162.60902404785156,96.69950103759766
2016-02-18 00:00:00,24.210678100585938,118.29000091552734,94.02464294433594,161.94305419921875,97.88854217529297
2016-02-19 00:00:00,24.09910774230957,117.58000183105469,94.30301666259766,161.86715698242188,97.9708251953125
2016-02-22 00:00:00,24.696805953979492,115.48999786376953,95.83404541015625,164.21090698242188,97.91847229003906
2016-02-23 00:00:00,24.170835494995117,117.22000122070312,94.25659942626953,162.13697814941406,98.31482696533203
2016-02-24 00:00:00,24.11504554748535,117.61000061035156,95.15670776367188,162.8788604736328,98.1203842163086
2016-02-25 00:00:00,24.194740295410156,117.91999816894531,96.0938720703125,164.85159301757812,98.47183990478516
2016-02-26 00:00:00,23.955657958984375,117.11000061035156,95.97327423095703,164.4722442626953,97.5221176147461
2016-02-29 00:00:00,24.16286277770996,118.63999938964844,95.11029815673828,163.18231201171875,97.94844818115234
2016-03-01 00:00:00,25.02354621887207,117.7699966430664,98.16310119628906,167.01828002929688,96.22364807128906
2016-03-02 00:00:00,25.35825538635254,118.68000030517578,98.20021057128906,167.76856994628906,96.62073516845703
2016-03-03 00:00:00,25.645151138305664,120.7300033569336,98.0146484375,168.42613220214844,96.97288513183594
2016-03-04 00:00:00,26.155187606811523,120.54000091552734,98.0517807006836,168.9741668701172,96.35100555419922
2016-03-07 00:00:00,26.115337371826172,121.13999938964844,97.4486312866211,169.10899353027344,96.3210220336914
2016-03-08 00:00:00,25.669063568115234,120.58000183105469,96.6413345336914,167.2626953125,97.38493347167969
2016-03-09 00:00:00,25.828441619873047,119.58000183105469,97.26304626464844,168.08895874023438,96.79303741455078
2016-03-10 00:00:00,25.868288040161133,121.5,97.11457824707031,168.22381591796875,96.39598846435547
2016-03-11 00:00:00,26.41020393371582,119.41000366210938,98.81262969970703,170.93844604492188,95.4219970703125
2016-03-14 00:00:00,26.250818252563477,117.87000274658203,98.97965240478516,170.71934509277344,95.72166442871094
2016-03-15 00:00:00,25.876256942749023,117.95999908447266,98.94255065917969,170.4410400390625,95.81157684326172
2016-03-16 00:00:00,26.394258499145508,120.58999633789062,99.82405853271484,171.4274444580078,96.09626770019531
2016-03-17 00:00:00,26.97602081298828,120.12999725341797,99.76837158203125,172.51492309570312,96.4933853149414
2016-03-18 00:00:00,27.119457244873047,119.80000305175781,99.92475128173828,173.1929168701172,96.6956558227539
2016-03-21 00:00:00,27.17525291442871,118.95999908447266,100.31561279296875,173.43865966796875,95.9539566040039
2016-03-22 00:00:00,27.111495971679688,119.30999755859375,100.62273406982422,173.34544372558594,95.93146514892578
2016-03-23 00:00:00,26.649276733398438,116.61000061035156,99.79443359375,172.20143127441406,97.01781463623047
2016-03-24 00:00:00,26.585521697998047,116.33000183105469,99.82234191894531,172.12515258789062,97.0552978515625
2016-03-28 00:00:00,26.673185348510742,116.5999984741211,99.68275451660156,172.22686767578125,97.18263244628906
2016-03-29 00:00:00,27.039772033691406,118.76000213623047,101.28347778320312,173.81997680664062,98.20164489746094
2016-03-30 00:00:00,27.31869888305664,117.0999984741211,101.77674102783203,174.58267211914062,97.167724609375
2016-03-31 00:00:00,27.2947940826416,117.63999938964844,101.62783813476562,174.15896606445312,97.85696411132812
2016-04-01 00:00:00,27.21509552001953,116.93000030517578,102.70738983154297,175.34535217285156,98.11222839355469
2016-04-04 00:00:00,26.88836097717285,116.1500015258789,102.31648254394531,174.777587890625,98.17229461669922
2016-04-05 00:00:00,26.362384796142578,117.66000366210938,101.33004760742188,173.03192138671875,99.24592590332031
2016-04-06 00:00:00,26.6811580657959,116.94000244140625,102.99588775634766,174.92161560058594,98.52518463134766
2016-04-07 00:00:00,26.147216796875,118.61000061035156,101.51614379882812,172.8285369873047,99.74144744873047
2016-04-08 00:00:00,26.601465225219727,118.43000030517578,101.44168090820312,173.29457092285156,99.11080932617188
2016-04-11 00:00:00,26.944143295288086,120.02999877929688,101.0694351196289,172.88780212402344,98.98316192626953
2016-04-12 00:00:00,27.358552932739258,120.05000305175781,101.91632843017578,174.49789428710938,98.29991912841797
2016-04-13 00:00:00,27.844667434692383,118.7699966430664,103.21926879882812,176.2605438232422,98.64530181884766
2016-04-14 00:00:00,27.70919418334961,117.11000061035156,103.22856140136719,176.26904296875,98.17229461669922
2016-04-15 00:00:00,27.54981231689453,117.91999816894531,102.96798706054688,176.07411193847656,99.0131607055664
2016-04-18 00:00:00,27.677318572998047,117.73999786376953,103.51704406738281,177.3113250732422,98.58524322509766
2016-04-19 00:00:00,28.09969139099121,119.58000183105469,102.88423919677734,177.87060546875,98.27737426757812
2016-04-20 00:00:00,27.97217559814453,118.97000122070312,102.96798706054688,178.0400390625,97.19630432128906
2016-04-21 00:00:00,27.69325065612793,119.41999816894531,102.97728729248047,177.08250427246094,96.61817932128906
2016-04-22 00:00:00,27.525901794433594,117.88999938964844,101.42308044433594,177.08250427246094,96.37042236328125
2016-04-25 00:00:00,27.35057830810547,118.2300033569336,101.42308044433594,176.77740478515625,95.9725341796875
2016-04-26 00:00:00,27.645431518554688,118.69999694824219,100.92986297607422,177.0400848388672,95.53704071044922
2016-04-27 00:00:00,27.81279945373535,119.04000091552734,100.12015533447266,177.40451049804688,96.49053955078125
2016-04-28 00:00:00,27.525901794433594,121.29000091552734,98.91030883789062,175.7944793701172,96.8884506225586
2016-04-29 00:00:00,27.406356811523438,123.6500015258789,98.38912963867188,174.84532165527344,97.13624572753906
2016-05-02 00:00:00,27.334638595581055,123.23999786376953,99.31978607177734,176.2350616455078,96.15824890136719
2016-05-03 00:00:00,26.561614990234375,122.95999908447266,98.39846801757812,174.7012939453125,97.36942291259766
2016-05-04 00:00:00,26.13128089904785,122.20999908447266,97.76558685302734,173.7267303466797,97.90357208251953
2016-05-05 00:00:00,26.123306274414062,122.06999969482422,97.7376708984375,173.69288635253906,98.55809783935547
2016-05-06 00:00:00,26.163156509399414,123.18000030517578,98.25884246826172,174.3284454345703,98.13675689697266
2016-05-09 00:00:00,25.828441619873047,120.6500015258789,98.53804779052734,174.4724884033203,98.44519805908203
2016-05-10 00:00:00,26.32253646850586,120.9800033569336,99.88751983642578,176.64186096191406,98.45276641845703
2016-05-11 00:00:00,26.258787155151367,122.12000274658203,98.98477172851562,174.98939514160156,99.0094223022461
2016-05-12 00:00:00,26.187063217163086,121.16000366210938,98.54736328125,175.040283203125,98.55809783935547
2016-05-13 00:00:00,25.71687126159668,121.70999908447266,98.18440246582031,173.51490783691406,99.51344299316406
2016-05-16 00:00:00,26.027677536010742,121.80000305175781,99.412841796875,175.22669982910156,98.65583038330078
2016-05-17 00:00:00,25.90813446044922,122.22000122070312,98.1657943725586,173.59115600585938,98.82133483886719
2016-05-18 00:00:00,25.653120040893555,120.0999984741211,98.51942443847656,173.64207458496094,97.41458892822266
2016-05-19 00:00:00,25.414037704467773,119.87000274658203,98.00756072998047,173.04037475585938,97.83585357666016
2016-05-20 00:00:00,25.669063568115234,119.70999908447266,99.08710479736328,174.13356018066406,97.9111099243164
2016-05-23 00:00:00,25.621246337890625,119.37000274658203,98.95685577392578,173.89625549316406,98.12923431396484
2016-05-24 00:00:00,25.884227752685547,117.30000305175781,100.93914794921875,176.15037536621094,97.69290161132812
2016-05-25 00:00:00,26.195032119750977,116.9800033569336,101.6650390625,177.34519958496094,97.32428741455078
2016-05-26 00:00:00,26.370351791381836,116.58000183105469,101.96285247802734,177.39602661132812,97.82831573486328
2016-05-27 00:00:00,26.362384796142578,115.62000274658203,102.49334716796875,178.1587371826172,97.68541717529297
2016-05-31 00:00:00,26.394258499145508,116.05999755859375,102.68878936767578,177.8197784423828,97.91862487792969
2016-06-01 00:00:00,26.37832260131836,115.94000244140625,102.6980972290039,178.1841278076172,98.31585693359375
2016-06-02 00:00:00,26.59349250793457,115.66999816894531,102.91213989257812,178.7265167236328,99.02442169189453
2016-06-03 00:00:00,26.99993133544922,118.87999725341797,102.42818450927734,178.1925811767578,100.43409729003906
2016-06-06 00:00:00,27.286827087402344,118.91999816894531,102.80046081542969,179.09934997558594,99.68785858154297
2016-06-07 00:00:00,27.53386878967285,118.81999969482422,102.53987121582031,179.37901306152344,99.92912292480469
2016-06-08 00:00:00,27.73310089111328,120.58000183105469,102.71669006347656,179.9636993408203,100.46432495117188
2016-06-09 00:00:00,27.414325714111328,121.25,102.5491943359375,179.71791076660156,101.11261749267578
2016-06-10 00:00:00,26.721004486083984,121.73999786376953,101.38585662841797,178.01470947265625,101.60263061523438
2016-06-13 00:00:00,26.34644889831543,122.63999938964844,100.5389633178711,176.64186096191406,102.05496215820312
2016-06-14 00:00:00,26.258787155151367,122.7699966430664,100.5389633178711,176.29437255859375,101.9795913696289
2016-06-15 00:00:00,26.537704467773438,123.68000030517578,100.25045013427734,176.0486602783203,102.37154388427734
2016-06-16 00:00:00,26.44208335876465,122.37999725341797,100.54827117919922,176.57408142089844,102.86907196044922
2016-06-17 00:00:00,26.5137996673584,123.94999694824219,99.36971282958984,175.9164581298828,102.22831726074219
2016-06-20 00:00:00,26.983983993530273,123.20999908447266,99.99492645263672,177.04942321777344,101.13518524169922
2016-06-21 00:00:00,27.191190719604492,120.83999633789062,100.31219482421875,177.55197143554688,100.66783905029297
2016-06-22 00:00:00,27.260265350341797,120.9000015258789,100.06958770751953,177.26234436035156,100.83373260498047
2016-06-23 00:00:00,27.918874740600586,120.11000061035156,101.49726867675781,179.57080078125,99.68033599853516
2016-06-24 00:00:00,26.22414779663086,126.0,97.31681823730469,173.12249755859375,102.35643005371094
2016-06-27 00:00:00,25.886808395385742,126.68000030517578,95.3852310180664,170.02198791503906,104.91194152832031
2016-06-28 00:00:00,26.649843215942383,125.31999969482422,97.47544860839844,173.0884552001953,105.13063049316406
2016-06-29 00:00:00,27.32451629638672,125.83999633789062,99.20175170898438,176.03570556640625,104.32401275634766
2016-06-30 00:00:00,27.597604751586914,126.47000122070312,100.34952545166016,178.43783569335938,104.70844268798828
2016-07-01 00:00:00,27.862655639648438,128.41000366210938,100.8533935546875,178.8126220703125,106.16221618652344
2016-07-05 00:00:00,27.26829719543457,129.47000122070312,100.23751831054688,177.52639770507812,107.49148559570312
2016-07-06 00:00:00,27.19600486755371,130.22999572753906,101.05870819091797,178.5911407470703,107.6651382446289
2016-07-07 00:00:00,27.123722076416016,129.74000549316406,101.35729217529297,178.48045349121094,107.6576156616211
2016-07-08 00:00:00,27.710044860839844,130.52000427246094,102.92498016357422,181.1380157470703,108.45062255859375
2016-07-11 00:00:00,27.9751033782959,129.2899932861328,103.51284790039062,181.77699279785156,107.49898529052734
2016-07-12 00:00:00,28.36866569519043,127.1500015258789,104.03538513183594,183.0972900390625,105.73181915283203
2016-07-13 00:00:00,28.32046890258789,128.32000732421875,103.78347778320312,183.07167053222656,106.97792053222656
2016-07-14 00:00:00,28.7301025390625,127.33000183105469,104.49263763427734,184.09390258789062,105.42210388183594
2016-07-15 00:00:00,28.665847778320312,126.83999633789062,104.3246841430664,183.8468475341797,104.51589965820312
2016-07-18 00:00:00,28.922866821289062,127.04000091552734,105.01519775390625,184.34085083007812,104.41767883300781
2016-07-19 00:00:00,28.625690460205078,127.20999908447266,104.63261413574219,184.15347290039062,105.00679016113281
2016-07-20 00:00:00,28.7702579498291,125.38999938964844,105.85498809814453,184.92018127441406,104.43281555175781
2016-07-21 00:00:00,28.681913375854492,127.30000305175781,105.61237335205078,184.22164916992188,104.64422607421875
2016-07-22 00:00:00,28.890737533569336,126.3499984741211,106.05097198486328,185.04791259765625,104.82552337646484
2016-07-25 00:00:00,28.60159683227539,125.47000122070312,106.06027221679688,184.5453338623047,104.74998474121094
2016-07-26 00:00:00,28.82648277282715,126.0,106.18160247802734,184.63052368164062,104.91608428955078
2016-07-27 00:00:00,28.922866821289062,128.02999877929688,106.91878509521484,184.43460083007812,106.22264862060547
2016-07-28 00:00:00,28.93090057373047,127.66000366210938,107.29205322265625,184.64752197265625,106.02629852294922
2016-07-29 00:00:00,29.08350372314453,128.97999572753906,107.52532196044922,184.9456787109375,106.9099349975586
2016-08-01 00:00:00,29.027278900146484,129.22000122070312,108.09455108642578,184.7923583984375,105.75077056884766
2016-08-02 00:00:00,28.81844711303711,130.27000427246094,107.27337646484375,183.60836791992188,104.66127014160156
2016-08-03 00:00:00,28.914831161499023,129.64999389648438,107.62796783447266,184.14492797851562,104.7218246459961
2016-08-04 00:00:00,29.07547378540039,129.8699951171875,107.9358901977539,184.34085083007812,105.50875091552734
2016-08-05 00:00:00,29.412803649902344,127.55000305175781,108.9717025756836,185.8485870361328,104.41158294677734
2016-08-08 00:00:00,29.621646881103516,127.44000244140625,108.85037994384766,185.73785400390625,104.60833740234375
2016-08-09 00:00:00,29.82244110107422,127.95999908447266,109.10232543945312,185.8485870361328,105.63729095458984
2016-08-10 00:00:00,29.83046531677246,128.55999755859375,108.8223876953125,185.38868713378906,106.04583740234375
2016-08-11 00:00:00,30.216005325317383,127.66999816894531,109.28894805908203,186.24896240234375,105.1001205444336
2016-08-12 00:00:00,30.103551864624023,127.4000015258789,109.36361694335938,186.087158203125,105.98540496826172
2016-08-15 00:00:00,30.416791915893555,127.83999633789062,109.83019256591797,186.6237335205078,104.98661804199219
2016-08-16 00:00:00,30.280261993408203,128.47000122070312,109.22364807128906,185.6612548828125,104.70668029785156
2016-08-17 00:00:00,30.08749771118164,128.5,109.41960906982422,186.0104522705078,105.3346939086914
2016-08-18 00:00:00,30.368610382080078,129.11000061035156,109.44757843017578,186.42784118652344,105.50110626220703
2016-08-19 00:00:00,30.19993782043457,127.97000122070312,109.41960906982422,186.15525817871094,104.94880676269531
2016-08-22 00:00:00,29.798341751098633,127.77999877929688,109.50360107421875,186.14674377441406,105.83406066894531
2016-08-23 00:00:00,29.677873611450195,127.76000213623047,109.69952392578125,186.521484375,105.94754791259766
2016-08-24 00:00:00,29.758190155029297,126.33999633789062,108.99034118652344,185.56753540039062,105.69779205322266
2016-08-25 00:00:00,29.782283782958984,126.2300033569336,108.81305694580078,185.43978881835938,105.29684448242188
2016-08-26 00:00:00,29.52525520324707,126.05000305175781,108.9717025756836,185.09048461914062,104.68399810791016
2016-08-29 00:00:00,29.750152587890625,126.30000305175781,109.12100219726562,186.0019073486328,106.08374786376953
2016-08-30 00:00:00,29.669836044311523,125.02999877929688,108.76640319824219,185.6953125,105.67511749267578
2016-08-31 00:00:00,29.34052848815918,124.77999877929688,108.6544418334961,185.16714477539062,105.82647705078125
2016-09-01 00:00:00,29.565410614013672,125.29000091552734,108.93437194824219,185.1757049560547,105.94318389892578
2016-09-02 00:00:00,30.047330856323242,126.56999969482422,109.28894805908203,186.0104522705078,105.0791015625
2016-09-06 00:00:00,30.689891815185547,128.7100067138672,109.97015380859375,186.57261657714844,105.8446273803711
2016-09-07 00:00:00,30.593509674072266,128.27000427246094,110.03546905517578,186.5556182861328,105.7689208984375
2016-09-08 00:00:00,30.513181686401367,127.58999633789062,109.39161682128906,186.12974548339844,104.4423828125
2016-09-09 00:00:00,29.48509979248047,126.75,106.63886260986328,181.6747283935547,102.72178649902344
2016-09-12 00:00:00,29.685897827148438,126.58999633789062,108.55179595947266,184.28123474121094,102.77481842041016
2016-09-13 00:00:00,28.93893051147461,125.75,107.58131408691406,181.63209533691406,101.6075439453125
2016-09-14 00:00:00,29.027278900146484,126.18000030517578,108.09455108642578,181.56396484375,101.75916290283203
2016-09-15 00:00:00,29.52525520324707,125.37000274658203,109.77420043945312,183.37831115722656,101.31951904296875
2016-09-16 00:00:00,29.32445526123047,125.05999755859375,109.72178649902344,182.66949462890625,102.13813781738281
2016-09-19 00:00:00,29.55738639831543,125.31999969482422,109.24472045898438,182.7037353515625,101.80460357666016
2016-09-20 00:00:00,29.573453903198242,125.44000244140625,109.45051574707031,182.71231079101562,102.1608657836914
2016-09-21 00:00:00,30.40073585510254,127.2699966430664,110.52632141113281,184.76695251464844,102.98707580566406
2016-09-22 00:00:00,30.617597579956055,127.56999969482422,111.40567016601562,185.93124389648438,103.80570220947266
2016-09-23 00:00:00,30.224037170410156,127.6500015258789,110.69468688964844,184.91249084472656,103.70716094970703
2016-09-26 00:00:00,29.782283782958984,127.55000305175781,109.76856231689453,183.414306640625,104.36660766601562
2016-09-27 00:00:00,30.207971572875977,126.62000274658203,110.8537368774414,184.5529327392578,105.1321029663086
2016-09-28 00:00:00,30.48105812072754,126.22000122070312,111.04084014892578,185.46897888183594,104.90474700927734
2016-09-29 00:00:00,29.95095443725586,126.06999969482422,110.2363052368164,183.791015625,105.17007446289062
2016-09-30 00:00:00,30.07946014404297,125.63999938964844,111.05953216552734,185.1779327392578,104.23014068603516
2016-10-03 00:00:00,30.288293838500977,125.31999969482422,110.9004898071289,184.73269653320312,103.88617706298828
2016-10-04 00:00:00,29.95095443725586,120.97000122070312,110.73211669921875,183.791015625,102.67120361328125
2016-10-05 00:00:00,30.384668350219727,120.77999877929688,111.12503051757812,184.60427856445312,102.19282531738281
2016-10-06 00:00:00,30.408763885498047,119.66000366210938,111.06890106201172,184.73269653320312,101.62332916259766
2016-10-07 00:00:00,30.272228240966797,119.73999786376953,110.82568359375,184.0991668701172,101.69164276123047
2016-10-10 00:00:00,30.601533889770508,120.16000366210938,111.52727508544922,185.05807495117188,101.09178924560547
2016-10-11 00:00:00,29.89472198486328,119.55000305175781,109.93696594238281,182.7208251953125,100.86396026611328
2016-10-12 00:00:00,29.838504791259766,119.73999786376953,109.8434066772461,182.96058654785156,100.96268463134766
2016-10-13 00:00:00,29.573453903198242,120.02999877929688,109.45051574707031,182.3612518310547,101.34237670898438
2016-10-14 00:00:00,29.621646881103516,119.36000061035156,109.58148956298828,182.4553985595703,99.92237091064453
2016-10-17 00:00:00,29.589515686035156,119.68000030517578,109.2821273803711,181.82192993164062,100.56022644042969
2016-10-18 00:00:00,30.11159324645996,120.41999816894531,110.2550048828125,182.96058654785156,100.88679504394531
2016-10-19 00:00:00,30.296316146850586,121.11000061035156,110.24568176269531,183.4485626220703,100.9703369140625
2016-10-20 00:00:00,30.207971572875977,120.73999786376953,110.11469268798828,183.10604858398438,101.07658386230469
2016-10-21 00:00:00,30.19993782043457,120.83000183105469,110.52632141113281,183.19174194335938,101.22846984863281
2016-10-24 00:00:00,30.328447341918945,120.55999755859375,111.85466766357422,183.9707489013672,100.78804779052734
2016-10-25 00:00:00,30.360576629638672,121.47000122070312,111.49920654296875,183.35435485839844,101.05378723144531
2016-10-26 00:00:00,30.03929901123047,120.79000091552734,110.74147033691406,182.98622131347656,100.37039184570312
2016-10-27 00:00:00,29.782283782958984,121.01000213623047,110.2363052368164,182.49827575683594,99.27696228027344
2016-10-28 00:00:00,29.661800384521484,121.58000183105469,109.54405975341797,181.9589080810547,99.05670166015625
2016-10-31 00:00:00,29.83046531677246,121.94000244140625,109.44114685058594,181.96746826171875,99.66419982910156
2016-11-01 00:00:00,29.589515686035156,122.7300033569336,108.61792755126953,180.64903259277344,99.67180633544922
2016-11-02 00:00:00,29.236112594604492,123.63999938964844,107.74795532226562,179.56179809570312,100.10548400878906
2016-11-03 00:00:00,29.155794143676758,124.30000305175781,106.69083404541016,178.7399139404297,99.33708190917969
2016-11-04 00:00:00,28.858612060546875,124.38999938964844,106.31666564941406,178.5430145263672,100.2271957397461
2016-11-07 00:00:00,29.902759552001953,122.1500015258789,108.84244537353516,182.4811248779297,99.3751220703125
2016-11-08 00:00:00,30.095523834228516,121.63999938964844,109.55341339111328,183.30296325683594,98.97190856933594
2016-11-09 00:00:00,29.115631103515625,121.55999755859375,110.0585708618164,185.24639892578125,94.7723388671875
2016-11-10 00:00:00,28.288347244262695,119.75,108.28118133544922,185.7086639404297,93.3724594116211
2016-11-11 00:00:00,27.750207901000977,117.0999984741211,108.32794952392578,185.28062438964844,92.84745025634766
2016-11-14 00:00:00,27.549415588378906,116.11000061035156,107.23343658447266,185.42613220214844,92.2921371459961
2016-11-15 00:00:00,28.10361671447754,117.12000274658203,108.72084045410156,186.8730010986328,92.74858856201172
2016-11-16 00:00:00,27.870689392089844,116.7699966430664,109.3663330078125,186.5220184326172,93.58545684814453
2016-11-17 00:00:00,27.910842895507812,116.16999816894531,110.16148376464844,187.48089599609375,92.20838928222656
2016-11-18 00:00:00,27.78234100341797,115.1500015258789,109.74984741210938,187.06137084960938,91.94217681884766
2016-11-21 00:00:00,28.055419921875,115.58000183105469,110.89114379882812,188.47389221191406,92.17040252685547
2016-11-22 00:00:00,28.481107711791992,115.54000091552734,111.22791290283203,188.84205627441406,92.13993072509766
2016-11-23 00:00:00,28.17589569091797,113.25,110.77890014648438,188.9448699951172,91.78236389160156
2016-11-25 00:00:00,28.31244468688965,112.61000061035156,111.13438415527344,189.64682006835938,91.9193115234375
2016-11-28 00:00:00,28.424890518188477,113.80000305175781,110.88179779052734,188.7564697265625,92.596435546875
2016-11-29 00:00:00,28.46504783630371,113.2699966430664,111.26533508300781,189.12460327148438,92.98442077636719
2016-11-30 00:00:00,28.513242721557617,111.75,109.91825866699219,188.67091369628906,91.47805786132812
2016-12-01 00:00:00,28.17589569091797,111.54000091552734,108.01924896240234,187.9774169921875,90.51216125488281
2016-12-02 00:00:00,28.208026885986328,112.13999938964844,108.23440551757812,188.07150268554688,91.17545318603516
2016-12-05 00:00:00,28.440950393676758,111.54000091552734,109.07630920410156,189.20162963867188,91.07632446289062
2016-12-06 00:00:00,28.59356117248535,111.43000030517578,109.33826446533203,189.8009490966797,91.00769805908203
2016-12-07 00:00:00,29.07547378540039,111.83000183105469,110.72274780273438,192.28370666503906,91.78529357910156
2016-12-08 00:00:00,29.203990936279297,111.56999969482422,110.9192123413086,192.75450134277344,90.70279693603516
2016-12-09 00:00:00,29.051376342773438,110.4000015258789,111.78919982910156,193.9188232421875,89.57452392578125
2016-12-12 00:00:00,28.858612060546875,110.81999969482422,111.28404235839844,193.6963348388672,89.74222564697266
2016-12-13 00:00:00,29.17989730834961,110.44999694824219,112.68729400634766,194.98902893066406,90.06236267089844
2016-12-14 00:00:00,28.31244468688965,108.83000183105469,112.45337677001953,193.37948608398438,89.05609893798828
2016-12-15 00:00:00,28.360637664794922,107.33999633789062,112.63114929199219,194.17568969726562,89.50592041015625
2016-12-16 00:00:00,28.232126235961914,108.05000305175781,112.21359252929688,193.7959442138672,89.30005645751953
2016-12-19 00:00:00,28.039358139038086,108.58999633789062,112.6733627319336,194.21786499023438,90.26060485839844
2016-12-20 00:00:00,28.1357421875,107.79000091552734,113.10494232177734,194.9670867919922,89.81083679199219
2016-12-21 00:00:00,28.018756866455078,107.8499984741211,113.0205078125,194.4245147705078,90.20723724365234
2016-12-22 00:00:00,27.685688018798828,107.58999633789062,112.70149993896484,194.0886993408203,90.04598236083984
2016-12-23 00:00:00,27.84815788269043,107.93000030517578,112.77655029296875,194.37289428710938,90.22940063476562
2016-12-27 00:00:00,27.97001838684082,108.55999755859375,113.3582763671875,194.8551025390625,89.93893432617188
2016-12-28 00:00:00,28.18123435974121,108.86000061035156,112.476318359375,193.24472045898438,90.5962905883789
2016-12-29 00:00:00,28.6442813873291,110.29000091552734,112.31680297851562,193.2017364501953,90.9173355102539
2016-12-30 00:00:00,28.44118881225586,109.61000061035156,111.16279602050781,192.49557495117188,91.05484771728516
2017-01-03 00:00:00,28.782392501831055,110.47000122070312,112.1573257446289,193.96812438964844,91.4447250366211
2017-01-04 00:00:00,29.001739501953125,110.86000061035156,112.76718139648438,195.12208557128906,91.79627227783203
2017-01-05 00:00:00,29.318557739257812,112.58000183105469,113.40521240234375,194.9670867919922,93.23319244384766
2017-01-06 00:00:00,29.196701049804688,111.75,114.39973449707031,195.66464233398438,92.3771743774414
2017-01-09 00:00:00,29.172334671020508,112.66999816894531,114.7750244140625,195.01870727539062,93.11859130859375
2017-01-10 00:00:00,29.342926025390625,113.1500015258789,115.02833557128906,195.01870727539062,93.05743408203125
2017-01-11 00:00:00,29.692251205444336,113.5,115.33797454833984,195.5699005126953,93.37080383300781
2017-01-12 00:00:00,29.82223129272461,113.91000366210938,115.1596908569336,195.07908630371094,93.16443634033203
2017-01-13 00:00:00,29.797855377197266,114.20999908447266,115.55374908447266,195.52691650390625,92.72113800048828
2017-01-17 00:00:00,29.781614303588867,115.8499984741211,115.20657348632812,194.83790588378906,93.69181823730469
2017-01-18 00:00:00,29.619138717651367,114.87000274658203,115.44116973876953,195.2685089111328,92.49181365966797
2017-01-19 00:00:00,29.5297794342041,114.7699966430664,115.38488006591797,194.54515075683594,91.85740661621094
2017-01-20 00:00:00,29.586641311645508,115.05000305175781,115.63819885253906,195.2599334716797,91.67398071289062
2017-01-23 00:00:00,30.02532196044922,115.79000091552734,115.73200225830078,194.75181579589844,92.59117126464844
2017-01-24 00:00:00,30.21216583251953,115.2699966430664,116.51074981689453,196.00050354003906,91.95679473876953
2017-01-25 00:00:00,30.54524040222168,114.31999969482422,117.6835708618164,197.697021484375,90.80265808105469
2017-01-26 00:00:00,30.415258407592773,113.26000213623047,117.8055419921875,197.49032592773438,91.10838317871094
2017-01-27 00:00:00,30.439634323120117,113.48999786376953,118.03071594238281,197.1802978515625,91.43704986572266
2017-01-30 00:00:00,30.277158737182617,113.97000122070312,117.11121368408203,195.95741271972656,91.16189575195312
2017-01-31 00:00:00,30.334022521972656,115.55000305175781,116.87669372558594,195.94020080566406,91.79627227783203
2017-02-01 00:00:00,30.350269317626953,115.19999694824219,117.6835708618164,196.01768493652344,91.22868347167969
2017-02-02 00:00:00,30.480243682861328,115.83999633789062,117.58036804199219,196.1468963623047,91.1904067993164
2017-02-03 00:00:00,30.66709327697754,116.12999725341797,117.91809844970703,197.49891662597656,91.15209197998047
2017-02-06 00:00:00,30.593978881835938,117.69999694824219,118.0588607788086,197.14585876464844,91.70366668701172
2017-02-07 00:00:00,30.439634323120117,117.45999908447266,118.49042510986328,197.15444946289062,92.37769317626953
2017-02-08 00:00:00,30.626483917236328,118.19000244140625,118.6874771118164,197.41278076171875,93.63390350341797
2017-02-09 00:00:00,30.764575958251953,117.29000091552734,119.11907196044922,198.58399963378906,92.55384826660156
2017-02-10 00:00:00,31.048917770385742,117.5999984741211,119.51309967041016,199.36758422851562,92.50021362304688
2017-02-13 00:00:00,31.146394729614258,116.80000305175781,120.18870544433594,200.4527130126953,92.20918273925781
2017-02-14 00:00:00,31.17888832092285,116.93000030517578,120.59211730957031,201.2536163330078,91.54276275634766
2017-02-15 00:00:00,31.430728912353516,117.44999694824219,121.30516052246094,202.30419921875,91.12145233154297
2017-02-16 00:00:00,31.31699562072754,118.08000183105469,121.26765441894531,202.1319580078125,91.61935424804688
2017-02-17 00:00:00,31.187023162841797,117.68000030517578,121.79304504394531,202.4506072998047,92.1632080078125
2017-02-21 00:00:00,31.528215408325195,117.75,122.39350128173828,203.65618896484375,92.00232696533203
2017-02-22 00:00:00,31.62569808959961,117.91000366210938,122.4404296875,203.47540283203125,92.15553283691406
2017-02-23 00:00:00,31.633819580078125,118.94000244140625,121.98072052001953,203.61314392089844,92.43130493164062
2017-02-24 00:00:00,31.2601261138916,119.69999694824219,122.21527862548828,203.87149047851562,93.45771789550781
2017-02-27 00:00:00,31.162641525268555,119.12000274658203,122.36538696289062,204.1901397705078,92.9062271118164
2017-02-28 00:00:00,30.86206817626953,119.2300033569336,121.9900894165039,203.63897705078125,93.25086975097656
2017-03-01 00:00:00,31.34136390686035,119.05999755859375,123.32243347167969,206.48944091796875,91.68834686279297
2017-03-02 00:00:00,30.788951873779297,117.58000183105469,122.70314025878906,205.18910217285156,91.35834503173828
2017-03-03 00:00:00,31.024545669555664,117.51000213623047,122.92830657958984,205.31826782226562,91.59628295898438
2017-03-06 00:00:00,31.040796279907227,116.72000122070312,122.65625,204.70684814453125,91.15878295898438
2017-03-07 00:00:00,31.07328224182129,115.77999877929688,122.4498062133789,204.09539794921875,90.88251495361328
2017-03-08 00:00:00,30.78083038330078,115.05999755859375,122.66561889648438,203.7165069580078,90.39137268066406
2017-03-09 00:00:00,30.53711700439453,114.47000122070312,122.75941467285156,203.974853515625,89.66988372802734
2017-03-10 00:00:00,30.878313064575195,114.72000122070312,123.27545928955078,204.68960571289062,89.984619140625
2017-03-13 00:00:00,31.308874130249023,114.73999786376953,123.48188781738281,204.7929229736328,89.41667175292969
2017-03-14 00:00:00,31.130149841308594,114.12000274658203,123.18168640136719,204.00929260253906,89.8464584350586
2017-03-15 00:00:00,31.94251823425293,116.25,123.94161987304688,205.77471923828125,90.9438705444336
2017-03-16 00:00:00,32.13748550415039,116.7300033569336,123.8572006225586,205.36988830566406,90.4834213256836
2017-03-17 00:00:00,32.08062744140625,116.98999786376953,123.81391906738281,205.00929260253906,91.05136108398438
2017-03-20 00:00:00,32.45431900024414,117.51000213623047,123.9267349243164,204.78439331054688,91.44275665283203
2017-03-21 00:00:00,32.09687423706055,118.54000091552734,122.04637908935547,202.15504455566406,92.20254516601562
2017-03-22 00:00:00,32.251224517822266,118.83000183105469,122.8737564086914,202.63075256347656,92.57093048095703
2017-03-23 00:00:00,32.25935745239258,118.66999816894531,122.56352233886719,202.41453552246094,92.44046783447266
2017-03-24 00:00:00,32.3405876159668,118.86000061035156,122.8173599243164,202.26756286621094,92.77043151855469
2017-03-27 00:00:00,32.251224517822266,119.52999877929688,123.01476287841797,202.0598907470703,93.19255065917969
2017-03-28 00:00:00,32.3405876159668,119.04000091552734,123.76689910888672,203.5302734375,92.57093048095703
2017-03-29 00:00:00,32.39745330810547,119.33000183105469,124.34044647216797,203.72055053710938,93.12345886230469
2017-03-30 00:00:00,32.22685241699219,118.47000122070312,124.54727935791016,204.36923217773438,92.3713607788086
2017-03-31 00:00:00,31.9993896484375,118.72000122070312,124.46268463134766,203.89352416992188,92.63997650146484
2017-04-03 00:00:00,32.17811584472656,119.3499984741211,124.387451171875,203.53892517089844,93.57439422607422
2017-04-04 00:00:00,32.19436264038086,119.62000274658203,124.58486938476562,203.66864013671875,93.06686401367188
2017-04-05 00:00:00,32.09687423706055,119.62000274658203,124.07721710205078,203.0633087158203,93.35140228271484
2017-04-06 00:00:00,32.040008544921875,119.18000030517578,124.14299011230469,203.63401794433594,93.21295928955078
2017-04-07 00:00:00,31.98314666748047,119.45999908447266,124.07721710205078,203.4264678955078,92.83612823486328
2017-04-10 00:00:00,31.853153228759766,119.45999908447266,124.12419891357422,203.54757690429688,93.26679229736328
2017-04-11 00:00:00,31.780054092407227,121.19000244140625,123.58832550048828,203.30538940429688,94.15122985839844
2017-04-12 00:00:00,31.934396743774414,122.0199966430664,123.08999633789062,202.41453552246094,94.66655731201172
2017-04-13 00:00:00,31.79629898071289,122.5999984741211,122.60106658935547,201.09988403320312,94.95875549316406
2017-04-17 00:00:00,32.129371643066406,122.23999786376953,123.61652374267578,202.881591796875,94.66655731201172
2017-04-18 00:00:00,31.723180770874023,122.81999969482422,123.428466796875,202.2761688232422,95.90476989746094
2017-04-19 00:00:00,31.528215408325195,121.7300033569336,123.62590026855469,201.90423583984375,95.38179779052734
2017-04-20 00:00:00,31.918149948120117,121.95999908447266,124.66011810302734,203.54757690429688,95.01260375976562
2017-04-21 00:00:00,31.918149948120117,122.30999755859375,124.63191986083984,202.89892578125,95.01260375976562
2017-04-24 00:00:00,32.373085021972656,121.4800033569336,126.13624572753906,205.13034057617188,94.5434799194336
2017-04-25 00:00:00,32.657413482666016,120.25,127.0481948852539,206.32395935058594,93.40522766113281
2017-04-26 00:00:00,32.535552978515625,120.83999633789062,126.86955261230469,206.1941680908203,93.9205322265625
2017-04-27 00:00:00,32.49493408203125,120.38999938964844,127.63111877441406,206.36724853515625,93.8897705078125
2017-04-28 00:00:00,32.54367446899414,120.7699966430664,127.85672760009766,205.9174041748047,94.09742736816406
2017-05-01 00:00:00,32.730533599853516,119.66999816894531,128.99440002441406,206.43641662597656,93.31515502929688
2017-05-02 00:00:00,32.96611022949219,119.6500015258789,129.21060180664062,206.51422119140625,93.79296875
2017-05-03 00:00:00,32.746768951416016,117.9800033569336,128.7969512939453,206.26333618164062,93.8546142578125
2017-05-04 00:00:00,32.381202697753906,116.79000091552734,128.84396362304688,206.5055694580078,93.39225769042969
2017-05-05 00:00:00,32.649288177490234,117.01000213623047,129.31407165527344,207.3185577392578,93.47699737548828
2017-05-08 00:00:00,32.64116668701172,116.75,129.5961456298828,207.2839813232422,92.96834564208984
2017-05-09 00:00:00,33.055477142333984,116.05000305175781,130.04742431640625,207.09371948242188,92.96064758300781
2017-05-10 00:00:00,33.274818420410156,116.04000091552734,130.12261962890625,207.4656219482422,92.85274505615234
2017-05-11 00:00:00,33.34792709350586,116.5,130.0192108154297,207.0417938232422,92.85274505615234
2017-05-12 00:00:00,33.48603057861328,116.83000183105469,130.31065368652344,206.69583129882812,93.55409240722656
2017-05-15 00:00:00,33.827232360839844,117.13999938964844,130.72433471679688,207.83755493164062,93.29975128173828
2017-05-16 00:00:00,33.8597297668457,117.6500015258789,131.2696533203125,207.64723205566406,93.6465835571289
2017-05-17 00:00:00,33.28293228149414,119.79000091552734,127.93199157714844,203.9627227783203,95.01066589355469
2017-05-18 00:00:00,32.730533599853516,118.80999755859375,129.05079650878906,204.78439331054688,95.11859893798828
2017-05-19 00:00:00,33.42916488647461,119.4000015258789,129.5961456298828,206.11634826660156,95.34203338623047
2017-05-22 00:00:00,33.461669921875,119.9000015258789,130.6867218017578,207.1628875732422,95.08000946044922
2017-05-23 00:00:00,33.49415969848633,119.13999938964844,130.8184356689453,207.62127685546875,94.44037628173828
2017-05-24 00:00:00,33.6241340637207,119.61000061035156,131.4200897216797,208.10569763183594,94.97212982177734
2017-05-25 00:00:00,33.78660583496094,119.4800033569336,132.53890991210938,209.1002960205078,95.00296783447266
2017-05-26 00:00:00,33.90847396850586,120.54000091552734,132.77395629882812,209.05706787109375,95.16483306884766
2017-05-30 00:00:00,33.729736328125,120.13999938964844,132.88677978515625,208.87542724609375,95.63493347167969
2017-05-31 00:00:00,33.469783782958984,120.62000274658203,132.8397674560547,208.82354736328125,95.87384796142578
2017-06-01 00:00:00,33.754112243652344,120.72000122070312,133.3568572998047,210.484130859375,95.88391876220703
2017-06-02 00:00:00,33.924713134765625,121.61000061035156,134.87998962402344,211.18470764160156,97.01921844482422
2017-06-05 00:00:00,33.88410186767578,121.7300033569336,134.85177612304688,211.02903747558594,96.41680145263672
2017-06-06 00:00:00,33.90034866333008,123.0999984741211,134.31593322753906,210.3543701171875,96.94198608398438
2017-06-07 00:00:00,33.8597297668457,122.44999694824219,134.84239196777344,210.7435760498047,96.47859191894531
2017-06-08 00:00:00,34.06281661987305,121.6500015258789,134.9834442138672,210.8473663330078,96.22371673583984
2017-06-09 00:00:00,33.80286407470703,120.54000091552734,131.60812377929688,210.5273895263672,96.07698059082031
2017-06-12 00:00:00,33.6241340637207,120.36000061035156,130.9029998779297,210.484130859375,96.04608917236328
2017-06-13 00:00:00,33.78660583496094,120.4800033569336,131.96539306640625,211.5133514404297,96.0615234375
2017-06-14 00:00:00,33.77848815917969,119.81999969482422,131.3918914794922,211.24525451660156,97.54434204101562
2017-06-15 00:00:00,33.42916488647461,119.31999969482422,130.80897521972656,210.8387908935547,97.38996124267578
2017-06-16 00:00:00,33.48603057861328,119.33999633789062,130.24143981933594,210.88482666015625,97.5830078125
2017-06-19 00:00:00,33.81910705566406,118.43000030517578,132.41917419433594,212.64044189453125,97.4439697265625
2017-06-20 00:00:00,33.445316314697266,118.18000030517578,131.38218688964844,211.2063751220703,98.31675720214844
2017-06-21 00:00:00,33.518768310546875,118.5199966430664,132.6831512451172,211.15423583984375,98.51752471923828
2017-06-22 00:00:00,33.690155029296875,118.91999816894531,132.64549255371094,211.05859375,98.7337875366211
2017-06-23 00:00:00,33.869712829589844,119.43000030517578,133.15455627441406,211.3107147216797,98.68743896484375
2017-06-26 00:00:00,34.1961669921875,118.36000061035156,132.5323486328125,211.44973754882812,99.05813598632812
2017-06-27 00:00:00,33.79625701904297,118.80999755859375,130.1282501220703,209.7462615966797,98.00004577636719
2017-06-28 00:00:00,34.057411193847656,118.9000015258789,132.00442504882812,211.62353515625,97.67566680908203
2017-06-29 00:00:00,33.6248664855957,118.31999969482422,129.7135009765625,209.763671875,96.85701751708984
2017-06-30 00:00:00,33.779937744140625,118.0199966430664,129.76063537597656,210.15475463867188,96.6330337524414
2017-07-03 00:00:00,33.975799560546875,116.08999633789062,128.39361572265625,210.5111083984375,96.32193756103516
2017-07-05 00:00:00,33.91050720214844,116.5199966430664,129.6569366455078,210.997802734375,96.34513854980469
2017-07-06 00:00:00,33.502437591552734,116.47000122070312,128.48788452148438,209.06829833984375,95.54801177978516
2017-07-07 00:00:00,33.5677375793457,115.27999877929688,129.8737335205078,210.42416381835938,94.97532653808594
2017-07-10 00:00:00,33.88603591918945,115.47000122070312,130.7222137451172,210.650146484375,95.11460876464844
2017-07-11 00:00:00,34.16352462768555,115.62000274658203,131.08993530273438,210.49366760253906,95.27713012695312
2017-07-12 00:00:00,34.8245849609375,116.02999877929688,132.64549255371094,212.0754852294922,95.93498992919922
2017-07-13 00:00:00,34.995975494384766,115.81999969482422,132.9376678466797,212.4318389892578,95.33133697509766
2017-07-14 00:00:00,35.43669509887695,116.7699966430664,133.98416137695312,213.42266845703125,95.4474105834961
2017-07-17 00:00:00,35.27346420288086,117.29000091552734,134.05014038085938,213.39659118652344,95.71055603027344
2017-07-18 00:00:00,35.37955093383789,118.11000061035156,134.94577026367188,213.5095672607422,96.54633331298828
2017-07-19 00:00:00,35.673370361328125,118.08000183105469,135.7377166748047,214.66551208496094,96.58502960205078
2017-07-20 00:00:00,35.632564544677734,118.23999786376953,135.91680908203125,214.76113891601562,96.86366271972656
2017-07-21 00:00:00,35.60808181762695,119.26000213623047,135.8603057861328,214.56991577148438,97.27386474609375
2017-07-24 00:00:00,35.71417999267578,119.30999755859375,136.4824676513672,214.5177764892578,96.89462280273438
2017-07-25 00:00:00,35.6244010925293,118.91999816894531,136.13363647460938,215.03924560546875,95.63311767578125
2017-07-26 00:00:00,35.918216705322266,119.87999725341797,136.5767364501953,215.0479278564453,95.78792572021484
2017-07-27 00:00:00,35.72233963012695,119.79000091552734,135.7188262939453,214.84805297851562,95.31586456298828
2017-07-28 00:00:00,35.70600891113281,120.69000244140625,135.60568237304688,214.59600830078125,95.88079833984375
2017-07-31 00:00:00,35.74681854248047,120.75,135.0305938720703,214.4742889404297,95.99683380126953
2017-08-01 00:00:00,35.85292434692383,120.6500015258789,135.3417205810547,214.95236206054688,96.6708984375
2017-08-02 00:00:00,35.885562896728516,120.4000015258789,135.70938110351562,215.05662536621094,96.72516632080078
2017-08-03 00:00:00,35.738670349121094,120.58999633789062,135.18142700195312,214.6394500732422,97.72569274902344
2017-08-04 00:00:00,35.86924743652344,119.6500015258789,135.4265899658203,215.03053283691406,96.89579772949219
2017-08-07 00:00:00,36.114078521728516,119.51000213623047,136.28445434570312,215.43031311035156,97.00434875488281
2017-08-08 00:00:00,36.12224578857422,119.86000061035156,136.04876708984375,214.9001922607422,96.65540313720703
2017-08-09 00:00:00,35.79579544067383,121.30999755859375,135.8696746826172,214.89151000976562,97.1827621459961
2017-08-10 00:00:00,34.946998596191406,122.20999908447266,132.95655822753906,211.85824584960938,98.01264190673828
2017-08-11 00:00:00,35.028629302978516,122.79000091552734,133.96534729003906,212.1710968017578,98.0592269897461
2017-08-14 00:00:00,35.387725830078125,121.91999816894531,135.69056701660156,214.2744140625,97.55503845214844
2017-08-15 00:00:00,35.428524017333984,120.9800033569336,135.7848663330078,214.2483367919922,97.14403533935547
2017-08-16 00:00:00,35.79579544067383,121.87000274658203,136.0205078125,214.6220703125,97.50078582763672
2017-08-17 00:00:00,35.338748931884766,122.48999786376953,133.2393798828125,211.27590942382812,98.22984313964844
2017-08-18 00:00:00,35.640724182128906,122.30000305175781,133.1450958251953,210.94564819335938,98.20655822753906
2017-08-21 00:00:00,35.77130889892578,122.76000213623047,132.9754180908203,211.11077880859375,98.4469985961914
2017-08-22 00:00:00,36.17121505737305,122.20999908447266,135.00233459472656,213.31832885742188,98.06698608398438
2017-08-23 00:00:00,36.34260940551758,122.66999816894531,134.52151489257812,212.55352783203125,98.73404693603516
2017-08-24 00:00:00,36.45686721801758,122.29000091552734,134.1256103515625,212.0581512451172,98.36947631835938
2017-08-25 00:00:00,36.66905975341797,122.73999786376953,133.84275817871094,212.55352783203125,98.74946594238281
2017-08-28 00:00:00,36.538475036621094,124.69000244140625,134.25759887695312,212.56224060058594,98.68744659423828
2017-08-29 00:00:00,36.473175048828125,124.41999816894531,134.7854766845703,212.80557250976562,99.00543212890625
2017-08-30 00:00:00,36.530311584472656,124.36000061035156,136.36935424804688,213.81375122070312,98.97444152832031
2017-08-31 00:00:00,36.587440490722656,125.81999969482422,137.8306121826172,215.10003662109375,99.26914978027344
2017-09-01 00:00:00,36.85676956176758,126.05999755859375,137.64199829101562,215.4042510986328,98.50984191894531
2017-09-05 00:00:00,36.375244140625,127.45999908447266,136.4070587158203,213.857177734375,100.07199096679688
2017-09-06 00:00:00,36.61193084716797,126.80999755859375,136.8218536376953,214.58729553222656,99.45800018310547
2017-09-07 00:00:00,36.88125228881836,128.1300048828125,137.1424102783203,214.56121826171875,100.47611236572266
2017-09-08 00:00:00,36.636417388916016,127.97000122070312,135.9545135498047,214.3091583251953,100.2585220336914
2017-09-11 00:00:00,37.126094818115234,126.19000244140625,137.51953125,216.59498596191406,99.06161499023438
2017-09-12 00:00:00,37.08528518676758,126.55999755859375,137.84945678710938,217.32505798339844,98.54090881347656
2017-09-13 00:00:00,36.8894157409668,125.61000061035156,138.03794860839844,217.42935180664062,98.15232849121094
2017-09-14 00:00:00,36.98735046386719,126.16000366210938,137.22726440429688,217.3598175048828,98.55644226074219
2017-09-15 00:00:00,37.20771026611328,125.52999877929688,137.6986541748047,217.6524200439453,98.59529876708984
2017-09-18 00:00:00,37.33828353881836,124.36000061035156,137.51815795898438,218.1153106689453,98.0279769897461
2017-09-19 00:00:00,37.41990280151367,124.62000274658203,137.7543487548828,218.33372497558594,97.78702545166016
2017-09-20 00:00:00,37.24851608276367,123.62000274658203,137.32919311523438,218.41232299804688,97.85700988769531
2017-09-21 00:00:00,37.24851608276367,122.68000030517578,136.4883270263672,217.82711791992188,97.80258178710938
2017-09-22 00:00:00,37.036319732666016,123.23999786376953,136.3560791015625,217.87075805664062,98.08234405517578
2017-09-25 00:00:00,36.40790557861328,124.52999877929688,134.91990661621094,217.42530822753906,98.69634246826172
2017-09-26 00:00:00,36.309959411621094,123.13999938964844,135.26953125,217.5563507080078,98.5176010131836
2017-09-27 00:00:00,36.179378509521484,121.9800033569336,136.4883270263672,218.40357971191406,97.03319549560547
2017-09-28 00:00:00,36.15488815307617,122.20999908447266,136.44107055664062,218.66566467285156,96.74560546875
2017-09-29 00:00:00,36.57111358642578,121.58000183105469,137.42367553710938,219.43421936035156,96.96321868896484
2017-10-02 00:00:00,36.57927322387695,120.7699966430664,137.5465087890625,220.38629150390625,96.78562927246094
2017-10-03 00:00:00,37.15873718261719,120.83000183105469,137.83938598632812,220.85794067382812,96.87911987304688
2017-10-04 00:00:00,37.15057373046875,121.16999816894531,137.97161865234375,221.1199493408203,96.88688659667969
2017-10-05 00:00:00,37.42806625366211,120.5199966430664,139.3227081298828,222.43011474609375,96.52086639404297
2017-10-06 00:00:00,37.240352630615234,121.08999633789062,139.51173400878906,222.17681884765625,96.24824523925781
2017-10-09 00:00:00,37.21587371826172,122.08000183105469,139.35110473632812,221.80999755859375,96.55201721191406
2017-10-10 00:00:00,37.5831298828125,122.4000015258789,139.45504760742188,222.39515686035156,96.70773315429688
2017-10-11 00:00:00,37.7545166015625,122.79000091552734,139.87074279785156,222.7445526123047,96.89466094970703
2017-10-12 00:00:00,37.738197326660156,122.88999938964844,139.61563110351562,222.41265869140625,97.30741119384766
2017-10-13 00:00:00,38.08097839355469,123.81999969482422,140.15419006347656,222.68344116210938,98.0082778930664
2017-10-16 00:00:00,38.056495666503906,122.97000122070312,140.6360321044922,222.98040771484375,97.9382553100586
2017-10-17 00:00:00,37.860618591308594,122.12999725341797,140.8155975341797,223.13760375976562,98.06282043457031
2017-10-18 00:00:00,37.95038986206055,121.66999816894531,140.64547729492188,223.35595703125,97.41645050048828
2017-10-19 00:00:00,37.61577606201172,122.38999938964844,140.12582397460938,223.4171142578125,97.58773803710938
2017-10-20 00:00:00,37.7545166015625,121.61000061035156,140.5037841796875,224.570068359375,96.55201721191406
2017-10-23 00:00:00,37.452552795410156,121.80000305175781,139.58729553222656,223.69659423828125,96.72333526611328
2017-10-24 00:00:00,37.452552795410156,121.33000183105469,139.82347106933594,224.0896759033203,96.12371826171875
2017-10-25 00:00:00,37.370933532714844,121.3499984741211,139.29440307617188,222.98040771484375,95.6641845703125
2017-10-26 00:00:00,37.11793518066406,120.33000183105469,138.85035705566406,223.26864624023438,95.34490966796875
2017-10-27 00:00:00,37.65658187866211,120.9000015258789,142.89419555664062,225.09413146972656,95.97570037841797
2017-10-30 00:00:00,37.41990280151367,121.12999725341797,143.21542358398438,224.25559997558594,96.89466094970703
2017-10-31 00:00:00,37.77083969116211,120.66999816894531,143.7539520263672,224.60494995117188,96.92581176757812
2017-11-01 00:00:00,37.96672058105469,121.11000061035156,143.7066650390625,224.90194702148438,97.35736846923828
2017-11-02 00:00:00,38.015689849853516,121.19000244140625,143.43270874023438,224.9893035888672,97.78660583496094
2017-11-03 00:00:00,37.81980514526367,120.62000274658203,144.81214904785156,225.740478515625,98.05195617675781
2017-11-06 00:00:00,38.244197845458984,121.6500015258789,145.30345153808594,226.08981323242188,98.41878509521484
2017-11-07 00:00:00,37.99936294555664,121.20999908447266,145.38851928710938,225.93263244628906,98.83236694335938
2017-11-08 00:00:00,38.178916931152344,121.62999725341797,145.97430419921875,226.31689453125,98.6138687133789
2017-11-09 00:00:00,37.942230224609375,122.12999725341797,145.2089385986328,225.4958953857422,98.33293914794922
2017-11-10 00:00:00,37.77901077270508,121.12999725341797,145.19955444335938,225.42604064941406,96.8501205444336
2017-11-13 00:00:00,37.6973991394043,121.30999755859375,145.3790740966797,225.63560485839844,97.05300903320312
2017-11-14 00:00:00,37.444393157958984,121.55999755859375,144.84994506835938,225.111572265625,97.70857238769531
2017-11-15 00:00:00,37.24851608276367,121.41000366210938,144.16964721679688,223.98486328125,98.76997375488281
2017-11-16 00:00:00,38.02384567260742,121.4000015258789,146.0120391845703,225.88893127441406,97.9114761352539
2017-11-17 00:00:00,38.21155548095703,122.86000061035156,145.45465087890625,225.2251434326172,98.63728332519531
2017-11-20 00:00:00,38.40743637084961,121.30999755859375,145.34124755859375,225.6094207763672,98.5982437133789
2017-11-21 00:00:00,38.92160415649414,121.51000213623047,146.91909790039062,227.08554077148438,98.91041564941406
2017-11-22 00:00:00,39.019535064697266,122.62999725341797,147.09861755371094,226.88461303710938,99.23040008544922
2017-11-24 00:00:00,38.937923431396484,122.31999969482422,147.6371307373047,227.40869140625,98.9572525024414
2017-11-27 00:00:00,38.36662292480469,122.83000183105469,147.57102966308594,227.29518127441406,98.81676483154297
2017-11-28 00:00:00,38.65227127075195,122.80999755859375,147.94894409179688,229.60104370117188,98.94941711425781
2017-11-29 00:00:00,38.0401725769043,122.04000091552734,145.3695831298828,229.4613037109375,97.97391510009766
2017-11-30 00:00:00,37.62394332885742,121.0999984741211,146.58840942382812,231.47027587890625,97.64612579345703
2017-12-01 00:00:00,37.41175079345703,121.58999633789062,145.96481323242188,230.98983764648438,98.96382904052734
2017-12-04 00:00:00,37.485198974609375,121.18000030517578,144.2830352783203,230.7103271484375,99.01077270507812
2017-12-05 00:00:00,37.460716247558594,120.31999969482422,144.37750244140625,229.88055419921875,99.50341796875
2017-12-06 00:00:00,36.9547004699707,120.06999969482422,145.0294647216797,229.92428588867188,99.8475341796875
2017-12-07 00:00:00,37.0608024597168,118.48999786376953,145.520751953125,230.64918518066406,99.06546783447266
2017-12-08 00:00:00,37.49336242675781,118.4800033569336,146.1632080078125,231.90695190429688,99.07334899902344
2017-12-11 00:00:00,37.68106460571289,118.01000213623047,147.29696655273438,232.60572814941406,98.87002563476562
2017-12-12 00:00:00,37.42806625366211,118.1500015258789,147.09861755371094,233.0161590576172,98.8309097290039
2017-12-13 00:00:00,37.87694549560547,119.16999816894531,147.382080078125,232.989990234375,99.5738296508789
2017-12-14 00:00:00,37.59945297241211,118.93000030517578,147.2781219482422,232.03793334960938,99.9961166381836
2017-12-15 00:00:00,37.68106460571289,119.18000030517578,148.95042419433594,233.9702911376953,100.3714599609375
2017-12-18 00:00:00,38.105464935302734,119.7300033569336,150.19924926757812,235.4539031982422,99.45651245117188
2017-12-19 00:00:00,37.90412521362305,119.81999969482422,149.30923461914062,234.54969787597656,98.16618347167969
2017-12-20 00:00:00,37.9538459777832,120.13999938964844,149.1483154296875,234.4267120361328,97.07919311523438
2017-12-21 00:00:00,38.202392578125,120.30999755859375,149.16722106933594,234.90957641601562,97.64498901367188
2017-12-22 00:00:00,38.525508880615234,120.94000244140625,148.99679565429688,234.84817504882812,97.77821350097656
2017-12-26 00:00:00,38.49237823486328,121.7699966430664,148.1920928955078,234.56719970703125,98.06818389892578
2017-12-27 00:00:00,38.591800689697266,122.2300033569336,148.21092224121094,234.68136596679688,99.34555053710938
2017-12-28 00:00:00,38.85691452026367,122.8499984741211,148.39089965820312,235.16419982910156,99.25933837890625
2017-12-29 00:00:00,39.03919219970703,123.6500015258789,147.4724884033203,234.27745056152344,99.41608428955078
2018-01-02 00:00:00,39.77655792236328,125.1500015258789,150.05722045898438,235.9542236328125,98.34242248535156
2018-01-03 00:00:00,40.15767288208008,124.81999969482422,151.51528930664062,237.44676208496094,98.81268310546875
2018-01-04 00:00:00,40.35650634765625,125.45999908447266,151.7803955078125,238.4474639892578,98.79695892333984
2018-01-05 00:00:00,40.70448303222656,125.33000183105469,153.3047332763672,240.03648376464844,98.51488494873047
2018-01-08 00:00:00,40.70448303222656,125.30999755859375,153.90121459960938,240.47549438476562,98.45220184326172
2018-01-09 00:00:00,40.6381950378418,124.7300033569336,153.91070556640625,241.0198211669922,97.1356430053711
2018-01-10 00:00:00,40.38136291503906,125.02999877929688,153.55087280273438,240.6510467529297,97.01803588867188
2018-01-11 00:00:00,40.62991714477539,125.44000244140625,154.6018524169922,242.4068603515625,97.41773223876953
2018-01-12 00:00:00,41.019309997558594,126.95999908447266,155.73802185058594,243.98715209960938,97.58232116699219
2018-01-16 00:00:00,40.861900329589844,127.16999816894531,155.29299926757812,243.15309143066406,97.98979949951172
2018-01-17 00:00:00,41.400428771972656,126.13999938964844,156.96884155273438,245.47071838378906,97.85660552978516
2018-01-18 00:00:00,41.45013427734375,125.86000061035156,156.9972686767578,245.0581817626953,96.94751739501953
2018-01-19 00:00:00,41.78982162475586,126.41999816894531,157.48953247070312,246.17318725585938,96.43814086914062
2018-01-22 00:00:00,42.030094146728516,126.6500015258789,159.17483520507812,248.1747589111328,96.53215789794922
2018-01-23 00:00:00,42.22892379760742,127.27999877929688,160.49090576171875,248.70143127441406,96.94751739501953
2018-01-24 00:00:00,42.5851936340332,128.8300018310547,159.44947814941406,248.6049346923828,96.42244720458984
2018-01-25 00:00:00,42.560333251953125,127.97000122070312,159.39259338378906,248.7101593017578,97.21395111083984
2018-01-26 00:00:00,43.14857864379883,128.07000732421875,161.83535766601562,251.5896759033203,96.85347747802734
2018-01-29 00:00:00,42.494056701660156,127.3499984741211,161.04953002929688,249.92173767089844,96.1795654296875
2018-01-30 00:00:00,41.91410446166992,126.80000305175781,159.72402954101562,247.35826110839844,95.61528015136719
2018-01-31 00:00:00,42.27863693237305,127.6500015258789,160.38673400878906,247.4811553955078,96.1795654296875
2018-02-01 00:00:00,41.706974029541016,128.07000732421875,159.0233917236328,247.20033264160156,94.78565216064453
2018-02-02 00:00:00,40.6381950378418,126.38999938964844,155.85157775878906,241.8187713623047,93.90611267089844
2018-02-05 00:00:00,39.21316909790039,126.70999908447266,149.70689392089844,231.70516967773438,94.79345703125
2018-02-06 00:00:00,40.48907470703125,125.37999725341797,153.67401123046875,236.27037048339844,94.20453643798828
2018-02-07 00:00:00,39.21316909790039,124.79000091552734,151.6857452392578,234.9886474609375,93.30926513671875
2018-02-08 00:00:00,37.85442352294922,124.9800033569336,145.28536987304688,226.17446899414062,93.20719909667969
2018-02-09 00:00:00,38.459228515625,124.7699966430664,147.79440307617188,229.5719451904297,92.61817932128906
2018-02-12 00:00:00,39.06404495239258,125.37000274658203,150.4170379638672,232.9430694580078,93.02653503417969
2018-02-13 00:00:00,39.362300872802734,126.08000183105469,151.19337463378906,233.52252197265625,93.4427719116211
2018-02-14 00:00:00,40.34822463989258,128.22999572753906,154.0243377685547,236.6741180419922,92.40619659423828
2018-02-15 00:00:00,41.176734924316406,128.3800048828125,156.88365173339844,239.6941680908203,92.72027587890625
2018-02-16 00:00:00,41.044166564941406,127.95999908447266,156.18299865722656,239.7643280029297,93.22288513183594
2018-02-20 00:00:00,40.48078536987305,126.23999786376953,156.49539184570312,238.2632293701172,92.81452941894531
2018-02-21 00:00:00,40.4476432800293,125.66000366210938,156.05044555664062,237.07794189453125,91.67584228515625
2018-02-22 00:00:00,40.47249984741211,126.30000305175781,156.031494140625,237.3852996826172,91.95069122314453
2018-02-23 00:00:00,41.193302154541016,126.13999938964844,159.22216796875,241.16900634765625,92.76741027832031
2018-02-26 00:00:00,41.57441711425781,126.44999694824219,161.33355712890625,243.96957397460938,92.79883575439453
2018-02-27 00:00:00,40.36479949951172,125.12999725341797,159.33580017089844,240.9232940673828,92.66535186767578
2018-02-28 00:00:00,39.784847259521484,125.0,158.31324768066406,238.4825897216797,93.25432586669922
2018-03-01 00:00:00,39.71028137207031,124.72000122070312,155.72854614257812,235.01492309570312,93.89089965820312
2018-03-02 00:00:00,39.8759765625,125.38999938964844,157.15821838378906,236.2263946533203,93.12761688232422
2018-03-05 00:00:00,39.9339714050293,125.18000030517578,158.90029907226562,238.95672607421875,92.87581634521484
2018-03-06 00:00:00,40.30679702758789,126.52999877929688,159.57249450683594,239.56248474121094,92.96238708496094
2018-03-07 00:00:00,40.34822463989258,125.72000122070312,159.94178771972656,239.47470092773438,92.8600845336914
2018-03-08 00:00:00,40.35650634765625,125.41999816894531,160.822265625,240.63357543945312,93.39517211914062
2018-03-09 00:00:00,41.2181510925293,125.54000091552734,163.9467315673828,244.8211669921875,92.7813949584961
2018-03-12 00:00:00,41.31757736206055,125.54000091552734,164.81776428222656,244.5138702392578,93.31646728515625
2018-03-13 00:00:00,40.94474792480469,125.77999877929688,162.5738983154297,242.9336700439453,93.78861999511719
2018-03-14 00:00:00,41.01102828979492,125.69999694824219,162.54542541503906,241.68698120117188,94.61482238769531
2018-03-15 00:00:00,40.861900329589844,124.9000015258789,162.4034423828125,241.42364501953125,94.61482238769531
2018-03-16 00:00:00,40.77075958251953,124.5999984741211,161.92056274414062,241.6854248046875,94.27647399902344
2018-03-19 00:00:00,40.33165740966797,124.87000274658203,158.4658203125,238.4153289794922,93.9774398803711
2018-03-20 00:00:00,40.779056549072266,124.30999755859375,158.9873809814453,238.82081604003906,93.59973907470703
2018-03-21 00:00:00,41.019309997558594,126.4800033569336,158.29513549804688,238.3624725341797,93.70203399658203
2018-03-22 00:00:00,39.652278900146484,125.9800033569336,154.38803100585938,232.404052734375,94.63054656982422
2018-03-23 00:00:00,38.84862518310547,127.61000061035156,150.31967163085938,227.45046997070312,94.55976104736328
2018-03-26 00:00:00,40.10795593261719,128.27999877929688,155.90528869628906,233.67332458496094,94.1977767944336
2018-03-27 00:00:00,39.37887191772461,127.48999786376953,150.86019897460938,229.69808959960938,95.2049789428711
2018-03-28 00:00:00,39.18003463745117,125.7300033569336,149.12474060058594,229.0194091796875,95.456787109375
2018-03-29 00:00:00,40.0002555847168,125.79000091552734,151.8560028076172,231.9457244873047,95.92102813720703
2018-04-02 00:00:00,39.27945327758789,127.26000213623047,147.47467041015625,226.93930053710938,96.11029052734375
2018-04-03 00:00:00,39.668853759765625,126.30000305175781,149.13424682617188,229.847900390625,95.3690414428711
2018-04-04 00:00:00,39.6854248046875,126.44999694824219,151.48609924316406,232.30711364746094,95.17192840576172
2018-04-05 00:00:00,39.784847259521484,125.80000305175781,152.3490753173828,234.14047241210938,94.46222686767578
2018-04-06 00:00:00,39.00605010986328,126.38999938964844,148.53677368164062,228.92245483398438,95.4952163696289
2018-04-09 00:00:00,39.04747009277344,126.81999969482422,149.5799560546875,230.0506134033203,95.6529769897461
2018-04-10 00:00:00,39.809696197509766,127.12000274658203,152.88014221191406,233.70851135253906,95.4794692993164
2018-04-11 00:00:00,39.82626724243164,128.11000061035156,151.99819946289062,232.4833984375,95.81855773925781
2018-04-12 00:00:00,39.809696197509766,126.62000274658203,153.8284912109375,234.39605712890625,95.11669158935547
2018-04-13 00:00:00,39.412017822265625,127.44999694824219,153.0318603515625,233.70851135253906,95.33750915527344
2018-04-16 00:00:00,39.46173095703125,127.62999725341797,154.1982879638672,235.62998962402344,95.3690414428711
2018-04-17 00:00:00,39.544578552246094,127.75,157.51744079589844,238.1509246826172,95.62928009033203
2018-04-18 00:00:00,39.88426208496094,127.8499984741211,157.83987426757812,238.3272247314453,94.86436462402344
2018-04-19 00:00:00,39.652278900146484,127.5999984741211,156.38897705078125,237.005126953125,94.0915756225586
2018-04-20 00:00:00,39.155181884765625,126.62999725341797,153.91384887695312,234.9954071044922,93.41344451904297
2018-04-23 00:00:00,38.8403434753418,125.62000274658203,153.52503967285156,234.96023559570312,93.43707275390625
2018-04-24 00:00:00,38.65807342529297,126.2300033569336,150.27224731445312,231.79586791992188,93.0112533569336
2018-04-25 00:00:00,38.35981369018555,125.41000366210938,150.45242309570312,232.36878967285156,92.3882827758789
2018-04-26 00:00:00,38.91490936279297,124.97000122070312,153.61981201171875,234.73101806640625,93.03489685058594
2018-04-27 00:00:00,39.155181884765625,125.5,153.7146759033203,234.9513397216797,93.75249481201172
2018-04-30 00:00:00,38.87348175048828,124.58999633789062,152.62403869628906,233.1444091796875,93.91810607910156
2018-05-01 00:00:00,38.682926177978516,123.70999908447266,154.3690643310547,233.55877685546875,93.57981872558594
2018-05-02 00:00:00,38.37637710571289,123.6500015258789,153.45858764648438,231.98974609375,93.47710418701172
2018-05-03 00:00:00,38.29353713989258,124.27999877929688,153.43963623046875,231.4785919189453,93.89596557617188
2018-05-04 00:00:00,38.4675178527832,124.54000091552734,156.35101318359375,234.47537231445312,94.0382308959961
2018-05-07 00:00:00,38.24382781982422,124.56999969482422,157.65028381347656,235.26869201660156,93.88805389404297
2018-05-08 00:00:00,38.459228515625,124.58999633789062,157.48902893066406,235.26869201660156,93.80111694335938
2018-05-09 00:00:00,38.53379821777344,124.33000183105469,159.20550537109375,237.54278564453125,93.24002075195312
2018-05-10 00:00:00,39.33744430541992,125.18000030517578,160.85556030273438,239.76390075683594,93.9908218383789
2018-05-11 00:00:00,39.27116394042969,125.0,160.703857421875,240.49549865722656,94.22789001464844
2018-05-14 00:00:00,39.32087326049805,124.48999786376953,160.9788818359375,240.61012268066406,93.73003387451172
2018-05-15 00:00:00,38.50893783569336,122.4800033569336,159.19601440429688,238.9530487060547,92.66309356689453
2018-05-16 00:00:00,39.088905334472656,122.29000091552734,160.2486572265625,239.95782470703125,92.30745697021484
2018-05-17 00:00:00,38.49237823486328,122.36000061035156,159.63221740722656,239.75509643554688,91.84117889404297
2018-05-18 00:00:00,38.16925048828125,122.41000366210938,158.8072052001953,239.1557159423828,92.63143920898438
2018-05-21 00:00:00,38.40123748779297,122.4800033569336,159.6986083984375,240.9538116455078,92.67890167236328
2018-05-22 00:00:00,38.53379821777344,122.41000366210938,159.489990234375,240.28392028808594,92.53662872314453
2018-05-23 00:00:00,38.51722717285156,122.54000091552734,160.8365936279297,240.9449920654297,93.2083511352539
2018-05-24 00:00:00,38.31010055541992,123.58999633789062,160.7891845703125,240.45140075683594,93.95126342773438
2018-05-25 00:00:00,38.4675178527832,123.20999908447266,160.95040893554688,239.87850952148438,94.53610229492188
2018-05-29 00:00:00,37.57273483276367,123.19000244140625,160.2391357421875,237.11964416503906,96.60671997070312
2018-05-30 00:00:00,37.87099838256836,123.37000274658203,161.38665771484375,240.28392028808594,95.95866394042969
2018-05-31 00:00:00,37.85442352294922,123.0999984741211,161.28236389160156,238.81201171875,95.80064392089844
2018-06-01 00:00:00,38.38467025756836,122.48999786376953,163.8144073486328,241.15652465820312,95.29438781738281
2018-06-04 00:00:00,38.77406311035156,122.37000274658203,165.29373168945312,242.30245971679688,94.6052474975586
2018-06-05 00:00:00,38.475807189941406,122.8499984741211,165.80584716796875,242.4787139892578,94.8270492553711
2018-06-06 00:00:00,39.05575942993164,122.91999816894531,166.7731475830078,244.50588989257812,94.05863189697266
2018-06-07 00:00:00,38.459228515625,122.86000061035156,165.41702270507812,244.47950744628906,94.96968078613281
2018-06-08 00:00:00,38.38467025756836,123.01000213623047,165.42652893066406,245.2022247314453,94.68450164794922
2018-06-11 00:00:00,38.38467025756836,123.2300033569336,165.87228393554688,245.5283966064453,94.51018524169922
2018-06-12 00:00:00,38.28524398803711,122.81999969482422,166.74468994140625,245.84576416015625,94.53396606445312
2018-06-13 00:00:00,38.02840805053711,123.19000244140625,166.73524475097656,245.06124877929688,94.48641967773438
2018-06-14 00:00:00,37.77157211303711,123.37999725341797,168.4232635498047,245.67828369140625,95.27064514160156
2018-06-15 00:00:00,37.47331237792969,121.33999633789062,167.83529663085938,245.36488342285156,95.3577880859375
2018-06-18 00:00:00,37.01762390136719,121.11000061035156,167.7383575439453,244.86013793945312,95.27064514160156
2018-06-19 00:00:00,36.6090202331543,120.80000305175781,167.26318359375,243.92161560058594,95.82515716552734
2018-06-20 00:00:00,36.767459869384766,120.26000213623047,168.45111083984375,244.3377227783203,94.98550415039062
2018-06-21 00:00:00,36.250431060791016,120.05000305175781,166.9875946044922,242.80609130859375,95.48452758789062
2018-06-22 00:00:00,36.62569046020508,120.33999633789062,166.616943359375,243.248779296875,95.47660827636719
2018-06-25 00:00:00,36.13367462158203,119.88999938964844,162.86305236816406,239.93748474121094,95.69048309326172
2018-06-26 00:00:00,35.99191665649414,119.26000213623047,163.5282745361328,240.46876525878906,95.82515716552734
2018-06-27 00:00:00,35.299766540527344,118.58000183105469,161.30442810058594,238.47665405273438,96.72819519042969
2018-06-28 00:00:00,35.599971771240234,118.22000122070312,162.69195556640625,239.84014892578125,96.751953125
2018-06-29 00:00:00,36.13367462158203,118.6500015258789,163.1291046142578,240.18539428710938,96.41925048828125
2018-07-02 00:00:00,35.77509689331055,117.45999908447266,164.2220458984375,240.6988983154297,96.34382629394531
2018-07-03 00:00:00,35.80010986328125,118.6500015258789,162.32135009765625,239.84889221191406,96.85987091064453
2018-07-05 00:00:00,35.708377838134766,119.05000305175781,164.33612060546875,241.80555725097656,97.13774871826172
2018-07-06 00:00:00,36.20039367675781,118.86000061035156,166.8925323486328,243.850830078125,97.4552993774414
2018-07-09 00:00:00,36.85084915161133,119.1500015258789,168.39407348632812,246.0465850830078,96.828125
2018-07-10 00:00:00,36.767459869384766,118.93000030517578,168.51763916015625,246.93199157714844,96.82015991210938
2018-07-11 00:00:00,36.05029296875,117.63999938964844,167.66229248046875,245.1257781982422,97.19330596923828
2018-07-12 00:00:00,36.54228973388672,118.12999725341797,170.55142211914062,247.3480987548828,97.1854019165039
2018-07-13 00:00:00,36.567317962646484,117.61000061035156,170.69400024414062,247.54286193847656,97.43148803710938
2018-07-16 00:00:00,36.36717224121094,117.55000305175781,170.28526306152344,247.3214874267578,97.02660369873047
2018-07-17 00:00:00,36.6340217590332,116.27999877929688,171.32122802734375,248.32205200195312,96.843994140625
2018-07-18 00:00:00,36.592342376708984,116.30999755859375,170.99813842773438,248.84429931640625,96.45497131347656
2018-07-19 00:00:00,36.14202117919922,115.80999755859375,170.1427459716797,247.9059295654297,97.0663070678711
2018-07-20 00:00:00,36.65904235839844,116.55999755859375,170.10470581054688,247.62249755859375,95.87542724609375
2018-07-23 00:00:00,36.41722106933594,116.0,170.64645385742188,248.08290100097656,94.69243621826172
2018-07-24 00:00:00,36.950927734375,116.04000091552734,171.3497314453125,249.3313446044922,95.01795959472656
2018-07-25 00:00:00,37.551334381103516,116.68000030517578,173.74465942382812,251.4561767578125,94.8670883178711
2018-07-26 00:00:00,37.13438034057617,115.7699966430664,171.1121826171875,250.86309814453125,94.68453216552734
2018-07-27 00:00:00,37.26780319213867,115.83000183105469,168.80274963378906,249.16314697265625,94.84331512451172
2018-07-30 00:00:00,37.20942687988281,115.6500015258789,166.4173583984375,247.86163330078125,94.51778411865234
2018-07-31 00:00:00,37.409576416015625,115.98999786376953,167.6907958984375,249.08335876464844,95.03386688232422
2018-08-01 00:00:00,37.07600402832031,115.13999938964844,168.3275909423828,248.6672821044922,94.25960540771484
2018-08-02 00:00:00,36.5839958190918,114.5199966430664,170.6179656982422,250.02191162109375,94.39491271972656
2018-08-03 00:00:00,36.86753463745117,114.91999816894531,171.1406707763672,251.09324645996094,94.86438751220703
2018-08-06 00:00:00,36.5839958190918,114.33000183105469,172.1479949951172,252.01400756835938,94.9200668334961
2018-08-07 00:00:00,36.959266662597656,114.58999633789062,172.7752685546875,252.84632873535156,94.42671966552734
2018-08-08 00:00:00,36.90922164916992,114.91000366210938,172.98431396484375,252.74000549316406,94.5221939086914
2018-08-09 00:00:00,36.800819396972656,114.73999786376953,172.87979125976562,252.39479064941406,95.31787109375
2018-08-10 00:00:00,36.01692581176758,114.69000244140625,171.55880737304688,250.70361328125,96.01021575927734
2018-08-13 00:00:00,35.424842834472656,112.95999908447266,171.36871337890625,249.76519775390625,95.81123352050781
2018-08-14 00:00:00,35.641666412353516,113.06999969482422,172.442626953125,251.35882568359375,95.5964126586914
2018-08-15 00:00:00,34.615943908691406,111.19000244140625,170.33279418945312,249.4818115234375,96.15340423583984
2018-08-16 00:00:00,34.8327751159668,111.0999984741211,170.89356994628906,251.50051879882812,96.14546203613281
2018-08-17 00:00:00,35.19969177246094,112.12999725341797,170.93157958984375,252.38592529296875,96.26477813720703
2018-08-20 00:00:00,35.358131408691406,112.69000244140625,170.7794952392578,252.9259796142578,96.90931701660156
2018-08-21 00:00:00,35.808448791503906,113.0199966430664,171.40672302246094,253.5191192626953,96.58307647705078
2018-08-22 00:00:00,36.09198760986328,113.2699966430664,172.07196044921875,253.36866760253906,96.96499633789062
2018-08-23 00:00:00,35.508243560791016,112.19999694824219,171.8248748779297,253.03221130371094,97.11621856689453
2018-08-24 00:00:00,36.16703414916992,114.16000366210938,173.42149353027344,254.55499267578125,97.30719757080078
2018-08-27 00:00:00,36.6840705871582,114.58999633789062,175.18914794921875,256.5648498535156,96.75018310546875
2018-08-28 00:00:00,36.55064010620117,113.68000030517578,175.4457550048828,256.6887512207031,96.1693115234375
2018-08-29 00:00:00,36.77579879760742,114.19999694824219,177.47003173828125,258.0700378417969,96.296630859375
2018-08-30 00:00:00,35.816795349121094,113.63999938964844,177.15638732910156,257.0252380371094,96.50350189208984
2018-08-31 00:00:00,36.00025177001953,113.51000213623047,177.38446044921875,257.0340576171875,96.2807388305664
2018-09-04 00:00:00,35.299766540527344,112.93000030517578,176.62420654296875,256.5914001464844,95.72405242919922
2018-09-05 00:00:00,34.79106903076172,113.31999969482422,174.3433380126953,255.90086364746094,95.4688720703125
2018-09-06 00:00:00,34.824432373046875,113.54000091552734,172.78477478027344,255.13058471679688,95.81974792480469
2018-09-07 00:00:00,34.6493034362793,113.2300033569336,172.1195068359375,254.6348114013672,95.00630187988281
2018-09-10 00:00:00,34.307395935058594,113.1500015258789,172.69924926757812,255.07742309570312,95.35718536376953
2018-09-11 00:00:00,34.38245391845703,113.22000122070312,174.02972412109375,255.91856384277344,94.63145446777344
2018-09-12 00:00:00,34.55757141113281,114.16999816894531,173.51651000976562,255.98048400878906,94.8547592163086
2018-09-13 00:00:00,35.02456283569336,113.76000213623047,175.3697052001953,257.49444580078125,94.99835968017578
2018-09-14 00:00:00,34.9912109375,113.0199966430664,174.85655212402344,257.5387878417969,94.54373168945312
2018-09-17 00:00:00,34.6743278503418,113.61000061035156,172.33810424804688,256.1753234863281,94.54373168945312
2018-09-18 00:00:00,35.00788879394531,113.44000244140625,173.76361083984375,257.5653381347656,93.55485534667969
2018-09-19 00:00:00,35.49155807495117,113.87999725341797,173.63058471679688,257.83984375,92.9966049194336
2018-09-20 00:00:00,35.883506774902344,114.2699966430664,175.55030822753906,259.9293212890625,93.4272689819336
2018-09-21 00:00:00,36.05029296875,113.48999786376953,174.59042358398438,259.69189453125,93.38738250732422
2018-09-24 00:00:00,35.641666412353516,113.47000122070312,175.07598876953125,258.8291015625,93.14810943603516
2018-09-25 00:00:00,35.78343200683594,113.6500015258789,175.31398010253906,258.5890197753906,93.05241394042969
2018-09-26 00:00:00,35.858489990234375,113.05000305175781,175.4378204345703,257.8152770996094,93.70638275146484
2018-09-27 00:00:00,36.03361129760742,112.05000305175781,176.92303466796875,258.53564453125,93.77015686035156
2018-09-28 00:00:00,35.79176330566406,112.76000213623047,176.88494873046875,258.562255859375,93.5229721069336
2018-10-01 00:00:00,35.80010986328125,112.56999969482422,177.2467041015625,259.4605407714844,92.83639526367188
2018-10-02 00:00:00,35.34980392456055,113.87000274658203,176.84683227539062,259.3093566894531,93.40386199951172
2018-10-03 00:00:00,35.05791473388672,113.41999816894531,177.03726196289062,259.45166015625,91.78130340576172
2018-10-04 00:00:00,34.182308197021484,113.4800033569336,173.63839721679688,257.4238586425781,91.1339111328125
2018-10-05 00:00:00,34.057220458984375,113.80000305175781,171.51527404785156,255.983154296875,90.35059356689453
2018-10-08 00:00:00,34.10725784301758,112.54000091552734,170.46800231933594,255.983154296875,90.0468978881836
2018-10-09 00:00:00,33.98217010498047,112.5999984741211,171.02015686035156,255.6095733642578,90.95806121826172
2018-10-10 00:00:00,32.97312927246094,112.87999725341797,163.49880981445312,247.5160675048828,90.71031188964844
2018-10-11 00:00:00,32.63956832885742,115.77999877929688,161.4708709716797,242.06417846679688,91.81332397460938
2018-10-12 00:00:00,33.59856414794922,115.2300033569336,165.96469116210938,245.42611694335938,91.49360656738281
2018-10-15 00:00:00,33.23997497558594,116.0,163.95584106445312,244.04751586914062,91.45361328125
2018-10-16 00:00:00,34.07389831542969,115.80000305175781,168.72567749023438,249.38385009765625,91.66143035888672
2018-10-17 00:00:00,33.65693664550781,115.79000091552734,168.79232788085938,249.42835998535156,91.11790466308594
2018-10-18 00:00:00,32.772987365722656,115.91999816894531,164.87930297851562,245.82632446289062,91.08597564697266
2018-10-19 00:00:00,33.08153533935547,116.01000213623047,164.72695922851562,245.69290161132812,90.88611602783203
2018-10-22 00:00:00,33.44012451171875,115.70999908447266,165.57432556152344,244.59002685546875,90.7662353515625
2018-10-23 00:00:00,33.07319641113281,116.38999938964844,164.96502685546875,243.34490966796875,91.05394744873047
2018-10-24 00:00:00,32.00578308105469,116.66000366210938,157.41513061523438,235.97190856933594,91.74134826660156
2018-10-25 00:00:00,32.62288284301758,116.4000015258789,162.8609161376953,240.20533752441406,91.3576889038086
2018-10-26 00:00:00,32.24761962890625,116.7699966430664,158.6718292236328,235.98081970214844,91.90923309326172
2018-10-29 00:00:00,31.688892364501953,116.30999755859375,155.4062042236328,234.67335510253906,91.70137023925781
2018-10-30 00:00:00,32.305999755859375,115.80000305175781,157.96730041503906,238.1509246826172,91.24581146240234
2018-10-31 00:00:00,32.6562385559082,115.1500015258789,161.68038940429688,240.69451904296875,90.78221893310547
2018-11-01 00:00:00,33.82373046875,116.62999725341797,163.81298828125,243.2559814453125,90.86637878417969
2018-11-02 00:00:00,34.04054641723633,116.6500015258789,161.2613983154297,241.815185546875,89.73666381835938
2018-11-05 00:00:00,34.13227462768555,116.37000274658203,160.861572265625,243.1492919921875,90.08917236328125
2018-11-06 00:00:00,34.07389831542969,116.04000091552734,162.0802459716797,244.68788146972656,90.03307342529297
2018-11-07 00:00:00,34.71602249145508,116.02999877929688,167.164306640625,249.92633056640625,90.15327453613281
2018-11-08 00:00:00,33.81538391113281,115.77999877929688,166.09799194335938,249.47274780273438,90.14525604248047
2018-11-09 00:00:00,33.189945220947266,114.4800033569336,163.29891967773438,247.0358123779297,90.81828308105469
2018-11-12 00:00:00,32.722957611083984,113.66000366210938,158.3576202392578,242.41998291015625,91.41120147705078
2018-11-13 00:00:00,33.09821701049805,113.69999694824219,158.49098205566406,241.96640014648438,91.3550796508789
2018-11-14 00:00:00,33.2983512878418,114.63999938964844,157.28179931640625,240.31216430664062,91.41120147705078
2018-11-15 00:00:00,34.04054641723633,114.7699966430664,160.03329467773438,242.82017517089844,91.37109375
2018-11-16 00:00:00,34.10725784301758,115.62000274658203,159.47161865234375,243.45164489746094,91.89990997314453
2018-11-19 00:00:00,33.648597717285156,115.66999816894531,154.29229736328125,239.33380126953125,92.15631866455078
2018-11-20 00:00:00,32.923095703125,115.66999816894531,151.53126525878906,234.9046173095703,92.18834686279297
2018-11-21 00:00:00,33.5318603515625,115.86000061035156,152.683349609375,235.70510864257812,92.15631866455078
2018-11-23 00:00:00,33.13991928100586,115.7699966430664,151.57891845703125,234.1309051513672,92.25248718261719
2018-11-26 00:00:00,33.54853057861328,115.63999938964844,155.08251953125,237.9107666015625,92.04413604736328
2018-11-27 00:00:00,33.78202819824219,114.94999694824219,155.60621643066406,238.711181640625,92.1482925415039
2018-11-28 00:00:00,34.5909309387207,115.37999725341797,160.61404418945312,244.20765686035156,91.6996078491211
2018-11-29 00:00:00,34.29072570800781,115.73999786376953,160.0904083251953,243.67398071289062,92.0601577758789
2018-11-30 00:00:00,34.25736618041992,115.54000091552734,161.25192260742188,245.15924072265625,92.40470123291016
2018-12-03 00:00:00,34.94951629638672,116.41000366210938,164.07003784179688,248.405517578125,93.0608139038086
2018-12-04 00:00:00,34.20732879638672,117.12000274658203,157.77691650390625,240.3566131591797,94.61878204345703
2018-12-06 00:00:00,33.890438079833984,117.13999938964844,158.8908233642578,239.99195861816406,94.91590881347656
2018-12-07 00:00:00,33.25666809082031,118.08999633789062,153.64491271972656,234.41546630859375,95.09259033203125
2018-12-10 00:00:00,32.90641403198242,117.68000030517578,155.25393676757812,234.86019897460938,95.48607635498047
2018-12-11 00:00:00,33.156585693359375,117.54000091552734,155.76803588867188,234.91351318359375,95.47007751464844
2018-12-12 00:00:00,33.698638916015625,117.79000091552734,157.13902282714844,236.09640502929688,95.04437255859375
2018-12-13 00:00:00,33.690303802490234,117.52999877929688,157.1866455078125,236.01637268066406,94.81951904296875
2018-12-14 00:00:00,33.2149658203125,117.05999755859375,153.35928344726562,231.6584014892578,95.1487808227539
2018-12-17 00:00:00,32.90641403198242,117.87000274658203,149.88417053222656,227.11358642578125,95.70294189453125
2018-12-18 00:00:00,33.129878997802734,118.1500015258789,150.8267822265625,226.86460876464844,96.27607727050781
2018-12-19 00:00:00,32.579689025878906,117.43000030517578,147.1232147216797,223.46713256835938,97.5479507446289
2018-12-20 00:00:00,32.833621978759766,119.23999786376953,144.9906005859375,219.8295440673828,97.19376373291016
2018-12-21 00:00:00,32.60508346557617,118.72000122070312,140.49684143066406,215.3253631591797,97.17765808105469
2018-12-24 00:00:00,32.30036163330078,120.0199966430664,137.01283264160156,209.6358184814453,97.66061401367188
2018-12-26 00:00:00,32.94365310668945,119.66000366210938,145.56773376464844,220.22764587402344,96.61418151855469
2018-12-27 00:00:00,32.90133285522461,120.56999969482422,146.1310577392578,221.9183807373047,96.63028717041016
2018-12-28 00:00:00,33.21451950073242,121.05999755859375,146.05467224121094,221.6321258544922,97.44332885742188
2018-12-31 00:00:00,33.062164306640625,121.25,147.2863311767578,223.57339477539062,97.81361389160156
2019-01-02 00:00:00,33.14680480957031,121.33000183105469,147.8783721923828,223.80593872070312,98.32878112792969
2019-01-03 00:00:00,32.54582595825195,122.43000030517578,143.04708862304688,218.4652862548828,99.44774627685547
2019-01-04 00:00:00,33.595420837402344,121.44000244140625,149.1673126220703,225.78298950195312,98.29661560058594
2019-01-07 00:00:00,33.67160415649414,121.86000061035156,150.94325256347656,227.56321716308594,98.0068130493164
2019-01-08 00:00:00,33.79856491088867,121.52999877929688,152.30859375,229.7012176513672,97.74921417236328
2019-01-09 00:00:00,34.399539947509766,122.30999755859375,153.54978942871094,230.77471923828125,97.59627532958984
2019-01-10 00:00:00,34.645015716552734,121.58999633789062,153.989013671875,231.58877563476562,96.96837615966797
2019-01-11 00:00:00,34.47572326660156,121.80000305175781,153.42564392089844,231.6782989501953,97.34671020507812
2019-01-14 00:00:00,34.18793487548828,122.08999633789062,152.0699005126953,230.26480102539062,96.98448944091797
2019-01-15 00:00:00,34.42493438720703,121.87999725341797,155.03933715820312,232.90377807617188,96.63028717041016
2019-01-16 00:00:00,34.84815979003906,122.2699966430664,155.01063537597656,233.46743774414062,96.72689819335938
2019-01-17 00:00:00,35.00051498413086,122.11000061035156,156.2327423095703,235.2386474609375,96.75101470947266
2019-01-18 00:00:00,35.16980743408203,121.0199966430664,157.77957153320312,238.36968994140625,96.24386596679688
2019-01-22 00:00:00,34.560359954833984,121.44999694824219,154.61917114257812,235.1492462158203,96.89595031738281
2019-01-23 00:00:00,34.91587829589844,121.27999877929688,154.8197021484375,235.64120483398438,96.85566711425781
2019-01-24 00:00:00,35.254459381103516,121.08999633789062,155.82225036621094,235.76644897460938,97.49161529541016
2019-01-25 00:00:00,35.719993591308594,122.86000061035156,157.68405151367188,237.7613983154297,97.0246810913086
2019-01-28 00:00:00,35.34756088256836,123.29000091552734,155.73626708984375,235.95436096191406,96.92813110351562
2019-01-29 00:00:00,35.40681076049805,123.9800033569336,154.26588439941406,235.64120483398438,97.41911315917969
2019-01-30 00:00:00,36.17707824707031,124.69000244140625,158.19009399414062,239.3716278076172,97.34671020507812
2019-01-31 00:00:00,36.48179626464844,124.75,160.5579833984375,241.47396850585938,98.18390655517578
2019-02-01 00:00:00,36.19400405883789,124.5,159.880126953125,241.59017944335938,97.59090423583984
2019-02-04 00:00:00,36.253265380859375,123.95999908447266,161.8660125732422,243.2899169921875,97.15523529052734
2019-02-05 00:00:00,36.75265884399414,124.27999877929688,163.2982635498047,244.30975341796875,97.59896850585938
2019-02-06 00:00:00,36.253265380859375,123.44000244140625,162.81130981445312,243.98770141601562,97.64737701416016
2019-02-07 00:00:00,35.8892822265625,123.73999786376953,160.62481689453125,241.66183471679688,98.29283142089844
2019-02-08 00:00:00,35.68614196777344,124.20999908447266,160.9398956298828,241.95701599121094,98.71234893798828
2019-02-11 00:00:00,35.567630767822266,123.5999984741211,160.78713989257812,242.09117126464844,98.3250961303711
2019-02-12 00:00:00,35.863887786865234,123.86000061035156,163.1645965576172,245.2042694091797,98.07496643066406
2019-02-13 00:00:00,35.609954833984375,123.37000274658203,163.27920532226562,246.00045776367188,97.703857421875
2019-02-14 00:00:00,35.67767333984375,124.05999755859375,163.47967529296875,245.45481872558594,98.26055145263672
2019-02-15 00:00:00,35.626888275146484,124.80000305175781,164.1671142578125,248.12953186035156,98.4138412475586
2019-02-19 00:00:00,35.90621566772461,126.69999694824219,164.49176025390625,248.55902099609375,98.66395568847656
2019-02-20 00:00:00,36.1093635559082,126.4800033569336,164.4630584716797,249.0599365234375,98.3816146850586
2019-02-21 00:00:00,36.03318405151367,125.05000305175781,163.861572265625,248.17433166503906,97.50215148925781
2019-02-22 00:00:00,36.43101119995117,125.5,165.07415771484375,249.71304321289062,98.08305358886719
2019-02-25 00:00:00,36.83730697631836,125.37000274658203,165.6756591796875,250.05287170410156,97.79258728027344
2019-02-26 00:00:00,36.71033477783203,125.58000183105469,165.8475341796875,249.87408447265625,98.27667236328125
2019-02-27 00:00:00,36.39715576171875,124.69000244140625,165.74252319335938,249.7666473388672,97.1633071899414
2019-02-28 00:00:00,35.92314147949219,123.98999786376953,165.3606414794922,249.30140686035156,96.83251190185547
2019-03-01 00:00:00,35.96546936035156,121.87999725341797,166.50634765625,250.85801696777344,95.9375
2019-03-04 00:00:00,36.0162467956543,121.55999755859375,166.5350341796875,249.94557189941406,96.68936920166016
2019-03-05 00:00:00,36.37176513671875,121.72000122070312,166.6591033935547,249.6055908203125,96.89152526855469
2019-03-06 00:00:00,36.16860580444336,121.61000061035156,165.7138671875,248.09381103515625,97.24725341796875
2019-03-07 00:00:00,35.49991989135742,121.51000213623047,163.68016052246094,246.01837158203125,97.87788391113281
2019-03-08 00:00:00,35.24599075317383,122.83999633789062,163.43191528320312,245.5264434814453,98.29023742675781
2019-03-11 00:00:00,35.90621566772461,122.23999786376953,166.83102416992188,249.08676147460938,97.99916076660156
2019-03-12 00:00:00,36.092437744140625,122.9800033569336,167.74758911132812,250.02603149414062,98.6864242553711
2019-03-13 00:00:00,36.134761810302734,123.83999633789062,169.0078582763672,251.68115234375,98.50048828125
2019-03-14 00:00:00,35.94007873535156,122.41000366210938,168.7214813232422,251.5199737548828,97.78897857666016
2019-03-15 00:00:00,36.464866638183594,122.97000122070312,170.287353515625,252.7626953125,98.43580627441406
2019-03-18 00:00:00,36.87117385864258,123.04000091552734,170.69287109375,253.67910766601562,98.379150390625
2019-03-19 00:00:00,36.888092041015625,123.37999725341797,171.26681518554688,253.7420654296875,98.16092681884766
2019-03-20 00:00:00,36.94734573364258,124.18000030517578,171.94593811035156,252.97830200195312,99.1877212524414
2019-03-21 00:00:00,36.99813461303711,123.68000030517578,174.63380432128906,255.83558654785156,99.4059829711914
2019-03-22 00:00:00,35.91468811035156,123.97000122070312,170.79815673828125,250.9116973876953,100.95021057128906
2019-03-25 00:00:00,35.99932098388672,124.91999816894531,170.47296142578125,250.72308349609375,101.11193084716797
2019-03-26 00:00:00,36.1093635559082,124.30000305175781,171.26681518554688,252.59197998046875,101.03915405273438
2019-03-27 00:00:00,35.719993591308594,123.6500015258789,170.16676330566406,251.2710723876953,101.96896362304688
2019-03-28 00:00:00,35.956993103027344,121.9000015258789,170.5590057373047,252.2235565185547,102.32469177246094
2019-03-29 00:00:00,36.329429626464844,122.01000213623047,171.85031127929688,253.81396484375,102.22769165039062
2019-04-01 00:00:00,36.930416107177734,121.52999877929688,174.1268768310547,256.8240051269531,100.77564239501953
2019-04-02 00:00:00,36.81191635131836,121.9800033569336,174.7868194580078,256.9498291015625,100.96200561523438
2019-04-03 00:00:00,37.06584167480469,121.80000305175781,175.7912139892578,257.3540954589844,100.0868911743164
2019-04-04 00:00:00,37.29438781738281,122.11000061035156,175.72422790527344,258.0370178222656,100.37051391601562
2019-04-05 00:00:00,37.58217239379883,121.9800033569336,176.6329803466797,259.28594970703125,100.50015258789062
2019-04-08 00:00:00,37.58217239379883,122.51000213623047,177.08251953125,259.4836120605469,100.14362335205078
2019-04-09 00:00:00,37.506004333496094,123.1500015258789,176.46078491210938,258.15374755859375,100.4596176147461
2019-04-10 00:00:00,37.683753967285156,123.52999877929688,177.40773010253906,259.0343933105469,100.70271301269531
2019-04-11 00:00:00,37.27745819091797,121.94999694824219,176.98687744140625,258.96246337890625,100.11122131347656
2019-04-12 00:00:00,37.54832458496094,121.83000183105469,177.7521209716797,260.7146301269531,99.39815521240234
2019-04-15 00:00:00,37.353641510009766,121.5999984741211,177.7808074951172,260.54388427734375,99.6493911743164
2019-04-16 00:00:00,37.632965087890625,120.51000213623047,178.39300537109375,260.7146301269531,99.0254135131836
2019-04-17 00:00:00,37.743003845214844,120.27999877929688,179.0147247314453,260.07672119140625,99.06591033935547
2019-04-18 00:00:00,37.717613220214844,120.37000274658203,179.24424743652344,260.5887451171875,99.58452606201172
2019-04-22 00:00:00,37.472145080566406,120.37000274658203,179.75125122070312,260.8134460449219,99.1064453125
2019-04-23 00:00:00,37.55678176879883,120.12000274658203,182.03736877441406,263.1585998535156,99.31708526611328
2019-04-24 00:00:00,37.048919677734375,120.47000122070312,181.46347045898438,262.5745544433594,100.12742614746094
2019-04-25 00:00:00,36.99813461303711,120.56999969482422,182.19992065429688,262.4126892089844,99.9815902709961
2019-04-26 00:00:00,37.142032623291016,121.37000274658203,182.362548828125,263.634765625,100.32188415527344
2019-04-29 00:00:00,37.21820831298828,120.83000183105469,182.71649169921875,264.0481262207031,99.68175506591797
2019-04-30 00:00:00,37.184349060058594,121.19999694824219,181.30081176757812,264.18280029296875,100.1922378540039
2019-05-01 00:00:00,36.90502166748047,120.4000015258789,180.7173309326172,262.19708251953125,100.60557556152344
2019-05-02 00:00:00,36.98966979980469,119.94000244140625,179.93296813964844,261.63104248046875,100.12642669677734
2019-05-03 00:00:00,37.42982482910156,120.6500015258789,182.80258178710938,264.1918029785156,100.4106674194336
2019-05-06 00:00:00,36.6595573425293,120.80999755859375,181.68344116210938,263.1046447753906,100.6867446899414
2019-05-07 00:00:00,35.94007873535156,121.20999908447266,178.14425659179688,258.7108459472656,101.45813751220703
2019-05-08 00:00:00,35.8892822265625,120.91000366210938,177.6947784423828,258.3514709472656,101.01966094970703
2019-05-09 00:00:00,35.32217025756836,121.19999694824219,176.73822021484375,257.5697021484375,101.43376159667969
2019-05-10 00:00:00,35.53377914428711,121.43000030517578,176.9582061767578,258.8636474609375,101.29573059082031
2019-05-13 00:00:00,34.3487663269043,122.66999816894531,170.8172607421875,252.35841369628906,102.09149932861328
2019-05-14 00:00:00,34.83123016357422,122.45999908447266,172.6920166015625,254.64053344726562,101.7910385131836
2019-05-15 00:00:00,34.898948669433594,122.38999938964844,175.13119506835938,256.1321105957031,102.41629028320312
2019-05-16 00:00:00,34.72966003417969,121.51000213623047,176.8912353515625,258.50421142578125,102.07520294189453
2019-05-17 00:00:00,34.10329055786133,120.6500015258789,175.0833740234375,256.8330078125,102.30257415771484
2019-05-20 00:00:00,33.959388732910156,120.63999938964844,172.12771606445312,255.1348114013672,102.09149932861328
2019-05-21 00:00:00,34.39107131958008,120.36000061035156,173.92596435546875,257.4349670410156,101.9290542602539
2019-05-22 00:00:00,34.2217903137207,120.23999786376953,173.1511688232422,256.644287109375,102.51371002197266
2019-05-23 00:00:00,33.78163528442383,121.16999816894531,170.50155639648438,253.5084228515625,103.666748046875
2019-05-24 00:00:00,33.81549835205078,121.30000305175781,170.41552734375,254.08351135253906,103.75603485107422
2019-05-28 00:00:00,33.933998107910156,120.83000183105469,169.774658203125,251.7204132080078,104.50309753417969
2019-05-29 00:00:00,34.15406799316406,120.87000274658203,168.3780975341797,250.03114318847656,104.81976318359375
2019-05-30 00:00:00,34.340293884277344,121.69000244140625,169.08595275878906,250.714111328125,105.7210464477539
2019-05-31 00:00:00,34.458797454833984,123.33000183105469,166.38848876953125,247.33560180664062,107.04459381103516
2019-06-03 00:00:00,34.77198791503906,125.11000061035156,162.72499084472656,246.70669555664062,107.76061248779297
2019-06-04 00:00:00,34.84815979003906,125.1500015258789,167.30677795410156,252.0618896484375,106.5320053100586
2019-06-05 00:00:00,34.56883239746094,125.47000122070312,168.55029296875,254.24525451660156,105.92988586425781
2019-06-06 00:00:00,34.585758209228516,125.87999725341797,169.88938903808594,255.89862060546875,106.27161407470703
2019-06-07 00:00:00,34.85662078857422,126.58999633789062,173.1703338623047,258.4592590332031,107.19111633300781
2019-06-10 00:00:00,35.22059631347656,125.33000183105469,175.18856811523438,259.6453552246094,106.18213653564453
2019-06-11 00:00:00,35.61842727661133,125.18000030517578,175.4276885986328,259.5824279785156,106.24722290039062
2019-06-12 00:00:00,35.23752975463867,125.83000183105469,174.41380310058594,259.1242370605469,106.32859802246094
2019-06-13 00:00:00,35.178279876708984,126.5999984741211,175.4468231201172,260.1934509277344,106.69476318359375
2019-06-14 00:00:00,34.78891372680664,126.55999755859375,174.70079040527344,259.9058837890625,106.96324920654297
2019-06-17 00:00:00,34.92621994018555,126.4800033569336,175.7528839111328,260.0047607421875,107.15038299560547
2019-06-18 00:00:00,35.770591735839844,127.12000274658203,178.30686950683594,262.7272644042969,107.68734741210938
2019-06-19 00:00:00,36.06911087036133,127.88999938964844,178.9764862060547,263.3202819824219,107.84199523925781
2019-06-20 00:00:00,36.59790802001953,131.11000061035156,180.64085388183594,265.836181640625,108.12679290771484
2019-06-21 00:00:00,36.47850799560547,131.97999572753906,180.37303161621094,265.44970703125,106.9388656616211
2019-06-24 00:00:00,36.42733383178711,133.94000244140625,180.37876892089844,265.12469482421875,107.7362289428711
2019-06-25 00:00:00,36.052059173583984,134.1999969482422,177.2823486328125,262.52435302734375,108.06977844238281
2019-06-26 00:00:00,36.39321517944336,132.97000122070312,178.10675048828125,262.26251220703125,107.37824249267578
2019-06-27 00:00:00,36.649078369140625,132.83999633789062,178.78741455078125,263.1925354003906,108.13493347167969
2019-06-28 00:00:00,36.59790802001953,133.1999969482422,179.01747131347656,264.546875,108.06169891357422
2019-07-01 00:00:00,37.03288650512695,130.6199951171875,181.43325805664062,266.9485168457031,107.80892944335938
2019-07-02 00:00:00,36.93907165527344,133.41000366210938,182.15223693847656,267.6436767578125,108.64049530029297
2019-07-03 00:00:00,36.87084197998047,133.6300048828125,183.52310180664062,269.7835998535156,109.41498565673828
2019-07-05 00:00:00,36.61496353149414,132.13999938964844,183.14923095703125,269.47662353515625,107.96388244628906
2019-07-08 00:00:00,36.39321517944336,131.2899932861328,181.8646697998047,267.99591064453125,108.1106185913086
2019-07-09 00:00:00,36.2823371887207,131.75,182.77537536621094,268.32989501953125,108.0698013305664
2019-07-10 00:00:00,36.589385986328125,133.8300018310547,184.59681701660156,269.6120300292969,107.47467041015625
2019-07-11 00:00:00,36.52114486694336,132.6999969482422,184.46253967285156,270.24407958984375,106.03984832763672
2019-07-12 00:00:00,36.54673767089844,133.52999877929688,185.52667236328125,271.4539489746094,106.16212463378906
2019-07-15 00:00:00,36.68319320678711,133.52999877929688,186.12103271484375,271.54425048828125,106.77361297607422
2019-07-16 00:00:00,36.63203048706055,132.39999389648438,185.16236877441406,270.66845703125,106.45564270019531
2019-07-17 00:00:00,36.52114486694336,134.5800018310547,184.25164794921875,268.8265075683594,107.6051254272461
2019-07-18 00:00:00,36.74289321899414,136.47999572753906,184.46253967285156,269.8106994628906,107.61329650878906
2019-07-19 00:00:00,36.55526351928711,134.47000122070312,183.11085510253906,268.31182861328125,107.3605728149414
2019-07-22 00:00:00,36.56379318237305,134.4499969482422,184.56800842285156,268.9710388183594,107.56440734863281
2019-07-23 00:00:00,36.60642623901367,133.69000244140625,185.7759246826172,270.8941955566406,106.9774398803711
2019-07-24 00:00:00,36.66614532470703,134.3699951171875,187.0796661376953,272.1671447753906,107.44210815429688
2019-07-25 00:00:00,36.342037200927734,133.4199981689453,185.30618286132812,270.8670959472656,106.9284439086914
2019-07-26 00:00:00,36.418800354003906,133.63999938964844,187.21389770507812,272.6819152832031,107.18120574951172
2019-07-29 00:00:00,36.35057067871094,134.52999877929688,186.5715789794922,272.185302734375,107.2138671875
2019-07-30 00:00:00,36.06911087036133,134.97999572753906,185.76629638671875,271.5172119140625,107.47467041015625
2019-07-31 00:00:00,35.625606536865234,133.2100067138672,183.19717407226562,268.5466613769531,108.33887481689453
2019-08-01 00:00:00,34.92621994018555,136.41000366210938,182.2864532470703,266.2081298828125,110.49052429199219
2019-08-02 00:00:00,34.58506393432617,135.88999938964844,179.6022186279297,264.2037353515625,111.51163482666016
2019-08-05 00:00:00,33.305721282958984,137.7899932861328,173.25601196289062,256.25830078125,113.439453125
2019-08-06 00:00:00,33.78334045410156,138.91000366210938,175.68136596679688,259.8517761230469,114.34614562988281
2019-08-07 00:00:00,33.93685531616211,141.02000427246094,176.63043212890625,260.0052795410156,114.3870620727539
2019-08-08 00:00:00,34.35478210449219,141.72999572753906,180.47459411621094,265.10662841796875,114.63204956054688
2019-08-09 00:00:00,34.00510025024414,141.25999450683594,178.77777099609375,263.30096435546875,114.40327453613281
2019-08-12 00:00:00,33.595699310302734,142.6300048828125,176.72633361816406,260.0956726074219,116.78862762451172
2019-08-13 00:00:00,34.02214813232422,141.77999877929688,180.5991973876953,264.1405334472656,116.38834381103516
2019-08-14 00:00:00,33.04132080078125,142.75,175.20205688476562,256.33056640625,119.01053619384766
2019-08-15 00:00:00,33.26307678222656,143.6999969482422,175.00076293945312,257.0077209472656,120.3338623046875
2019-08-16 00:00:00,33.723636627197266,142.77999877929688,177.80958557128906,260.7998352050781,119.36994934082031
2019-08-19 00:00:00,33.860103607177734,141.11000061035156,180.63755798339844,263.94183349609375,117.66268157958984
2019-08-20 00:00:00,33.9283332824707,142.2100067138672,179.23794555664062,261.9194030761719,118.8797836303711
2019-08-21 00:00:00,34.25243377685547,141.75999450683594,180.8292999267578,264.0502624511719,118.08741760253906
2019-08-22 00:00:00,33.808929443359375,141.39999389648438,180.2445068359375,263.96905517578125,117.30325317382812
2019-08-23 00:00:00,33.305721282958984,144.1699981689453,174.5406036376953,257.1883544921875,119.2311019897461
2019-08-26 00:00:00,33.48482131958008,144.19000244140625,177.17686462402344,260.0324401855469,118.74909210205078
2019-08-27 00:00:00,33.54452896118164,145.57000732421875,176.8030242919922,259.0121154785156,120.57889556884766
2019-08-28 00:00:00,33.63834762573242,145.16000366210938,177.43568420410156,260.8359375,120.73407745361328
2019-08-29 00:00:00,34.01362991333008,144.1199951171875,180.14866638183594,264.1675720214844,120.2767105102539
2019-08-30 00:00:00,34.278018951416016,143.75,179.71728515625,264.0502624511719,120.30936431884766
2019-09-03 00:00:00,34.06479263305664,145.75,177.9725341796875,262.5063171386719,120.46488189697266
2019-09-04 00:00:00,34.636234283447266,146.66000366210938,180.5417022705078,265.48583984375,120.64480590820312
2019-09-05 00:00:00,35.0285758972168,143.13999938964844,183.84902954101562,268.8987121582031,118.45993041992188
2019-09-06 00:00:00,35.182098388671875,141.9199981689453,183.6669158935547,269.1064147949219,119.30284881591797
2019-09-09 00:00:00,35.292972564697266,141.38999938964844,183.28346252441406,269.2419128417969,117.18338012695312
2019-09-10 00:00:00,35.31855773925781,140.17999267578125,182.7561492919922,269.1787109375,115.12938690185547
2019-09-11 00:00:00,35.5659065246582,141.02999877929688,184.47213745117188,271.0928649902344,114.9248275756836
2019-09-12 00:00:00,35.821773529052734,141.32000732421875,185.23907470703125,272.03173828125,114.17198181152344
2019-09-13 00:00:00,36.026466369628906,140.14999389648438,184.57760620117188,271.8512268066406,111.73332977294922
2019-09-16 00:00:00,35.74501037597656,141.32000732421875,183.753173828125,271.0115051269531,113.1572265625
2019-09-17 00:00:00,35.74501037597656,141.60000610351562,184.63514709472656,271.6977844238281,113.77095794677734
2019-09-18 00:00:00,35.60002136230469,140.7100067138672,184.5584259033203,271.86029052734375,114.25382995605469
2019-09-19 00:00:00,35.45502853393555,141.27999877929688,184.86520385742188,271.8421936035156,114.59750366210938
2019-09-20 00:00:00,35.48914337158203,142.9499969482422,182.90956115722656,270.5578308105469,116.11138153076172
2019-09-23 00:00:00,35.52326202392578,143.75,182.99024963378906,270.4943542480469,116.0868148803711
2019-09-24 00:00:00,35.14797592163086,144.50999450683594,180.55996704101562,268.3717956542969,117.48615264892578
2019-09-25 00:00:00,35.12239074707031,141.8300018310547,182.58680725097656,269.9591064453125,115.76768493652344
2019-09-26 00:00:00,35.11385726928711,141.7899932861328,181.91439819335938,269.396728515625,116.51237487792969
2019-09-27 00:00:00,34.66182327270508,141.05999755859375,179.65704345703125,267.9454650878906,116.79877471923828
2019-09-30 00:00:00,34.857994079589844,138.8699951171875,181.36688232421875,269.18817138671875,117.08517456054688
2019-10-01 00:00:00,34.61066436767578,139.6300048828125,179.88758850097656,265.9862365722656,117.43763732910156
2019-10-02 00:00:00,34.34626007080078,141.25999450683594,176.7945098876953,261.2876892089844,117.72460174560547
2019-10-03 00:00:00,34.789764404296875,141.89999389648438,178.73487854003906,263.4283142089844,118.7984848022461
2019-10-04 00:00:00,34.94328308105469,141.89999389648438,181.36688232421875,266.9930725097656,119.67554473876953
2019-10-07 00:00:00,34.653297424316406,140.69000244140625,180.81932067871094,265.8410949707031,118.68370056152344
2019-10-08 00:00:00,34.40596008300781,141.9199981689453,178.11053466796875,261.7138671875,119.00340270996094
2019-10-09 00:00:00,34.670352935791016,142.0500030517578,179.84912109375,264.1993103027344,118.3311996459961
2019-10-10 00:00:00,35.0285758972168,140.80999755859375,181.2419891357422,265.9862365722656,116.5687026977539
2019-10-11 00:00:00,35.591487884521484,140.02999877929688,183.57620239257812,268.7436218261719,115.12593841552734
2019-10-14 00:00:00,35.43796157836914,140.58999633789062,183.55699157714844,268.4443664550781,115.96215057373047
2019-10-15 00:00:00,35.7535400390625,139.61000061035156,185.8911895751953,271.10198974609375,114.56034851074219
2019-10-16 00:00:00,35.85587692260742,140.41000366210938,185.4300994873047,270.666748046875,114.69966125488281
2019-10-17 00:00:00,35.99234390258789,140.61000061035156,185.91998291015625,271.4648742675781,114.4210205078125
2019-10-18 00:00:00,35.80470657348633,140.4600067138672,184.13333129882812,270.27667236328125,114.4210205078125
2019-10-21 00:00:00,36.12881851196289,139.7899932861328,185.76632690429688,272.1089172363281,113.56023406982422
2019-10-22 00:00:00,36.15440368652344,140.1999969482422,184.2870635986328,271.21990966796875,114.22420501708984
2019-10-23 00:00:00,36.162925720214844,140.52999877929688,184.64242553710938,272.00909423828125,114.33902740478516
2019-10-24 00:00:00,36.162925720214844,141.52999877929688,186.43870544433594,272.4535217285156,114.10948181152344
2019-10-25 00:00:00,36.418800354003906,141.86000061035156,187.92759704589844,273.56927490234375,113.55207061767578
2019-10-28 00:00:00,36.63203048706055,140.63999938964844,189.7816162109375,275.1112976074219,112.51913452148438
2019-10-29 00:00:00,36.444374084472656,140.25,188.31182861328125,275.0295715332031,112.59293365478516
2019-10-30 00:00:00,36.60642623901367,141.02000427246094,189.22442626953125,275.8731689453125,114.24063110351562
2019-10-31 00:00:00,36.31645584106445,142.42999267578125,189.31085205078125,275.1384582519531,115.78173828125
2019-11-01 00:00:00,36.8623161315918,142.55999755859375,191.03025817871094,277.68731689453125,115.4253921508789
2019-11-04 00:00:00,37.229061126708984,142.14999389648438,192.21180725097656,278.80291748046875,113.90618896484375
2019-11-05 00:00:00,37.44227981567383,139.85000610351562,192.3174591064453,278.4945983886719,112.62516784667969
2019-11-06 00:00:00,37.3228759765625,140.4499969482422,191.8852081298828,278.55804443359375,113.30672454833984
2019-11-07 00:00:00,37.595802307128906,138.27000427246094,192.52880859375,279.5376892089844,111.25375366210938
2019-11-08 00:00:00,37.254638671875,137.38999938964844,193.29727172851562,280.22705078125,110.78575897216797
2019-11-11 00:00:00,36.9902458190918,137.05999755859375,193.03790283203125,279.6918640136719,110.85958862304688
2019-11-12 00:00:00,36.75143051147461,137.42999267578125,193.5950164794922,280.2814025878906,111.36869812011719
2019-11-13 00:00:00,36.469974517822266,137.97999572753906,193.64300537109375,280.3722229003906,112.09142303466797
2019-11-14 00:00:00,36.495567321777344,138.55999755859375,193.48931884765625,280.7804260253906,113.24925231933594
2019-11-15 00:00:00,36.78554916381836,138.2100067138672,194.91104125976562,282.8121032714844,113.12604522705078
2019-11-18 00:00:00,36.7258415222168,138.6199951171875,195.06475830078125,283.020751953125,113.33132934570312
2019-11-19 00:00:00,36.80260467529297,138.69000244140625,195.35292053222656,282.9391174316406,114.27570343017578
2019-11-20 00:00:00,36.64055252075195,138.75999450683594,194.18096923828125,281.88690185546875,115.45825958251953
2019-11-21 00:00:00,36.56379318237305,138.0,193.74868774414062,281.4335021972656,114.735595703125
2019-11-22 00:00:00,36.56379318237305,137.74000549316406,193.8736114501953,282.0592041015625,114.88338470458984
2019-11-25 00:00:00,36.930538177490234,137.0800018310547,196.16940307617188,284.24530029296875,115.22008514404297
2019-11-26 00:00:00,36.81966781616211,137.74000549316406,196.5440216064453,284.88934326171875,115.89347076416016
2019-11-27 00:00:00,36.8623161315918,137.00999450683594,197.9176483154297,286.1592102050781,115.55673217773438
2019-11-29 00:00:00,36.2823371887207,137.86000061035156,197.01470947265625,285.097900390625,115.31040954589844
2019-12-02 00:00:00,36.273799896240234,137.7899932861328,194.9974822998047,282.6761169433594,113.77298736572266
2019-12-03 00:00:00,36.0861701965332,139.11000061035156,193.47018432617188,280.7804260253906,116.15850830078125
2019-12-04 00:00:00,36.359100341796875,138.9199981689453,194.44996643066406,282.51275634765625,114.9986801147461
2019-12-05 00:00:00,36.52114486694336,139.0,194.83421325683594,283.020751953125,114.43925476074219
2019-12-06 00:00:00,36.734371185302734,137.6199951171875,196.91860961914062,285.60589599609375,113.80589294433594
2019-12-09 00:00:00,36.589385986328125,137.5800018310547,196.0253143310547,284.7078857421875,114.05264282226562
2019-12-10 00:00:00,36.71731185913086,137.97000122070312,195.8619842529297,284.3904113769531,114.06088256835938
2019-12-11 00:00:00,37.254638671875,138.9199981689453,196.89942932128906,285.1977844238281,114.95753479003906
2019-12-12 00:00:00,37.90283966064453,138.42999267578125,198.36907958984375,287.6558837890625,113.06556701660156
2019-12-13 00:00:00,37.88579177856445,139.0500030517578,199.0223388671875,287.8282775878906,114.37348175048828
2019-12-16 00:00:00,38.20722961425781,139.0399932861328,201.0203094482422,289.8056335449219,113.34523010253906
2019-12-17 00:00:00,38.5556755065918,139.00999450683594,201.13558959960938,289.8691101074219,113.18892669677734
2019-12-18 00:00:00,38.76474380493164,139.02000427246094,201.2892608642578,289.88726806640625,112.25936889648438
2019-12-19 00:00:00,38.782169342041016,139.3800048828125,202.5476531982422,291.0755615234375,112.43899536132812
2019-12-20 00:00:00,38.86056900024414,139.52000427246094,203.3641357421875,292.3515930175781,112.58733367919922
2019-12-23 00:00:00,38.91283416748047,139.9499969482422,203.9012908935547,292.7983093261719,112.42256927490234
2019-12-24 00:00:00,38.82572555541992,141.27000427246094,204.00718688964844,292.80743408203125,112.74382019042969
2019-12-26 00:00:00,39.10448455810547,142.3800048828125,205.807373046875,294.36602783203125,113.01573181152344
2019-12-27 00:00:00,39.26128005981445,142.3300018310547,205.6340789794922,294.29315185546875,113.13934326171875
2019-12-30 00:00:00,38.99994659423828,142.6300048828125,204.28640747070312,292.67059326171875,112.72736358642578
2019-12-31 00:00:00,39.087059020996094,142.89999389648438,204.67138671875,293.381591796875,111.62335205078125
2020-01-02 00:00:00,39.87977600097656,143.9499969482422,208.08889770507812,296.12530517578125,112.88394165039062
2020-01-03 00:00:00,39.13933181762695,145.86000061035156,206.1827850341797,293.8829345703125,114.62236785888672
2020-01-06 00:00:00,39.04350662231445,147.38999938964844,207.51129150390625,295.0041198730469,113.97150421142578
2020-01-07 00:00:00,39.01736831665039,147.97000122070312,207.48239135742188,294.1746520996094,113.41122436523438
2020-01-08 00:00:00,39.24386215209961,146.86000061035156,209.0419158935547,295.7425231933594,112.66149139404297
2020-01-09 00:00:00,39.505191802978516,146.02999877929688,210.81321716308594,297.747802734375,113.05697631835938
2020-01-10 00:00:00,39.714263916015625,146.91000366210938,210.2740936279297,296.8909912109375,114.06210327148438
2020-01-13 00:00:00,40.332759857177734,145.82000732421875,212.70001220703125,298.93280029296875,113.71605682373047
2020-01-14 00:00:00,40.106266021728516,145.69000244140625,211.86248779296875,298.4769592285156,114.30104064941406
2020-01-15 00:00:00,39.792667388916016,146.5399932861328,211.9490966796875,299.15155029296875,115.05908966064453
2020-01-16 00:00:00,40.045291900634766,146.30999755859375,213.9804229736328,301.6400146484375,114.69654083251953
2020-01-17 00:00:00,40.27178192138672,146.5800018310547,215.03927612304688,302.5788879394531,113.71605682373047
2020-01-21 00:00:00,39.25257110595703,146.74000549316406,214.94302368164062,301.986328125,114.91077423095703
2020-01-22 00:00:00,39.57488250732422,146.7899932861328,215.51100158691406,302.0227966308594,115.31446838378906
2020-01-23 00:00:00,39.165462493896484,147.1199951171875,216.20411682128906,302.3692321777344,116.12188720703125
2020-01-24 00:00:00,38.85186004638672,147.97999572753906,214.38465881347656,299.6802673339844,117.0611343383789
2020-01-27 00:00:00,37.51033401489258,148.99000549316406,209.95645141601562,294.87652587890625,118.88198852539062
2020-01-28 00:00:00,37.82392883300781,147.66000366210938,213.18128967285156,297.96661376953125,117.95099639892578
2020-01-29 00:00:00,38.00687026977539,148.4600067138672,213.5279083251953,297.72052001953125,119.10443878173828
2020-01-30 00:00:00,37.44064712524414,148.47000122070312,214.28843688964844,298.6866455078125,119.12092590332031
2020-01-31 00:00:00,36.682777404785156,149.3300018310547,210.89019775390625,293.2630920410156,120.20844268798828
2020-02-03 00:00:00,37.092201232910156,148.36000061035156,214.07662963867188,295.44158935546875,120.11109161376953
2020-02-04 00:00:00,38.05043029785156,146.42999267578125,218.97657775878906,299.9444580078125,118.49354553222656
2020-02-05 00:00:00,38.268211364746094,146.61000061035156,219.6985626220703,303.4082946777344,117.19786834716797
2020-02-06 00:00:00,38.30305862426758,147.39999389648438,221.5950164794922,304.42926025390625,117.72601318359375
2020-02-07 00:00:00,37.77166748046875,147.7899932861328,220.6419219970703,302.8067932128906,119.1950454711914
2020-02-10 00:00:00,37.98073959350586,148.1699981689453,223.3085479736328,305.0673522949219,119.52517700195312
2020-02-11 00:00:00,38.47727966308594,147.66000366210938,223.34706115722656,305.5960388183594,118.92271423339844
2020-02-12 00:00:00,38.99994659423828,147.5399932861328,225.5226593017578,307.5648498535156,118.3202896118164
2020-02-13 00:00:00,38.48598098754883,148.3800048828125,225.2338409423828,307.2366943359375,118.77415466308594
2020-02-14 00:00:00,38.50341033935547,149.0,225.8788299560547,307.7289733886719,119.29412841796875
2020-02-18 00:00:00,38.250789642333984,150.91000366210938,225.96546936035156,306.93597412109375,120.11109161376953
2020-02-19 00:00:00,38.529541015625,151.7899932861328,228.13145446777344,308.40338134765625,120.10279083251953
2020-02-20 00:00:00,37.92847442626953,152.41000366210938,226.0136260986328,307.136474609375,121.04376983642578
2020-02-21 00:00:00,37.710689544677734,154.6999969482422,221.67202758789062,303.9735107421875,122.17432403564453
2020-02-24 00:00:00,36.29948425292969,156.08999633789062,213.12356567382812,293.8920593261719,123.99816131591797
2020-02-25 00:00:00,36.01201248168945,153.3000030517578,207.32838439941406,284.98651123046875,124.65837097167969
2020-02-26 00:00:00,36.29948425292969,153.97000122070312,208.39691162109375,283.9383544921875,123.99816131591797
2020-02-27 00:00:00,35.42836380004883,154.0,197.96168518066406,271.18609619140625,125.3434066772461
2020-02-28 00:00:00,35.29769515991211,148.3800048828125,198.11570739746094,270.04681396484375,128.17410278320312
2020-03-02 00:00:00,36.06428146362305,149.1999969482422,208.33914184570312,281.7414855957031,127.23102569580078
2020-03-03 00:00:00,35.82037353515625,153.88999938964844,201.65829467773438,273.67462158203125,129.20639038085938
2020-03-04 00:00:00,36.45627975463867,154.16000366210938,210.0719757080078,285.17791748046875,127.83440399169922
2020-03-05 00:00:00,35.689701080322266,157.49000549316406,203.6894989013672,275.6980895996094,131.0164794921875
2020-03-06 00:00:00,34.95796585083008,157.5500030517578,200.25282287597656,271.1404724121094,137.83497619628906
2020-03-09 00:00:00,32.57109832763672,157.80999755859375,186.34239196777344,249.96591186523438,141.57073974609375
2020-03-10 00:00:00,34.22621536254883,154.47999572753906,196.4888153076172,262.9004211425781,134.3141632080078
2020-03-11 00:00:00,32.632080078125,153.92999267578125,187.9307403564453,250.08447265625,129.3717041015625
2020-03-12 00:00:00,29.365379333496094,147.7899932861328,170.6991424560547,226.15707397460938,130.17333984375
2020-03-13 00:00:00,31.482196807861328,143.27999877929688,185.15826416015625,245.4904022216797,127.23102569580078
2020-03-16 00:00:00,27.55345916748047,141.63999938964844,162.97860717773438,218.62794494628906,135.47120666503906
2020-03-17 00:00:00,29.452491760253906,143.55999755859375,175.33914184570312,230.43209838867188,126.43761444091797
2020-03-18 00:00:00,26.908830642700195,140.6999969482422,170.00599670410156,218.7646484375,119.30489349365234
2020-03-19 00:00:00,27.117902755737305,138.0399932861328,171.02642822265625,219.2294921875,122.55307006835938
2020-03-20 00:00:00,27.318260192871094,140.11000061035156,164.3262939453125,209.78201293945312,131.76853942871094
2020-03-23 00:00:00,26.6649169921875,146.3000030517578,164.4449462890625,204.418212890625,137.1986083984375
2020-03-24 00:00:00,28.668487548828125,153.39999389648438,177.1791534423828,222.93917846679688,134.64476013183594
2020-03-25 00:00:00,29.678987503051758,151.3000030517578,175.86712646484375,226.2766876220703,134.3389129638672
2020-03-26 00:00:00,30.802724838256836,153.24000549316406,185.12835693359375,239.48890686035156,135.00009155273438
2020-03-27 00:00:00,29.051780700683594,152.25,178.76133728027344,232.3555908203125,138.60366821289062
2020-03-30 00:00:00,29.530895233154297,152.9199981689453,185.2634735107422,239.90147399902344,137.46316528320312
2020-03-31 00:00:00,29.73125457763672,148.0500030517578,183.68125915527344,236.32565307617188,136.3473358154297
2020-04-01 00:00:00,28.45941925048828,149.4499969482422,175.8767547607422,225.6898651123047,138.2576446533203
2020-04-02 00:00:00,29.41765022277832,151.89999389648438,179.44622802734375,230.89773559570312,139.13494873046875
2020-04-03 00:00:00,28.860136032104492,152.64999389648438,176.8993377685547,227.560302734375,139.46607971191406
2020-04-06 00:00:00,30.436857223510742,156.8800048828125,189.54678344726562,242.84463500976562,139.10191345214844
2020-04-07 00:00:00,30.593664169311523,156.0399932861328,189.46957397460938,243.0922088623047,137.6450958251953
2020-04-08 00:00:00,30.90726089477539,154.64999389648438,193.49244689941406,251.2524871826172,136.64366149902344
2020-04-09 00:00:00,30.794017791748047,158.69000244140625,193.77220153808594,255.07582092285156,136.89195251464844
2020-04-13 00:00:00,30.837575912475586,161.41000366210938,195.8656005859375,252.7469024658203,135.64208984375
2020-04-14 00:00:00,31.54317855834961,162.67999267578125,204.3840789794922,260.201171875,135.6090087890625
2020-04-15 00:00:00,30.73303985595703,161.85000610351562,202.03982543945312,254.67237854003906,139.2012176513672
2020-04-16 00:00:00,30.8985538482666,161.7100067138672,205.72499084472656,255.90106201171875,140.78211975097656
2020-04-17 00:00:00,31.586740493774414,158.57000732421875,207.69297790527344,262.8143615722656,138.8949432373047
2020-04-20 00:00:00,31.18602180480957,159.6999969482422,205.23301696777344,258.1840515136719,140.0123291015625
2020-04-21 00:00:00,30.323612213134766,158.61000061035156,197.6599884033203,250.3447723388672,141.7753448486328
2020-04-22 00:00:00,31.151174545288086,161.72999572753906,203.5254669189453,255.90106201171875,140.326904296875
2020-04-23 00:00:00,31.037935256958008,163.33999633789062,203.09136962890625,255.8826446533203,141.07183837890625
2020-04-24 00:00:00,30.9943790435791,162.63999938964844,206.29417419433594,259.4493713378906,141.40286254882812
2020-04-27 00:00:00,31.62158203125,161.55999755859375,207.95350646972656,263.1902160644531,138.77073669433594
2020-04-28 00:00:00,31.682559967041016,160.83999633789062,204.03675842285156,261.9800109863281,140.36825561523438
2020-04-29 00:00:00,32.6059455871582,161.72999572753906,211.2720947265625,268.8382263183594,139.639892578125
2020-04-30 00:00:00,31.917757034301758,158.8000030517578,211.18528747558594,266.33514404296875,138.0093536376953
2020-05-01 00:00:00,30.76787757873535,159.77999877929688,205.23301696777344,259.28424072265625,139.19114685058594
2020-05-04 00:00:00,31.098907470703125,160.33999633789062,207.62547302246094,259.9994812011719,138.5364227294922
2020-05-05 00:00:00,31.273128509521484,161.02000427246094,209.97943115234375,262.401611328125,137.64964294433594
2020-05-06 00:00:00,31.177305221557617,158.9499969482422,211.2720947265625,260.6229248046875,135.42857360839844
2020-05-07 00:00:00,31.429935455322266,161.38999938964844,213.99261474609375,263.7678527832031,137.69110107421875
2020-05-08 00:00:00,32.091983795166016,160.4199981689453,216.92530822753906,268.1322021484375,135.90090942382812
2020-05-11 00:00:00,31.882905960083008,159.4199981689453,218.86436462402344,268.1871643066406,134.84014892578125
2020-05-12 00:00:00,31.760953903198242,160.0399932861328,214.28199768066406,262.84185791015625,136.22418212890625
2020-05-13 00:00:00,31.69998550415039,161.5800018310547,211.60008239746094,258.1932067871094,137.17726135253906
2020-05-14 00:00:00,31.821935653686523,163.00999450683594,214.0022430419922,261.2830810546875,138.51988220214844
2020-05-15 00:00:00,31.386375427246094,163.92999267578125,215.39146423339844,262.48419189453125,138.16348266601562
2020-05-18 00:00:00,32.61464309692383,162.69000244140625,219.4046173095703,270.47943115234375,135.1301727294922
2020-05-19 00:00:00,32.35331344604492,164.25999450683594,218.85472106933594,267.7012634277344,135.63575744628906
2020-05-20 00:00:00,32.78017044067383,164.64999389648438,223.22488403320312,272.24896240234375,136.04183959960938
2020-05-21 00:00:00,32.405582427978516,162.25,220.79380798339844,270.3694152832031,136.381591796875
2020-05-22 00:00:00,31.734821319580078,163.2100067138672,221.55593872070312,270.88275146484375,137.20216369628906
2020-05-26 00:00:00,32.431724548339844,160.88999938964844,220.95779418945312,274.22027587890625,135.36227416992188
2020-05-27 00:00:00,32.536251068115234,161.17999267578125,222.16372680664062,278.3003234863281,135.11358642578125
2020-05-28 00:00:00,32.30976104736328,161.72000122070312,221.87432861328125,277.7869567871094,134.61631774902344
2020-05-29 00:00:00,32.86727523803711,162.91000366210938,225.12538146972656,279.024658203125,135.57774353027344
2020-06-01 00:00:00,33.625144958496094,163.66000366210938,225.80067443847656,280.1524658203125,134.6649169921875
2020-06-02 00:00:00,34.426578521728516,162.60000610351562,227.31527709960938,282.47216796875,134.17529296875
2020-06-03 00:00:00,35.22800827026367,159.60000610351562,228.33787536621094,286.2314453125,132.39114379882812
2020-06-04 00:00:00,34.73146057128906,161.27999877929688,226.7364501953125,285.4794921875,130.47425842285156
2020-06-05 00:00:00,35.64614486694336,158.00999450683594,231.23202514648438,292.7962951660156,129.54481506347656
2020-06-08 00:00:00,35.86391830444336,159.72000122070312,233.02633666992188,296.33544921875,130.04286193847656
2020-06-09 00:00:00,35.62001419067383,161.25999450683594,234.71461486816406,294.1258239746094,131.51988220214844
2020-06-10 00:00:00,35.88134002685547,163.57000732421875,237.5315704345703,292.4845275878906,133.46998596191406
2020-06-11 00:00:00,34.008445739746094,162.38999938964844,225.76210021972656,275.62298583984375,135.99269104003906
2020-06-12 00:00:00,34.73146057128906,162.6199951171875,227.55645751953125,278.9238586425781,134.6815948486328
2020-06-15 00:00:00,34.416046142578125,162.3300018310547,230.3251495361328,281.5278015136719,134.7561798095703
2020-06-16 00:00:00,34.63508987426758,162.25,234.280517578125,286.94659423828125,132.68991088867188
2020-06-17 00:00:00,34.96803665161133,162.55999755859375,235.0233154296875,285.7546691894531,133.2375946044922
2020-06-18 00:00:00,34.98556137084961,162.24000549316406,235.66004943847656,285.86468505859375,134.64830017089844
2020-06-19 00:00:00,34.97679901123047,164.02999877929688,235.62149047851562,284.23095703125,134.7561798095703
2020-06-22 00:00:00,35.4061279296875,165.08999633789062,238.44717407226562,286.0543212890625,134.77276611328125
2020-06-23 00:00:00,35.747825622558594,166.47999572753906,240.47657775878906,287.3712463378906,133.85171508789062
2020-06-24 00:00:00,35.27470016479492,165.89999389648438,235.51905822753906,280.0407409667969,135.28721618652344
2020-06-25 00:00:00,35.423648834228516,165.8000030517578,237.7610321044922,283.0429992675781,135.67730712890625
2020-06-26 00:00:00,34.994319915771484,166.5399932861328,232.1463165283203,276.3203125,137.1295166015625
2020-06-29 00:00:00,35.15203857421875,166.6300048828125,234.67825317382812,280.3815002441406,136.6980438232422
2020-06-30 00:00:00,35.03813171386719,167.3699951171875,239.27828979492188,283.97308349609375,136.0341339111328
2020-07-01 00:00:00,35.432411193847656,166.6199951171875,242.0711212158203,285.96221923828125,135.76992797851562
2020-07-02 00:00:00,36.23849105834961,166.97999572753906,243.71400451660156,287.53704833984375,135.91119384765625
2020-07-06 00:00:00,37.798072814941406,167.97999572753906,249.7056121826172,291.9757385253906,135.35455322265625
2020-07-07 00:00:00,37.16722869873047,169.0399932861328,247.9854278564453,288.9643859863281,137.25709533691406
2020-07-08 00:00:00,38.131019592285156,170.08999633789062,251.25189208984375,291.17462158203125,136.708740234375
2020-07-09 00:00:00,38.131019592285156,169.6300048828125,253.3682403564453,289.5169372558594,138.885498046875
2020-07-10 00:00:00,37.88569259643555,169.19000244140625,255.0980987548828,292.47314453125,138.18765258789062
2020-07-13 00:00:00,37.631595611572266,169.39999389648438,249.8505401611328,289.9405212402344,138.6444854736328
2020-07-14 00:00:00,37.684165954589844,170.19000244140625,251.61907958984375,293.6978454589844,138.8439483642578
2020-07-15 00:00:00,37.798072814941406,170.33999633789062,252.13128662109375,296.3962707519531,138.19589233398438
2020-07-16 00:00:00,37.26361083984375,168.72999572753906,250.41111755371094,295.4200744628906,138.85215759277344
2020-07-17 00:00:00,37.4738883972168,170.1199951171875,250.7010040283203,296.2765197753906,138.56143188476562
2020-07-20 00:00:00,37.955780029296875,170.94000244140625,257.8135986328125,298.6708679199219,138.9020538330078
2020-07-21 00:00:00,38.306251525878906,173.0,255.1270751953125,299.3062744140625,138.98516845703125
2020-07-22 00:00:00,38.13977813720703,175.6300048828125,256.02581787109375,301.00994873046875,139.4005126953125
2020-07-23 00:00:00,37.83312225341797,177.17999267578125,249.33840942382812,297.4184875488281,141.02891540527344
2020-07-24 00:00:00,37.798072814941406,178.6999969482422,246.97076416015625,295.5029296875,141.02061462402344
2020-07-27 00:00:00,38.38511657714844,182.22999572753906,251.3774871826172,297.65789794921875,140.49716186523438
2020-07-28 00:00:00,38.069679260253906,183.75,248.1787109375,295.7700500488281,141.46925354003906
2020-07-29 00:00:00,38.683006286621094,185.1300048828125,251.03921508789062,299.40765380859375,141.22825622558594
2020-07-30 00:00:00,38.192359924316406,183.75999450683594,252.35354614257812,298.33935546875,142.15882873535156
2020-07-31 00:00:00,37.929500579833984,185.42999267578125,256.8569641113281,300.6968078613281,142.06748962402344
2020-08-03 00:00:00,38.192359924316406,185.63999938964844,260.3262023925781,302.7874450683594,141.35220336914062
2020-08-04 00:00:00,38.70053482055664,189.58999633789062,261.2926025390625,303.95684814453125,142.6995849609375
2020-08-05 00:00:00,39.12108612060547,191.35000610351562,261.9400939941406,305.8448181152344,141.451904296875
2020-08-06 00:00:00,39.24375915527344,193.88999938964844,265.40948486328125,307.88922119140625,142.2421417236328
2020-08-07 00:00:00,38.43767166137695,190.80999755859375,262.34600830078125,308.11029052734375,141.29391479492188
2020-08-10 00:00:00,38.5340576171875,190.14999389648438,261.2249450683594,309.0311584472656,140.6617431640625
2020-08-11 00:00:00,38.42892074584961,179.94000244140625,256.2770690917969,306.48016357421875,138.9900360107422
2020-08-12 00:00:00,38.945858001708984,179.10000610351562,262.7229309082031,310.7532653808594,137.7257843017578
2020-08-13 00:00:00,38.83195877075195,183.3300018310547,263.3220520019531,310.19146728515625,136.25369262695312
2020-08-14 00:00:00,38.76186752319336,182.5399932861328,263.0129089355469,310.20074462890625,135.7213897705078
2020-08-17 00:00:00,39.25252151489258,186.5,266.066650390625,311.18603515625,136.0623779296875
2020-08-18 00:00:00,39.20871353149414,188.17999267578125,268.6275634765625,311.8583679199219,137.03541564941406
2020-08-19 00:00:00,38.72681427001953,182.24000549316406,266.8204040527344,310.5598449707031,136.1787872314453
2020-08-20 00:00:00,38.60415267944336,183.5,270.5216979980469,311.5268859863281,137.40975952148438
2020-08-21 00:00:00,38.79690933227539,182.02999877929688,272.396484375,312.6319580078125,138.233154296875
2020-08-24 00:00:00,39.22623825073242,181.0,274.0972900390625,315.79986572265625,138.0085906982422
2020-08-25 00:00:00,39.620513916015625,181.22000122070312,276.2523498535156,316.9049987792969,136.95228576660156
2020-08-26 00:00:00,39.72565460205078,183.36000061035156,282.1473388671875,320.0821533203125,136.4283447265625
2020-08-27 00:00:00,39.39270782470703,181.24000549316406,281.2679138183594,320.7820129394531,134.10775756835938
2020-08-28 00:00:00,39.90964889526367,184.38999938964844,282.6980895996094,322.85406494140625,134.00799560546875
2020-08-31 00:00:00,39.024715423583984,184.8300018310547,284.9692077636719,321.6844482421875,134.8979034423828
2020-09-01 00:00:00,39.69060516357422,185.0500030517578,289.8398132324219,324.7143859863281,136.44082641601562
2020-09-02 00:00:00,39.5854606628418,182.6199951171875,292.5843811035156,329.4109802246094,137.73980712890625
2020-09-03 00:00:00,38.83195877075195,181.13999938964844,277.7502746582031,318.07452392578125,138.13119506835938
2020-09-04 00:00:00,38.849483489990234,181.63999938964844,274.0489501953125,315.4775390625,135.50828552246094
2020-09-08 00:00:00,38.17482376098633,181.2899932861328,260.8771057128906,306.8577575683594,136.34097290039062
2020-09-09 00:00:00,38.74434280395508,183.0500030517578,268.5406188964844,312.9173889160156,135.97463989257812
2020-09-10 00:00:00,38.12226104736328,182.4600067138672,263.186767578125,307.4841003417969,136.66561889648438
2020-09-11 00:00:00,38.49024200439453,182.4499969482422,261.3603210449219,307.64056396484375,136.9571533203125
2020-09-14 00:00:00,39.11233139038086,183.88999938964844,265.9119873046875,311.69256591796875,136.9488067626953
2020-09-15 00:00:00,39.52413558959961,183.4499969482422,269.6808776855469,313.26739501953125,136.61575317382812
2020-09-16 00:00:00,39.471561431884766,183.97000122070312,265.38043212890625,312.02410888671875,136.2077178955078
2020-09-17 00:00:00,39.3138542175293,182.9600067138672,261.2346496582031,309.2798156738281,136.62403869628906
2020-09-18 00:00:00,39.00719451904297,183.1999969482422,257.9005432128906,305.7191162109375,136.19937133789062
2020-09-21 00:00:00,38.64796447753906,179.52000427246094,258.51910400390625,302.316650390625,136.8905487060547
2020-09-22 00:00:00,38.358821868896484,178.64999389648438,263.3220520019531,305.3955993652344,136.78224182128906
2020-09-23 00:00:00,37.76302719116211,174.7899932861328,255.2816619873047,298.3131408691406,136.96548461914062
2020-09-24 00:00:00,37.58779525756836,175.44000244140625,256.47039794921875,299.1082458496094,137.49000549316406
2020-09-25 00:00:00,37.62283706665039,174.94000244140625,262.4329833984375,303.9440002441406,137.49000549316406
2020-09-28 00:00:00,38.04339599609375,176.6999969482422,267.8834533691406,308.9922790527344,137.09864807128906
2020-09-29 00:00:00,38.01711654663086,178.19000244140625,266.67547607421875,307.30950927734375,137.25692749023438
2020-09-30 00:00:00,38.630435943603516,177.1199951171875,268.501953125,309.6394958496094,135.94125366210938
2020-10-01 00:00:00,38.98966598510742,178.6999969482422,272.763671875,311.6274108886719,136.16549682617188
2020-10-02 00:00:00,38.54281997680664,178.5399932861328,265.090576171875,308.668701171875,135.6570587158203
2020-10-05 00:00:00,39.05976486206055,179.41000366210938,270.7439270019531,314.14227294921875,133.0064239501953
2020-10-06 00:00:00,39.12985610961914,177.3000030517578,265.9119873046875,309.6764221191406,133.7232666015625
2020-10-07 00:00:00,39.55917739868164,177.22000122070312,270.511962890625,315.06689453125,132.74798583984375
2020-10-08 00:00:00,39.88336944580078,177.85000610351562,271.951904296875,317.859130859375,133.46482849121094
2020-10-09 00:00:00,40.15497970581055,181.0800018310547,276.1073913574219,320.69769287109375,133.43988037109375
2020-10-12 00:00:00,40.50545120239258,180.55999755859375,284.6309509277344,325.8569030761719,133.864990234375
2020-10-13 00:00:00,40.33897399902344,177.72000122070312,284.62127685546875,323.7303466796875,134.82351684570312
2020-10-14 00:00:00,40.067359924316406,178.27000427246094,282.24395751953125,321.6961975097656,135.1319580078125
2020-10-15 00:00:00,39.778221130371094,178.9199981689453,280.349853515625,321.2987060546875,134.89854431152344
2020-10-16 00:00:00,39.91841506958008,178.3000030517578,278.8133544921875,321.1045837402344,134.5234832763672
2020-10-19 00:00:00,39.80450439453125,178.38999938964844,274.2615661621094,316.22265625,134.0149383544922
2020-10-20 00:00:00,40.24259567260742,179.25,274.85113525390625,317.48931884765625,132.7396240234375
2020-10-21 00:00:00,40.35649871826172,180.60000610351562,274.638427734375,316.8883361816406,132.28123474121094
2020-10-22 00:00:00,40.34773254394531,178.8300018310547,274.62884521484375,318.6266174316406,130.9059295654297
2020-10-23 00:00:00,40.58430099487305,178.63999938964844,275.1699523925781,319.70843505859375,131.70608520507812
2020-10-26 00:00:00,40.05860137939453,178.5500030517578,271.04351806640625,313.80023193359375,132.931396484375
2020-10-27 00:00:00,40.23383331298828,179.02000427246094,273.1599426269531,312.7184143066406,133.82325744628906
2020-10-28 00:00:00,39.22623825073242,176.1300048828125,262.51031494140625,302.0300598144531,133.9483184814453
2020-10-29 00:00:00,39.620513916015625,175.39999389648438,267.10064697265625,305.0997314453125,132.6480255126953
2020-10-30 00:00:00,39.17366027832031,176.1999969482422,260.3262023925781,301.9190979003906,131.3394012451172
2020-11-02 00:00:00,39.67308044433594,177.91000366210938,260.9061584472656,305.3031005859375,132.32310485839844
2020-11-03 00:00:00,39.84832000732422,178.9199981689453,265.41912841796875,310.69354248046875,131.55538940429688
2020-11-04 00:00:00,41.10124969482422,178.82000732421875,277.26702880859375,317.63726806640625,134.40911865234375
2020-11-05 00:00:00,41.80216979980469,182.92999267578125,284.4957275390625,323.8321533203125,134.642822265625
2020-11-06 00:00:00,41.994937896728516,183.19000244140625,284.70831298828125,323.7580871582031,133.0156707763672
2020-11-09 00:00:00,42.2840690612793,175.0800018310547,278.8906555175781,327.8262939453125,130.2203369140625
2020-11-10 00:00:00,41.80216979980469,175.66000366210938,273.8943786621094,327.34552001953125,129.4694061279297
2020-11-11 00:00:00,42.073787689208984,174.89999389648438,280.02130126953125,329.7772521972656,129.93666076660156
2020-11-12 00:00:00,41.75838088989258,175.9600067138672,278.70703125,326.5781555175781,132.1479034423828
2020-11-13 00:00:00,42.34540939331055,177.16000366210938,281.15203857421875,331.09942626953125,131.97268676757812
2020-11-16 00:00:00,42.87110900878906,177.14999389648438,283.3457336425781,335.232421875,131.6556396484375
2020-11-17 00:00:00,42.82730484008789,176.5,282.44696044921875,333.4294738769531,132.5150909423828
2020-11-18 00:00:00,42.678348541259766,175.49000549316406,280.3595275878906,329.4166564941406,132.8988494873047
2020-11-19 00:00:00,42.748443603515625,175.16000366210938,282.5532531738281,330.8035888671875,133.5831298828125
2020-11-20 00:00:00,42.98501205444336,175.69000244140625,280.6204528808594,328.53826904296875,134.7679901123047
2020-11-23 00:00:00,43.098915100097656,172.22999572753906,280.6302185058594,330.50775146484375,134.1505126953125
2020-11-24 00:00:00,43.67718505859375,169.58999633789062,284.5729675292969,335.8334045410156,132.81544494628906
2020-11-25 00:00:00,43.43186569213867,169.50999450683594,286.3221435546875,335.3157043457031,132.40667724609375
2020-11-27 00:00:00,43.843666076660156,167.7899932861328,288.9603576660156,336.24957275390625,133.69161987304688
2020-11-30 00:00:00,42.69587707519531,166.6699981689453,289.5499267578125,334.7608642578125,133.5247039794922
2020-12-01 00:00:00,43.5369987487793,170.17999267578125,293.2608337402344,338.42230224609375,131.55593872070312
2020-12-02 00:00:00,43.59832763671875,171.4600067138672,293.6376953125,339.13427734375,130.51190185546875
2020-12-03 00:00:00,44.09776306152344,172.80999755859375,294.0533142089844,339.0418395996094,131.5643310546875
2020-12-04 00:00:00,44.5533561706543,172.32000732421875,295.2515563964844,341.9635314941406,129.63479614257812
2020-12-07 00:00:00,44.5533561706543,174.88999938964844,296.9234313964844,341.2607727050781,130.8042449951172
2020-12-08 00:00:00,44.57088851928711,175.5,297.928466796875,342.25933837890625,131.4222412109375
2020-12-09 00:00:00,44.185367584228516,172.5,291.18310546875,339.189697265625,130.98800659179688
2020-12-10 00:00:00,44.754886627197266,172.1699981689453,292.3524475097656,339.078857421875,132.1490478515625
2020-12-11 00:00:00,44.43946075439453,172.49000549316406,291.70501708984375,338.68121337890625,132.61683654785156
2020-12-14 00:00:00,44.20841598510742,171.5399932861328,293.8213195800781,337.16485595703125,132.24923706054688
2020-12-15 00:00:00,44.68643569946289,173.94000244140625,296.9621276855469,341.7231140136719,131.80657958984375
2020-12-16 00:00:00,44.89889144897461,174.89999389648438,298.5953674316406,342.25933837890625,131.45574951171875
2020-12-17 00:00:00,45.19102096557617,176.74000549316406,300.5474548339844,344.17327880859375,131.10787963867188
2020-12-18 00:00:00,45.13790512084961,176.44000244140625,299.6389465332031,342.79901123046875,130.71495056152344
2020-12-21 00:00:00,44.4739875793457,175.8800048828125,299.0784912109375,341.5733642578125,131.23333740234375
2020-12-22 00:00:00,44.119895935058594,174.49000549316406,299.8916931152344,340.9976501464844,131.91058349609375
2020-12-23 00:00:00,44.57135772705078,175.64999389648438,298.3813781738281,341.3040771484375,130.99923706054688
2020-12-24 00:00:00,44.37660598754883,176.35000610351562,299.6981201171875,342.63201904296875,131.5176239013672
2020-12-28 00:00:00,44.500545501708984,175.7100067138672,302.7186279296875,345.5753479003906,131.57618713378906
2020-12-29 00:00:00,45.164466857910156,176.35000610351562,302.98974609375,344.9161071777344,131.4088592529297
2020-12-30 00:00:00,45.766422271728516,177.6999969482422,302.99945068359375,345.4082336425781,131.69317626953125
2020-12-31 00:00:00,45.73985290527344,178.36000061035156,303.7449035644531,347.1632080078125,131.8854217529297
2021-01-04 00:00:00,46.03199005126953,182.3300018310547,299.4560241699219,342.43701171875,131.7266082763672
2021-01-05 00:00:00,47.13852310180664,182.8699951171875,301.9247741699219,344.79547119140625,130.74835205078125
2021-01-06 00:00:00,46.74017333984375,179.89999389648438,297.742431640625,346.8567810058594,128.0643310546875
2021-01-07 00:00:00,47.18278503417969,179.47999572753906,304.9454650878906,352.0101623535156,126.93548583984375
2021-01-08 00:00:00,48.43096160888672,173.33999633789062,308.866455078125,354.015869140625,126.52581024169922
2021-01-11 00:00:00,47.77589416503906,173.0,304.4031982421875,351.62945556640625,126.31676483154297
2021-01-12 00:00:00,48.24506378173828,174.1199951171875,303.919189453125,351.70379638671875,126.21641540527344
2021-01-13 00:00:00,48.351287841796875,173.3699951171875,305.9716491699219,352.65093994140625,127.63790893554688
2021-01-14 00:00:00,48.802757263183594,173.27999877929688,304.33551025390625,351.41595458984375,126.44219970703125
2021-01-15 00:00:00,48.11227798461914,171.1300048828125,301.9247741699219,348.8531799316406,126.94390869140625
2021-01-19 00:00:00,48.90898513793945,172.5800018310547,306.3298645019531,351.5923156738281,127.35360717773438
2021-01-20 00:00:00,49.76766586303711,175.38999938964844,313.455322265625,356.45794677734375,127.47903442382812
2021-01-21 00:00:00,49.85618209838867,175.27999877929688,315.9627685546875,356.78277587890625,126.58431243896484
2021-01-22 00:00:00,49.422428131103516,173.89999389648438,315.0528259277344,355.52008056640625,126.99406433105469
2021-01-25 00:00:00,49.794212341308594,174.0500030517578,317.6571044921875,356.92218017578125,128.4907684326172
2021-01-26 00:00:00,49.431278228759766,173.6199951171875,318.121826171875,356.364990234375,128.2482147216797
2021-01-27 00:00:00,48.05915832519531,172.52000427246094,309.253662109375,347.6552734375,128.57437133789062
2021-01-28 00:00:00,48.39554977416992,172.67999267578125,311.0833435058594,350.64532470703125,127.86365509033203
2021-01-29 00:00:00,47.1916389465332,172.61000061035156,304.53875732421875,343.6254577636719,127.09439849853516
2021-02-01 00:00:00,48.46637725830078,174.22999572753906,312.1484680175781,349.34521484375,127.24171447753906
2021-02-02 00:00:00,49.09489059448242,172.11000061035156,317.2407531738281,354.2851257324219,126.4213638305664
2021-02-03 00:00:00,49.34275436401367,171.85000610351562,315.982177734375,354.563720703125,125.2995834350586
2021-02-04 00:00:00,49.36044692993164,168.14999389648438,319.7192077636719,358.59356689453125,124.96469116210938
2021-02-05 00:00:00,49.78536605834961,169.80999755859375,320.8035583496094,360.00494384765625,123.91834259033203
2021-02-08 00:00:00,49.87389373779297,171.52000427246094,322.9527893066406,362.60491943359375,124.46249389648438
2021-02-09 00:00:00,50.405029296875,172.0800018310547,322.8851013183594,362.3634033203125,124.55455017089844
2021-02-10 00:00:00,50.58207321166992,172.7100067138672,322.1493225097656,362.20556640625,125.38330841064453
2021-02-11 00:00:00,51.12206268310547,171.2100067138672,323.9209289550781,362.7905578613281,124.6969223022461
2021-02-12 00:00:00,51.16632843017578,170.69000244140625,325.7314147949219,364.58270263671875,123.14822387695312
2021-02-16 00:00:00,51.29025650024414,168.24000549316406,324.8504333496094,364.2669677734375,121.27307891845703
2021-02-17 00:00:00,51.30796432495117,166.3300018310547,323.291748046875,364.3505859375,122.04320526123047
2021-02-18 00:00:00,50.59978485107422,166.32000732421875,321.87811279296875,362.7998352050781,121.54933166503906
2021-02-19 00:00:00,50.92731475830078,167.00999450683594,320.4743957519531,362.1591491699219,119.93367004394531
2021-02-22 00:00:00,49.431278228759766,169.50999450683594,312.1678466796875,359.3735046386719,119.02125549316406
2021-02-23 00:00:00,49.6525764465332,169.1199951171875,311.2383117675781,359.80999755859375,118.6780014038086
2021-02-24 00:00:00,49.33390426635742,169.0,313.8038024902344,363.77490234375,117.89950561523438
2021-02-25 00:00:00,48.209651947021484,165.82000732421875,302.8638916015625,355.00933837890625,115.97413635253906
2021-02-26 00:00:00,47.563438415527344,161.80999755859375,304.1322021484375,353.18011474609375,119.80812072753906
2021-03-01 00:00:00,48.83816909790039,161.52999877929688,313.2810974121094,361.7413330078125,118.22578430175781
2021-03-02 00:00:00,48.36015319824219,162.41000366210938,308.25640869140625,358.9185485839844,118.23414611816406
2021-03-03 00:00:00,48.26277542114258,160.6199951171875,299.310791015625,354.1643981933594,116.9517822265625
2021-03-04 00:00:00,47.13852310180664,159.0399932861328,294.4120178222656,349.7816162109375,116.19747161865234
2021-03-05 00:00:00,47.65196228027344,159.13999938964844,298.8460693359375,356.2164611816406,116.42378997802734
2021-03-08 00:00:00,46.36838150024414,157.49000549316406,290.384521484375,354.4429931640625,115.51863861083984
2021-03-09 00:00:00,47.38638687133789,160.83999633789062,301.83770751953125,359.5035400390625,117.119384765625
2021-03-10 00:00:00,47.17393493652344,161.66000366210938,300.9760437011719,361.7413330078125,117.3541259765625
2021-03-11 00:00:00,48.66112518310547,161.52000427246094,307.90789794921875,365.4090576171875,116.50761413574219
2021-03-12 00:00:00,47.79359817504883,161.49000549316406,305.41009521484375,365.9012145996094,114.03507995605469
2021-03-15 00:00:00,47.90867614746094,162.1999969482422,308.67266845703125,368.0832824707031,114.70562744140625
2021-03-16 00:00:00,48.11227798461914,162.35000610351562,310.36700439453125,367.6190185546875,114.24462890625
2021-03-17 00:00:00,48.17424392700195,163.50999450683594,311.6449890136719,368.8725891113281,113.38976287841797
2021-03-18 00:00:00,47.28902053833008,162.55999755859375,302.0990905761719,363.5055236816406,112.24150848388672
2021-03-19 00:00:00,47.87327575683594,163.24000549316406,303.1640319824219,362.83294677734375,112.93719482421875
2021-03-22 00:00:00,47.73162841796875,163.0,308.8493957519531,365.7301940917969,114.20271301269531
2021-03-23 00:00:00,46.819847106933594,161.80999755859375,307.5019226074219,362.85162353515625,115.23362731933594
2021-03-24 00:00:00,45.748714447021484,162.3699951171875,302.3157958984375,361.0069580078125,115.8538818359375
2021-03-25 00:00:00,45.96116638183594,161.77999877929688,301.7923278808594,363.03790283203125,114.94029998779297
2021-03-26 00:00:00,47.15623092651367,162.24000549316406,306.31927490234375,368.88824462890625,114.53800964355469
2021-03-29 00:00:00,46.82870101928711,160.30999755859375,306.2320556640625,368.7020263671875,113.56575775146484
2021-03-30 00:00:00,46.979183197021484,157.57000732421875,304.69073486328125,367.7238464355469,114.16084289550781
2021-03-31 00:00:00,47.21820068359375,159.9600067138672,309.3533630371094,369.2142639160156,113.52388763427734
2021-04-01 00:00:00,47.67852020263672,161.97999572753906,314.62677001953125,373.2014465332031,115.40801239013672
2021-04-05 00:00:00,47.864410400390625,161.9199981689453,320.908203125,378.55804443359375,114.9045181274414
2021-04-06 00:00:00,48.12998962402344,163.22000122070312,320.6853942871094,378.33441162109375,115.6850357055664
2021-04-07 00:00:00,47.42180252075195,162.75999450683594,321.46075439453125,378.77227783203125,114.8792953491211
2021-04-08 00:00:00,47.81129837036133,164.50999450683594,324.8147888183594,380.5702819824219,115.82763671875
2021-04-09 00:00:00,47.40409851074219,163.27000427246094,326.78265380859375,383.3370666503906,115.40801239013672
2021-04-12 00:00:00,47.120819091796875,162.27999877929688,326.3560791015625,383.4768981933594,115.35765838623047
2021-04-13 00:00:00,47.315574645996094,163.42999267578125,330.1656494140625,384.61328125,116.22213745117188
2021-04-14 00:00:00,47.554588317871094,162.72000122070312,326.2010803222656,383.29986572265625,115.85285186767578
2021-04-15 00:00:00,47.988346099853516,165.35000610351562,331.1447448730469,387.4173889160156,117.79151916503906
2021-04-16 00:00:00,48.11227798461914,166.35000610351562,331.53253173828125,388.7122802734375,116.87672424316406
2021-04-19 00:00:00,47.93523406982422,165.88999938964844,328.49835205078125,386.8025817871094,116.54105377197266
2021-04-20 00:00:00,47.54573440551758,166.47999572753906,326.10394287109375,383.9704895019531,117.07820129394531
2021-04-21 00:00:00,47.83786392211914,168.1300048828125,328.895751953125,387.6037292480469,117.31316375732422
2021-04-22 00:00:00,47.66966247558594,167.0399932861328,324.93115234375,384.0637512207031,117.8250961303711
2021-04-23 00:00:00,48.36015319824219,166.39999389648438,329.0218505859375,388.2279052734375,117.5481948852539
2021-04-26 00:00:00,48.42211151123047,166.83999633789062,331.16412353515625,389.038330078125,117.38032531738281
2021-04-27 00:00:00,48.39554977416992,166.4199981689453,329.7294921875,388.9544372558594,116.3564224243164
2021-04-28 00:00:00,48.75849914550781,166.91000366210938,328.6147155761719,388.8427734375,116.43196105957031
2021-04-29 00:00:00,48.64341735839844,166.22000122070312,329.7972717285156,391.3207702636719,116.08783721923828
2021-04-30 00:00:00,47.78474807739258,165.66000366210938,327.6356506347656,388.7495422363281,116.3564224243164
2021-05-03 00:00:00,47.78474807739258,167.80999755859375,325.8907775878906,389.5880126953125,116.42615509033203
2021-05-04 00:00:00,47.2447509765625,166.5800018310547,320.026123046875,387.18450927734375,117.21623992919922
2021-05-05 00:00:00,47.466060638427734,167.27000427246094,318.9501037597656,387.30560302734375,117.4095687866211
2021-05-06 00:00:00,47.91753005981445,170.05999755859375,321.3540954589844,390.39849853515625,117.6029052734375
2021-05-07 00:00:00,48.41325378417969,171.58999633789062,323.96173095703125,393.23980712890625,117.02291107177734
2021-05-10 00:00:00,47.54573440551758,172.11000061035156,315.7802429199219,389.34576416015625,115.83784484863281
2021-05-11 00:00:00,47.41294860839844,172.13999938964844,315.3441162109375,385.8709411621094,115.18222045898438
2021-05-12 00:00:00,46.102806091308594,170.42999267578125,307.18206787109375,377.67303466796875,113.9719009399414
2021-05-13 00:00:00,46.040836334228516,171.1300048828125,309.5569763183594,382.2098693847656,114.14844512939453
2021-05-14 00:00:00,46.87295913696289,172.69000244140625,316.3910217285156,388.078857421875,115.21585845947266
2021-05-17 00:00:00,46.82870101928711,174.6999969482422,314.4716796875,387.0914001464844,114.97209167480469
2021-05-18 00:00:00,47.457210540771484,175.0399932861328,312.3487548828125,383.7563171386719,114.67794036865234
2021-05-19 00:00:00,47.315574645996094,175.16000366210938,312.70733642578125,382.75018310546875,114.40052795410156
2021-05-20 00:00:00,47.59000015258789,175.9600067138672,318.7562561035156,386.8678283691406,115.34190368652344
2021-05-21 00:00:00,47.04114532470703,176.0399932861328,316.99200439453125,386.5510559082031,115.71173858642578
2021-05-24 00:00:00,47.43065643310547,176.35000610351562,322.32354736328125,390.4916687011719,116.1404037475586
2021-05-25 00:00:00,47.899818420410156,177.9499969482422,322.7694396972656,389.625244140625,117.21623992919922
2021-05-26 00:00:00,48.253910064697266,177.63999938964844,323.8939208984375,390.39849853515625,117.01453399658203
2021-05-27 00:00:00,48.26277542114258,177.7100067138672,322.6820983886719,390.6033935546875,116.54379272460938
2021-05-28 00:00:00,48.572601318359375,178.3800048828125,323.70001220703125,391.30218505859375,116.35894012451172
2021-06-01 00:00:00,49.572914123535156,177.89999389648438,322.6240234375,390.95745849609375,116.33283996582031
2021-06-02 00:00:00,49.6525764465332,178.77000427246094,323.2540588378906,391.57232666015625,116.60211944580078
2021-06-03 00:00:00,49.121437072753906,175.27000427246094,319.8904113769531,390.1190490722656,116.16448211669922
2021-06-04 00:00:00,49.564064025878906,177.16000366210938,325.3188781738281,393.68695068359375,117.75538635253906
2021-06-07 00:00:00,49.316192626953125,177.8699951171875,326.2881774902344,393.3050231933594,117.39339447021484
2021-06-08 00:00:00,49.077178955078125,177.32000732421875,326.44329833984375,393.3888244628906,118.2182846069336
2021-06-09 00:00:00,48.935543060302734,176.97999572753906,326.5209045410156,392.8019714355469,119.26194763183594
2021-06-10 00:00:00,49.32763671875,177.74000549316406,329.9233093261719,394.6278076171875,119.97747802734375
2021-06-11 00:00:00,49.15871047973633,175.74000549316406,330.7860412597656,395.280029296875,119.78386688232422
2021-06-14 00:00:00,49.292076110839844,174.7100067138672,333.9559020996094,396.1650390625,118.86634826660156
2021-06-15 00:00:00,48.954219818115234,174.0500030517578,331.77484130859375,395.4383544921875,118.72327423095703
2021-06-16 00:00:00,48.287384033203125,171.11000061035156,330.5631103515625,393.2304382324219,118.62230682373047
2021-06-17 00:00:00,48.55411911010742,165.85000610351562,334.7604064941406,393.10009765625,120.39828491210938
2021-06-18 00:00:00,48.21625518798828,164.92999267578125,332.13348388671875,387.7969970703125,122.66252899169922
2021-06-21 00:00:00,48.42074203491211,166.9499969482422,334.1977233886719,393.34869384765625,120.60871124267578
2021-06-22 00:00:00,48.1984748840332,166.25,337.3130187988281,395.45159912109375,120.90331268310547
2021-06-23 00:00:00,48.491878509521484,166.13999938964844,337.47796630859375,394.9749450683594,120.5919189453125
2021-06-24 00:00:00,48.93643569946289,166.0399932861328,339.5645446777344,397.3115234375,120.78546142578125
2021-06-25 00:00:00,49.34542465209961,166.58999633789062,339.147216796875,398.7227478027344,119.53137969970703
2021-06-28 00:00:00,49.389869689941406,166.5800018310547,343.2718200683594,399.52655029296875,120.7602767944336
2021-06-29 00:00:00,49.35430908203125,164.8300018310547,344.51397705078125,399.7416076660156,120.96223449707031
2021-06-30 00:00:00,49.034244537353516,165.6300048828125,343.9704895019531,400.0780029296875,121.50093078613281
2021-07-01 00:00:00,48.75861740112305,166.1999969482422,344.10638427734375,402.2930908203125,121.5076675415039
2021-07-02 00:00:00,48.70526123046875,167.2899932861328,348.0563049316406,405.36798095703125,122.24089813232422
2021-07-06 00:00:00,47.85171890258789,168.1199951171875,349.560546875,404.62969970703125,123.6737289428711
2021-07-07 00:00:00,47.798377990722656,168.75999450683594,350.2981262207031,406.05963134765625,124.76937103271484
2021-07-08 00:00:00,46.80257797241211,168.64999389648438,348.18243408203125,402.7510986328125,125.2581787109375
2021-07-09 00:00:00,47.61166763305664,169.2100067138672,350.35638427734375,407.0503845214844,123.49674224853516
2021-07-12 00:00:00,47.65612030029297,169.0,351.7247619628906,408.5083312988281,123.33653259277344
2021-07-13 00:00:00,47.70058059692383,169.22000122070312,351.7247619628906,407.1158142089844,122.39266204833984
2021-07-14 00:00:00,47.905067443847656,171.0399932861328,352.35552978515625,407.7233581542969,123.78326416015625
2021-07-15 00:00:00,48.02064895629883,171.07000732421875,349.8808288574219,406.3307189941406,125.14862060546875
2021-07-16 00:00:00,47.64722442626953,169.41000366210938,347.0469665527344,403.14361572265625,124.91265106201172
2021-07-19 00:00:00,46.84703063964844,169.61000061035156,344.2034912109375,397.19000244140625,127.65176391601562
2021-07-20 00:00:00,46.99817657470703,169.38999938964844,348.201904296875,402.8819274902344,126.42125701904297
2021-07-21 00:00:00,47.30047607421875,168.75999450683594,350.89007568359375,406.1437683105469,124.81993103027344
2021-07-22 00:00:00,47.38938522338867,169.08999633789062,353.2095642089844,406.9942932128906,125.9998779296875
2021-07-23 00:00:00,46.686988830566406,168.55999755859375,357.33416748046875,411.1814270019531,125.15708923339844
2021-07-26 00:00:00,45.797882080078125,168.16000366210938,357.6155090332031,412.1908874511719,124.78620147705078
2021-07-27 00:00:00,44.87321472167969,168.44000244140625,353.6754150390625,410.3123474121094,126.11785888671875
2021-07-28 00:00:00,46.09129333496094,169.2899932861328,355.0340270996094,410.14398193359375,126.12626647949219
2021-07-29 00:00:00,46.32245635986328,171.1699981689453,355.6649169921875,411.8450012207031,125.42677307128906
2021-07-30 00:00:00,45.877906799316406,169.82000732421875,353.8112487792969,409.844970703125,126.01671600341797
2021-08-02 00:00:00,46.20687484741211,169.61000061035156,353.8404846191406,408.9850158691406,127.14066314697266
2021-08-03 00:00:00,46.402469635009766,169.49000549316406,355.9851989746094,412.3124084472656,127.2081527709961
2021-08-04 00:00:00,46.64254379272461,169.52999877929688,356.4994812011719,410.2841796875,127.46981048583984
2021-08-05 00:00:00,46.571407318115234,168.86000061035156,358.7608337402344,412.8824768066406,126.82001495361328
2021-08-06 00:00:00,46.18019485473633,164.63999938964844,357.18853759765625,413.5647888183594,124.7020034790039
2021-08-09 00:00:00,46.33135223388672,161.72000122070312,357.8485412597656,413.2283020019531,124.25479125976562
2021-08-10 00:00:00,46.39358139038086,161.77000427246094,356.0142822265625,413.7422790527344,123.68099212646484
2021-08-11 00:00:00,46.51805877685547,164.0,355.4028625488281,414.7704162597656,123.6050033569336
2021-08-12 00:00:00,46.10906982421875,164.0399932861328,356.6838684082031,416.0135192871094,123.40251159667969
2021-08-13 00:00:00,45.99348831176758,166.38999938964844,357.9358825683594,416.7705383300781,125.35171508789062
2021-08-16 00:00:00,45.57560729980469,167.22000122070312,358.0911560058594,417.7519226074219,125.6555404663086
2021-08-17 00:00:00,44.739845275878906,166.97000122070312,354.93701171875,415.013427734375,125.60491180419922
2021-08-18 00:00:00,44.81098175048828,167.10000610351562,351.5208740234375,410.47113037109375,126.02680969238281
2021-08-19 00:00:00,44.04634475708008,166.61000061035156,353.21923828125,411.1067199707031,126.95510864257812
2021-08-20 00:00:00,44.010780334472656,166.6999969482422,356.87799072265625,414.3778991699219,127.03941345214844
2021-08-23 00:00:00,44.67761993408203,168.72999572753906,362.2156982421875,418.02301025390625,126.95510864257812
2021-08-24 00:00:00,45.69118881225586,168.64999389648438,363.3220520019531,418.6865234375,125.96778106689453
2021-08-25 00:00:00,45.744537353515625,167.47999572753906,363.73931884765625,419.5650939941406,124.92138671875
2021-08-26 00:00:00,45.308876037597656,167.6699981689453,361.4297180175781,417.0883483886719,125.26737213134766
2021-08-27 00:00:00,45.86902618408203,170.19000244140625,364.94281005859375,420.8174743652344,126.11959075927734
2021-08-30 00:00:00,45.96682357788086,169.35000610351562,369.03826904296875,422.66802978515625,126.44872283935547
2021-08-31 00:00:00,46.598079681396484,169.69000244140625,368.7374267578125,422.0418395996094,125.5880355834961
2021-09-01 00:00:00,47.19378662109375,169.6999969482422,369.3487854003906,422.26617431640625,125.79843139648438
2021-09-02 00:00:00,46.98039627075195,169.25,369.1741638183594,423.5652770996094,126.34758758544922
2021-09-03 00:00:00,47.229347229003906,171.05999755859375,370.3095703125,423.4625549316406,125.1985092163086
2021-09-07 00:00:00,47.504974365234375,167.7100067138672,370.8336486816406,421.9483947753906,124.14239501953125
2021-09-08 00:00:00,46.81147003173828,167.2899932861328,369.5429382324219,421.43438720703125,124.98725128173828
2021-09-09 00:00:00,46.722557067871094,168.02999877929688,368.2716064453125,419.6304931640625,126.49968719482422
2021-09-10 00:00:00,46.66921615600586,167.17999267578125,365.4765625,416.3219299316406,125.38438415527344
2021-09-13 00:00:00,46.7936897277832,167.74000549316406,365.22418212890625,417.3873596191406,126.14482116699219
2021-09-14 00:00:00,46.402469635009766,168.82000732421875,364.1858825683594,415.13494873046875,127.67410278320312
2021-09-15 00:00:00,46.39358139038086,167.8300018310547,366.8934631347656,418.60247802734375,127.226318359375
2021-09-16 00:00:00,45.86902618408203,164.02999877929688,367.1457824707031,417.9388427734375,126.6432876586914
2021-09-17 00:00:00,45.67341232299805,163.77000427246094,362.7980041503906,413.8676452636719,126.03500366210938
2021-09-20 00:00:00,44.446449279785156,164.94000244140625,355.3014221191406,406.9667663574219,127.59806060791016
2021-09-21 00:00:00,44.77541732788086,166.0399932861328,355.7386169433594,406.58233642578125,127.48822784423828
2021-09-22 00:00:00,45.33555221557617,165.4199981689453,359.06134033203125,410.5484924316406,128.24864196777344
2021-09-23 00:00:00,45.69118881225586,163.50999450683594,362.3743896484375,415.53662109375,125.35061645507812
2021-09-24 00:00:00,45.148834228515625,163.3000030517578,362.7144775390625,416.2211608886719,124.12549591064453
2021-09-27 00:00:00,45.44224548339844,163.63999938964844,359.8192138671875,415.0303649902344,123.66921997070312
2021-09-28 00:00:00,44.85543441772461,162.0500030517578,349.6371765136719,406.6667175292969,121.7428207397461
2021-09-29 00:00:00,44.43754959106445,161.32000732421875,349.0639343261719,407.35125732421875,121.95409393310547
2021-09-30 00:00:00,44.79319763183594,164.22000122070312,347.7815246582031,402.3724670410156,121.93714904785156
2021-10-01 00:00:00,44.748741149902344,164.58999633789062,349.9383544921875,407.154296875,122.96334075927734
2021-10-04 00:00:00,44.09080123901367,165.36000061035156,342.5933532714844,401.903564453125,122.65033721923828
2021-10-05 00:00:00,44.4019889831543,164.58999633789062,347.2179260253906,406.08538818359375,121.46600341796875
2021-10-06 00:00:00,44.15303421020508,165.02999877929688,349.44287109375,407.77313232421875,122.15125274658203
2021-10-07 00:00:00,45.01546859741211,164.16000366210938,352.6490173339844,411.298583984375,120.87381744384766
2021-10-08 00:00:00,45.18440246582031,164.22999572753906,350.8905029296875,410.5484924316406,120.02777862548828
2021-10-11 00:00:00,45.095497131347656,163.9199981689453,348.1992492675781,407.5762023925781,119.72325897216797
2021-10-12 00:00:00,44.864322662353516,164.66000366210938,346.9848937988281,406.57293701171875,121.7705307006836
2021-10-13 00:00:00,45.4866943359375,167.58999633789062,349.7634582519531,408.03570556640625,122.9549331665039
2021-10-14 00:00:00,45.62895202636719,168.0,356.2049865722656,414.8990173339844,123.41178131103516
2021-10-15 00:00:00,46.18019485473633,165.3300018310547,358.4492492675781,418.0588073730469,122.69268798828125
2021-10-18 00:00:00,46.06462097167969,164.9199981689453,362.0537414550781,419.2964782714844,123.26793670654297
2021-10-19 00:00:00,46.678096771240234,165.4499969482422,364.79364013671875,422.5313415527344,121.56752014160156
2021-10-20 00:00:00,46.66921615600586,166.89999389648438,364.3175964355469,424.1909484863281,120.74687194824219
2021-10-21 00:00:00,46.366912841796875,166.75,366.54241943359375,425.2973327636719,120.60306549072266
2021-10-22 00:00:00,46.269107818603516,167.77000427246094,363.462646484375,424.8565979003906,121.93131256103516
2021-10-25 00:00:00,46.509178161621094,168.92999267578125,367.18365478515625,427.1350402832031,121.74519348144531
2021-10-26 00:00:00,46.269107818603516,167.67999267578125,368.33978271484375,427.5194396972656,122.75184631347656
2021-10-27 00:00:00,45.895687103271484,168.1199951171875,369.1947326660156,425.6254577636719,124.98530578613281
2021-10-28 00:00:00,45.94014358520508,168.0800018310547,373.2948303222656,429.7322998046875,124.56230926513672
2021-10-29 00:00:00,45.2733154296875,166.64999389648438,375.1310729980469,430.60430908203125,124.94293975830078
2021-11-01 00:00:00,45.62895202636719,167.52000427246094,376.41357421875,431.344970703125,124.04336547851562
2021-11-02 00:00:00,45.21996307373047,167.16000366210938,377.9873962402344,433.0889892578125,124.59395599365234
2021-11-03 00:00:00,45.433345794677734,165.77000427246094,382.00006103515625,435.7330627441406,123.30644989013672
2021-11-04 00:00:00,45.326656341552734,167.64999389648438,386.89678955078125,437.7864685058594,124.6024398803711
2021-11-05 00:00:00,45.2733154296875,169.83999633789062,387.2659606933594,439.3053894042969,126.46595001220703
2021-11-08 00:00:00,45.69118881225586,170.4499969482422,386.7412414550781,439.6805114746094,126.2287826538086
2021-11-09 00:00:00,45.51337432861328,171.2899932861328,384.07916259765625,438.2271728515625,127.87212371826172
2021-11-10 00:00:00,45.326656341552734,173.14999389648438,378.434326171875,434.70166015625,125.53425598144531
2021-11-11 00:00:00,46.10906982421875,174.1199951171875,379.4836730957031,434.84234619140625,125.34785461425781
2021-11-12 00:00:00,46.23355484008789,174.4499969482422,383.4769287109375,438.1239929199219,124.7972640991211
2021-11-15 00:00:00,46.08240509033203,174.17999267578125,383.3893737792969,438.2740173339844,123.23020935058594
2021-11-16 00:00:00,46.14464569091797,172.9199981689453,386.11944580078125,440.0086975097656,122.91683959960938
2021-11-17 00:00:00,45.90457534790039,174.5,386.32354736328125,438.93975830078125,123.89097595214844
2021-11-18 00:00:00,45.34443283081055,173.94000244140625,390.32635498046875,440.43060302734375,124.35675811767578
2021-11-19 00:00:00,45.2733154296875,172.61000061035156,392.5026550292969,439.64300537109375,125.66974639892578
2021-11-22 00:00:00,44.90877914428711,168.74000549316406,387.9460144042969,438.4053039550781,124.19583129882812
2021-11-23 00:00:00,44.864322662353516,167.27999877929688,386.1777648925781,438.98663330078125,122.40008544921875
2021-11-24 00:00:00,44.802093505859375,167.1199951171875,387.42144775390625,440.1587219238281,124.36528778076172
2021-11-26 00:00:00,43.299495697021484,166.85000610351562,380.0762939453125,430.341796875,127.50784301757812
2021-11-29 00:00:00,43.46842575073242,166.6199951171875,388.3248596191406,435.62060546875,126.48295593261719
2021-11-30 00:00:00,43.42396926879883,165.5,382.6218566894531,427.1443786621094,128.4057159423828
2021-12-01 00:00:00,43.58401107788086,166.16000366210938,376.1122741699219,422.40008544921875,129.1978759765625
2021-12-02 00:00:00,44.11747360229492,165.24000549316406,378.8229675292969,428.86962890625,129.35902404785156
2021-12-03 00:00:00,43.49509811401367,166.6300048828125,372.2358703613281,425.137939453125,130.9025421142578
2021-12-06 00:00:00,43.83296585083008,166.22000122070312,375.2185363769531,430.1729736328125,129.10455322265625
2021-12-07 00:00:00,44.52646255493164,166.80999755859375,386.517822265625,439.0710144042969,128.0614013671875
2021-12-08 00:00:00,44.70428466796875,166.89999389648438,388.2471923828125,440.2336730957031,125.84791564941406
2021-12-09 00:00:00,44.49089813232422,165.8800048828125,382.5343933105469,437.26141357421875,126.55182647705078
2021-12-10 00:00:00,44.52646255493164,166.5800018310547,386.69268798828125,441.3775939941406,126.24654388427734
2021-12-13 00:00:00,43.8203239440918,167.0,381.1061706542969,437.4676818847656,128.11228942871094
2021-12-14 00:00:00,43.72112274169922,165.44000244140625,377.1615905761719,434.4579772949219,127.8070297241211
2021-12-15 00:00:00,43.59486770629883,166.14999389648438,385.7600402832031,441.246337890625,126.57726287841797
2021-12-16 00:00:00,43.64897918701172,168.16000366210938,375.8402404785156,437.35516357421875,126.62647247314453
2021-12-17 00:00:00,43.43252944946289,167.8000030517578,373.9652099609375,432.700439453125,128.06143188476562
2021-12-20 00:00:00,42.78321075439453,167.08999633789062,370.33758544921875,428.0993957519531,127.10198211669922
2021-12-21 00:00:00,43.50468063354492,167.02000427246094,378.6258239746094,435.70196533203125,126.61801147460938
2021-12-22 00:00:00,43.71210479736328,168.58999633789062,383.2369689941406,440.0584411621094,127.20387268066406
2021-12-23 00:00:00,43.937564849853516,168.97000122070312,386.1261901855469,442.79656982421875,126.10009765625
2021-12-27 00:00:00,44.13596725463867,169.3699951171875,392.50787353515625,449.06304931640625,126.40574645996094
2021-12-28 00:00:00,43.991668701171875,168.63999938964844,390.68865966796875,448.69610595703125,125.90485382080078
2021-12-29 00:00:00,43.79327392578125,168.58999633789062,390.6302795410156,449.2700500488281,124.52933502197266
2021-12-30 00:00:00,44.29495620727539,169.8000030517578,389.46295166015625,448.0280456542969,125.57369232177734
2021-12-31 00:00:00,44.078407287597656,170.9600067138672,387.0309143066406,446.8989562988281,125.81993865966797
2022-01-03 00:00:00,44.394222259521484,168.3300018310547,390.75677490234375,449.4864807128906,122.51714324951172
2022-01-04 00:00:00,44.24081802368164,169.57000732421875,385.6884460449219,449.3359069824219,122.00765991210938
2022-01-05 00:00:00,43.51897048950195,169.05999755859375,373.8397216796875,440.7077331542969,121.34542083740234
2022-01-06 00:00:00,43.71747970581055,166.99000549316406,373.5770263671875,440.29364013671875,121.65957641601562
2022-01-07 00:00:00,44.114498138427734,167.75,369.5301513671875,438.552978515625,120.78507232666016
2022-01-10 00:00:00,44.114498138427734,168.25999450683594,369.7733459472656,438.0072937011719,121.0822525024414
2022-01-11 00:00:00,45.134124755859375,170.2899932861328,375.3281555175781,441.9967041015625,121.88878631591797
2022-01-12 00:00:00,45.8830451965332,170.74000549316406,376.81646728515625,443.19171142578125,121.42186737060547
2022-01-13 00:00:00,45.233367919921875,170.16000366210938,367.3899230957031,437.08514404296875,122.5000991821289
2022-01-14 00:00:00,45.215328216552734,169.6699981689453,369.67608642578125,437.263916015625,120.64924621582031
2022-01-18 00:00:00,44.41226577758789,169.38999938964844,360.4732971191406,429.5201110839844,118.95115661621094
2022-01-19 00:00:00,44.60174560546875,172.0800018310547,356.5140075683594,425.0602111816406,119.77469635009766
2022-01-20 00:00:00,44.86342239379883,171.64999389648438,351.8834533691406,420.3555603027344,120.51335144042969
2022-01-21 00:00:00,44.21375274658203,171.08999633789062,342.1261901855469,412.10369873046875,121.94830322265625
2022-01-24 00:00:00,43.59115219116211,172.02999877929688,343.6923828125,413.8538513183594,120.94644927978516
2022-01-25 00:00:00,43.50994110107422,172.5800018310547,335.72515869140625,408.8011169433594,120.75109100341797
2022-01-26 00:00:00,42.959529876708984,169.7899932861328,335.1998596191406,407.7755126953125,119.2907485961914
2022-01-27 00:00:00,42.46324157714844,167.60000610351562,331.82421875,405.7619934082031,121.48130798339844
2022-01-28 00:00:00,42.670780181884766,167.10000610351562,342.23321533203125,415.8392028808594,121.52375030517578
2022-01-31 00:00:00,44.069374084472656,168.08999633789062,353.17730712890625,423.3289489746094,120.89543151855469
2022-02-01 00:00:00,44.34007263183594,168.22999572753906,355.5800476074219,426.1893615722656,120.494140625
2022-02-02 00:00:00,44.26789474487305,168.83999633789062,358.46929931640625,430.3293151855469,120.90227508544922
2022-02-03 00:00:00,43.79867935180664,168.60000610351562,343.9355773925781,420.2143859863281,119.95850372314453
2022-02-04 00:00:00,43.90696334838867,168.86000061035156,348.27435302734375,422.1903991699219,118.19003295898438
2022-02-07 00:00:00,43.81673049926758,170.11000061035156,345.47271728515625,420.8354797363281,118.26657104492188
2022-02-08 00:00:00,44.24081802368164,170.6300048828125,349.3541259765625,424.298095703125,117.47584533691406
2022-02-09 00:00:00,44.93560791015625,171.2100067138672,356.7572937011719,430.5080871582031,117.69695281982422
2022-02-10 00:00:00,44.63784408569336,170.55999755859375,348.6829833984375,422.7737731933594,115.82642364501953
2022-02-11 00:00:00,43.96110153198242,173.80999755859375,337.6221008300781,414.4372253417969,117.54389190673828
2022-02-14 00:00:00,43.65431213378906,174.74000549316406,338.0404357910156,413.082275390625,116.08147430419922
2022-02-15 00:00:00,44.60174560546875,173.0800018310547,346.4454345703125,419.7440490722656,114.76364135742188
2022-02-16 00:00:00,44.92658996582031,174.86000061035156,346.3579406738281,420.2143859863281,115.44375610351562
2022-02-17 00:00:00,44.403236389160156,177.25,336.05596923828125,411.23809814453125,116.30250549316406
2022-02-18 00:00:00,43.96110153198242,177.1199951171875,332.2229919433594,408.5753479003906,117.52688598632812
2022-02-22 00:00:00,43.338497161865234,177.49000549316406,328.8862609863281,404.1905822753906,117.83293914794922
2022-02-23 00:00:00,42.83320236206055,178.2899932861328,320.4618835449219,397.0207824707031,116.20903778076172
2022-02-24 00:00:00,41.94892501831055,177.13999938964844,331.2306823730469,402.99566650390625,116.28553771972656
2022-02-25 00:00:00,42.724918365478516,176.5500030517578,336.3672180175781,411.8873596191406,116.37053680419922
2022-02-28 00:00:00,42.16547775268555,178.3800048828125,337.3691101074219,410.8334655761719,118.92121887207031
2022-03-01 00:00:00,41.606040954589844,181.6199951171875,332.20355224609375,404.5763854980469,120.29612731933594
2022-03-02 00:00:00,41.67823028564453,179.72999572753906,337.77777099609375,412.0190734863281,116.18409729003906
2022-03-03 00:00:00,41.09172058105469,180.8000030517578,332.9526672363281,409.96783447265625,117.36748504638672
2022-03-04 00:00:00,40.26158142089844,183.67999267578125,328.1275329589844,406.6369934082031,119.3936996459961
2022-03-07 00:00:00,38.75471115112305,186.41000366210938,316.0258483886719,394.64971923828125,118.48281860351562
2022-03-08 00:00:00,38.88103103637695,191.50999450683594,314.5568542480469,391.6575927734375,117.29090881347656
2022-03-09 00:00:00,39.98186492919922,185.82000732421875,325.8803405761719,402.15814208984375,116.14153289794922
2022-03-10 00:00:00,39.232933044433594,186.39999389648438,322.2615966796875,400.34222412109375,114.47291564941406
2022-03-11 00:00:00,38.41181945800781,185.08999633789062,315.5782470703125,395.2518615722656,114.85604858398438
2022-03-14 00:00:00,37.48243713378906,182.3000030517578,309.51776123046875,392.36334228515625,112.17424011230469
2022-03-15 00:00:00,37.53656768798828,178.88999938964844,319.2263488769531,400.9914855957031,111.97846221923828
2022-03-16 00:00:00,40.559349060058594,180.00999450683594,331.0653991699219,409.8831787109375,113.07669067382812
2022-03-17 00:00:00,40.35181427001953,180.88999938964844,335.07342529296875,415.0111999511719,112.23384094238281
2022-03-18 00:00:00,40.929298400878906,179.3000030517578,341.931640625,419.55670166015625,113.60452270507812
2022-03-21 00:00:00,40.29767990112305,180.6699981689453,340.98095703125,419.43408203125,110.9738540649414
2022-03-22 00:00:00,41.02854919433594,179.36000061035156,347.68212890625,424.3420104980469,109.55207824707031
2022-03-23 00:00:00,40.75785446166992,181.80999755859375,342.6855163574219,418.87713623046875,111.95292663574219
2022-03-24 00:00:00,40.97441101074219,183.1300048828125,350.3022155761719,425.19146728515625,111.07598876953125
2022-03-25 00:00:00,40.64957809448242,182.3800048828125,350.01007080078125,427.2679138183594,109.5350341796875
2022-03-28 00:00:00,40.78493118286133,179.05999755859375,355.4256286621094,430.3071594238281,110.47152709960938
2022-03-29 00:00:00,41.47971725463867,179.13999938964844,361.5423583984375,435.6302490234375,111.30586242675781
2022-03-30 00:00:00,41.36241149902344,180.5800018310547,357.54888916015625,432.9403991699219,112.17424011230469
2022-03-31 00:00:00,40.73981475830078,180.64999389648438,353.1171875,426.27691650390625,112.44670104980469
2022-04-01 00:00:00,41.41655731201172,179.5,352.4450378417969,427.4849853515625,112.87469482421875
2022-04-04 00:00:00,42.147430419921875,180.3699951171875,359.7015075683594,431.1471252441406,112.09029388427734
2022-04-05 00:00:00,41.371437072753906,179.24000549316406,351.714599609375,425.70111083984375,109.55789947509766
2022-04-06 00:00:00,40.83004379272461,179.66000366210938,344.078369140625,421.4443359375,108.67110443115234
2022-04-07 00:00:00,40.505210876464844,180.33999633789062,344.8965759277344,423.5680236816406,107.85254669189453
2022-04-08 00:00:00,40.541297912597656,181.47000122070312,340.07525634765625,422.4353942871094,106.68446350097656
2022-04-11 00:00:00,40.03600311279297,182.3699951171875,332.0299377441406,415.2149658203125,104.99616241455078
2022-04-12 00:00:00,39.9096794128418,183.77000427246094,330.6273498535156,413.6766052246094,104.8512191772461
2022-04-13 00:00:00,40.43302536010742,184.64999389648438,337.34796142578125,418.4146423339844,105.06439971923828
2022-04-14 00:00:00,39.9096794128418,184.0399932861328,329.6337585449219,413.2047119140625,102.95832824707031
2022-04-18 00:00:00,39.77432632446289,184.61000061035156,329.8870849609375,413.37457275390625,102.44673919677734
2022-04-19 00:00:00,39.57581329345703,181.82000732421875,337.2603454589844,420.0475158691406,101.67932891845703
2022-04-20 00:00:00,39.341209411621094,182.7100067138672,332.34161376953125,419.7361145019531,103.7257308959961
2022-04-21 00:00:00,38.58325958251953,182.05999755859375,325.465087890625,413.45947265625,102.95832824707031
2022-04-22 00:00:00,38.24038314819336,180.2899932861328,316.9425048828125,402.114501953125,102.31029510498047
2022-04-25 00:00:00,37.960662841796875,177.0500030517578,321.0137634277344,404.4458312988281,103.33352661132812
2022-04-26 00:00:00,37.13052749633789,177.32000732421875,308.89715576171875,392.73272705078125,104.37371826171875
2022-04-27 00:00:00,37.56364440917969,175.97999572753906,308.5270080566406,393.83697509765625,103.03504180908203
2022-04-28 00:00:00,38.105037689208984,176.92999267578125,319.4846496582031,403.7851257324219,103.18856811523438
2022-04-29 00:00:00,38.24038314819336,176.91000366210938,305.10821533203125,388.8629455566406,101.84986114501953
2022-05-02 00:00:00,38.18624496459961,173.6300048828125,310.2023620605469,391.2037048339844,100.08443450927734
2022-05-03 00:00:00,38.465965270996094,174.08999633789062,310.53350830078125,392.9969787597656,100.75918579101562
2022-05-04 00:00:00,38.88103103637695,175.8000030517578,321.0333557128906,404.96490478515625,101.31436157226562
2022-05-05 00:00:00,37.44633865356445,175.1300048828125,304.8647766113281,390.5713806152344,98.53849792480469
2022-05-06 00:00:00,36.93201446533203,175.4199981689453,301.21221923828125,388.2400207519531,97.08649444580078
2022-05-09 00:00:00,35.86728286743164,172.8800048828125,289.4267883300781,375.8096008300781,97.94060516357422
2022-05-10 00:00:00,36.038719177246094,171.4199981689453,292.9429626464844,376.677978515625,98.82889556884766
2022-05-11 00:00:00,35.786075592041016,172.82000732421875,284.2547607421875,370.6940612792969,100.73355102539062
2022-05-12 00:00:00,35.55146408081055,170.1699981689453,283.58270263671875,370.3070983886719,100.54564666748047
2022-05-13 00:00:00,36.53499221801758,168.7899932861328,294.09228515625,379.1602783203125,99.05951690673828
2022-05-16 00:00:00,36.390628814697266,170.39999389648438,290.6831970214844,377.6217956542969,98.9570083618164
2022-05-17 00:00:00,37.2839241027832,169.3300018310547,298.2123107910156,385.3896789550781,97.76128387451172
2022-05-18 00:00:00,36.390628814697266,169.4199981689453,283.5729675292969,369.85406494140625,99.84526824951172
2022-05-19 00:00:00,36.96811294555664,171.91000366210938,282.0534973144531,367.5887451171875,100.08443450927734
2022-05-20 00:00:00,37.12150573730469,172.02999877929688,281.1768798828125,367.74920654296875,101.22036743164062
2022-05-23 00:00:00,37.401222229003906,172.8300018310547,285.85211181640625,374.6297607421875,99.55485534667969
2022-05-24 00:00:00,36.751548767089844,174.1300048828125,279.7743225097656,371.76995849609375,101.51934051513672
2022-05-25 00:00:00,36.93201446533203,173.0800018310547,283.68988037109375,375.0545349121094,101.9207763671875
2022-05-26 00:00:00,37.50950622558594,172.75999450683594,291.5500793457031,382.5486755371094,101.45954895019531
2022-05-27 00:00:00,37.9426155090332,172.85000610351562,301.066162109375,391.93988037109375,101.70724487304688
2022-05-31 00:00:00,38.47498321533203,171.13999938964844,300.2674865722656,389.74072265625,99.55485534667969
2022-06-01 00:00:00,38.20429229736328,172.22999572753906,298.04669189453125,386.5882873535156,99.44108581542969
2022-06-02 00:00:00,38.86299133300781,174.35000610351562,306.2088928222656,393.9502258300781,99.4924087524414
2022-06-03 00:00:00,38.23135757446289,172.5800018310547,298.24151611328125,387.4849548339844,99.27848815917969
2022-06-06 00:00:00,38.43889236450195,171.82000732421875,299.2350158691406,388.6648254394531,97.44746398925781
2022-06-07 00:00:00,38.55619430541992,172.94000244140625,301.81610107421875,392.39288330078125,98.49990844726562
2022-06-08 00:00:00,38.76372528076172,172.77999877929688,299.64410400390625,388.12677001953125,97.62713623046875
2022-06-09 00:00:00,37.846458435058594,172.22999572753906,291.6182861328125,378.8960266113281,97.9522705078125
2022-06-10 00:00:00,37.42786407470703,174.5399932861328,281.3326721191406,367.90966796875,97.34480285644531
2022-06-13 00:00:00,36.11747741699219,169.92999267578125,268.2518310546875,353.9408264160156,94.29019165039062
2022-06-14 00:00:00,36.61797332763672,168.57000732421875,268.73883056640625,352.874267578125,93.10087585449219
2022-06-15 00:00:00,37.10027313232422,170.77000427246094,275.4496154785156,357.9049987792969,94.83781433105469
2022-06-16 00:00:00,35.9627799987793,172.69000244140625,264.3363037109375,346.0597839355469,95.59078979492188
2022-06-17 00:00:00,36.09927749633789,171.27000427246094,267.5505065917969,346.80572509765625,95.8987808227539
2022-06-21 00:00:00,36.68167495727539,170.6300048828125,274.3006591796875,355.5361633300781,94.2730941772461
2022-06-22 00:00:00,36.02648162841797,171.30999755859375,273.90057373046875,354.89154052734375,96.86565399169922
2022-06-23 00:00:00,36.135677337646484,170.25999450683594,277.9797058105469,358.370361328125,97.66139221191406
2022-06-24 00:00:00,36.99106979370117,170.08999633789062,287.5043640136719,369.76434326171875,96.30947875976562
2022-06-27 00:00:00,37.03657150268555,169.89999389648438,285.396484375,368.3518981933594,95.48808288574219
2022-06-28 00:00:00,36.80907440185547,169.6199951171875,276.7013244628906,360.8254699707031,95.9329833984375
2022-06-29 00:00:00,36.663475036621094,169.49000549316406,276.95513916015625,360.5316467285156,97.43034362792969
2022-06-30 00:00:00,36.490577697753906,168.4600067138672,273.51995849609375,357.6025695800781,98.2860107421875
2022-07-01 00:00:00,36.26307678222656,168.32000732421875,275.3253479003906,361.3846740722656,99.2950439453125
2022-07-05 00:00:00,35.980979919433594,164.75,280.038818359375,362.0672607421875,100.07518005371094
2022-07-06 00:00:00,35.76258087158203,162.13999938964844,281.83447265625,363.2900695800781,98.39485168457031
2022-07-07 00:00:00,36.481475830078125,162.22999572753906,287.8654479980469,368.7311096191406,97.5289535522461
2022-07-08 00:00:00,36.481475830078125,162.3000030517578,288.2264404296875,368.42779541015625,96.44873809814453
2022-07-11 00:00:00,35.507781982421875,161.42999267578125,282.0686950683594,364.2190246582031,98.1119613647461
2022-07-12 00:00:00,35.37128829956055,160.8300018310547,279.336181640625,360.99609375,98.6949462890625
2022-07-13 00:00:00,35.28938674926758,161.60000610351562,278.7603759765625,359.1002502441406,99.82660675048828
2022-07-14 00:00:00,34.97089385986328,159.3300018310547,279.75579833984375,358.2281494140625,99.01213073730469
2022-07-15 00:00:00,35.152889251708984,159.00999450683594,284.8304443359375,365.0721740722656,99.56940460205078
2022-07-18 00:00:00,35.398590087890625,159.16000366210938,282.4200134277344,362.05780029296875,98.53202819824219
2022-07-19 00:00:00,35.980979919433594,159.5399932861328,291.1053771972656,371.8403015136719,98.0005111694336
2022-07-20 00:00:00,35.82627868652344,158.0399932861328,295.7213134765625,374.2100524902344,98.25770568847656
2022-07-21 00:00:00,36.23577880859375,160.27000427246094,299.9662780761719,378.0207824707031,99.95516204833984
2022-07-22 00:00:00,35.87177658081055,160.6699981689453,294.70635986328125,374.5134582519531,101.63555908203125
2022-07-25 00:00:00,35.99918746948242,160.22999572753906,293.02783203125,374.9684753417969,100.64103698730469
2022-07-26 00:00:00,35.717079162597656,160.0399932861328,287.27020263671875,370.53216552734375,100.71821594238281
2022-07-27 00:00:00,36.38137435913086,161.6699981689453,299.4100646972656,380.1535339355469,100.15237426757812
2022-07-28 00:00:00,36.53607940673828,163.63999938964844,302.3376159667969,384.921630859375,100.9496841430664
2022-07-29 00:00:00,36.36317443847656,164.10000610351562,307.8514709472656,390.5332336425781,100.67533874511719
2022-08-01 00:00:00,36.053775787353516,165.02999877929688,307.666015625,389.3768310546875,103.0999526977539
2022-08-02 00:00:00,35.88088607788086,164.0500030517578,306.7486572265625,386.8079528808594,100.91839599609375
2022-08-03 00:00:00,36.16298294067383,164.4499969482422,315.10223388671875,392.86517333984375,102.50733184814453
2022-08-04 00:00:00,36.41777420043945,167.1699981689453,316.5758361816406,392.5997619628906,102.47298431396484
2022-08-05 00:00:00,36.45417404174805,165.2899932861328,313.98974609375,391.9361877441406,100.03378295898438
2022-08-08 00:00:00,36.49967956542969,166.69000244140625,312.9748840332031,391.4811706542969,101.64844512939453
2022-08-09 00:00:00,36.36317443847656,167.1999969482422,309.432373046875,389.9266052246094,101.25336456298828
2022-08-10 00:00:00,36.81816864013672,166.77999877929688,318.0690002441406,398.11663818359375,100.59204864501953
2022-08-11 00:00:00,36.96377182006836,166.33999633789062,316.2635498046875,398.11663818359375,98.24728393554688
2022-08-12 00:00:00,37.355064392089844,167.8699951171875,322.42144775390625,404.8564147949219,99.24357604980469
2022-08-15 00:00:00,37.18217086791992,165.7100067138672,325.0269775390625,406.52471923828125,99.15767669677734
2022-08-16 00:00:00,37.17306900024414,165.4199981689453,324.26580810546875,407.3209533691406,99.56998443603516
2022-08-17 00:00:00,37.01837158203125,164.35000610351562,320.56719970703125,404.42974853515625,98.53070068359375
2022-08-18 00:00:00,36.80907440185547,163.9199981689453,321.33819580078125,405.60516357421875,98.67668151855469
2022-08-19 00:00:00,36.30857849121094,162.72000122070312,315.0730285644531,400.1546325683594,97.08780670166016
2022-08-22 00:00:00,35.990081787109375,161.63999938964844,306.7779541015625,391.8223876953125,96.76141357421875
2022-08-23 00:00:00,36.181175231933594,162.77000427246094,306.52423095703125,390.8744812011719,96.22892761230469
2022-08-24 00:00:00,36.17207717895508,163.25,307.41229248046875,392.1257629394531,95.52466583251953
2022-08-25 00:00:00,36.95466995239258,163.75,312.8480529785156,397.6615905761719,96.85590362548828
2022-08-26 00:00:00,36.40867233276367,161.75999450683594,300.02490234375,384.201171875,97.5859375
2022-08-29 00:00:00,36.181175231933594,161.86000061035156,297.0679931640625,381.6607666015625,96.7785873413086
2022-08-30 00:00:00,35.75347900390625,160.50999450683594,293.75970458984375,377.4708557128906,97.01908874511719
2022-08-31 00:00:00,35.88088607788086,159.27000427246094,292.0518798828125,374.5987243652344,96.09149169921875
2022-09-01 00:00:00,35.598785400390625,157.8699951171875,292.1788635253906,375.774169921875,94.33224487304688
2022-09-02 00:00:00,35.27118682861328,159.25999450683594,288.05084228515625,371.8117980957031,94.86583709716797
2022-09-06 00:00:00,34.85259246826172,158.3300018310547,285.9819641113281,370.4089660644531,92.51616668701172
2022-09-07 00:00:00,35.161991119384766,159.94000244140625,291.7591857910156,377.0633239746094,93.97935485839844
2022-09-08 00:00:00,34.97089385986328,158.97999572753906,293.27178955078125,379.5279541015625,93.01535034179688
2022-09-09 00:00:00,35.48958969116211,159.82000732421875,299.68328857421875,385.4239807128906,93.22193908691406
2022-09-12 00:00:00,36.01737976074219,160.6300048828125,303.2452392578125,389.5663757324219,92.45592498779297
2022-09-13 00:00:00,34.90719223022461,158.5399932861328,286.6163024902344,372.62701416015625,92.67107391357422
2022-09-14 00:00:00,35.08008575439453,157.92999267578125,288.8901062011719,374.0489196777344,92.98954772949219
2022-09-15 00:00:00,34.706993103027344,154.97999572753906,284.0790100097656,369.8022766113281,92.92931365966797
2022-09-16 00:00:00,34.38850402832031,155.83999633789062,282.34197998046875,366.9810485839844,92.15467834472656
2022-09-19 00:00:00,34.4976921081543,155.9600067138672,284.5406494140625,369.82696533203125,92.36985778808594
2022-09-20 00:00:00,34.30659866333008,155.07000732421875,282.27252197265625,365.5819091796875,91.44888305664062
2022-09-21 00:00:00,33.73330307006836,155.7899932861328,277.2181091308594,359.2047424316406,92.98096466064453
2022-09-22 00:00:00,33.56950759887695,155.6999969482422,273.8062438964844,356.18756103515625,90.60543060302734
2022-09-23 00:00:00,32.74142074584961,153.00999450683594,269.3481750488281,350.2196350097656,90.97550964355469
2022-09-26 00:00:00,32.341026306152344,151.22999572753906,268.23370361328125,346.7550048828125,89.2369155883789
2022-09-27 00:00:00,32.304622650146484,151.5399932861328,268.34124755859375,345.86993408203125,86.88722229003906
2022-09-28 00:00:00,32.58672332763672,154.69000244140625,273.6790771484375,352.67535400390625,89.79638671875
2022-09-29 00:00:00,31.858728408813477,154.66000366210938,265.7895812988281,345.3083190917969,89.33158111572266
2022-09-30 00:00:00,31.740436553955078,154.6699981689453,261.2826843261719,339.9685363769531,88.17826843261719
2022-10-03 00:00:00,32.259124755859375,158.42999267578125,267.4124755859375,348.94427490234375,89.5793685913086
2022-10-04 00:00:00,33.3147087097168,160.6999969482422,275.82012939453125,359.7568359375,89.32914733886719
2022-10-05 00:00:00,33.33291244506836,159.80999755859375,275.6735534667969,358.91925048828125,88.4750747680664
2022-10-06 00:00:00,33.132713317871094,159.6300048828125,273.503173828125,355.2166442871094,87.9832763671875
2022-10-07 00:00:00,32.441123962402344,157.8800048828125,263.0815734863281,345.3083190917969,87.12914276123047
2022-10-10 00:00:00,31.986127853393555,155.47999572753906,260.4517822265625,342.67181396484375,85.77462005615234
2022-10-11 00:00:00,31.476531982421875,155.16000366210938,256.8736267089844,340.50164794921875,86.1542739868164
2022-10-12 00:00:00,31.51293182373047,155.99000549316406,256.7855529785156,339.3784484863281,86.57698059082031
2022-10-13 00:00:00,31.60393524169922,154.91000366210938,262.8078308105469,348.3350830078125,85.74872589111328
2022-10-14 00:00:00,31.130739212036133,152.97999572753906,254.90847778320312,340.39691162109375,85.04130554199219
2022-10-17 00:00:00,31.986127853393555,153.4199981689453,263.3259582519531,349.1441650390625,84.62715148925781
2022-10-18 00:00:00,31.99522590637207,153.75,265.4083557128906,353.24639892578125,84.82560729980469
2022-10-19 00:00:00,31.4128360748291,151.69000244140625,264.4404602050781,350.74310302734375,83.28128051757812
2022-10-20 00:00:00,31.613033294677734,151.4499969482422,263.0912780761719,347.8019714355469,81.85774993896484
2022-10-21 00:00:00,32.09532165527344,154.14999389648438,269.2602233886719,356.2541809082031,80.38245391845703
2022-10-24 00:00:00,30.875938415527344,153.64999389648438,272.2224426269531,360.6133728027344,79.7181396484375
2022-10-25 00:00:00,31.130739212036133,154.0,277.85357666015625,366.3719787597656,82.03893280029297
2022-10-26 00:00:00,31.640331268310547,154.97999572753906,271.71405029296875,363.6116638183594,83.22087860107422
2022-10-27 00:00:00,31.394634246826172,154.74000549316406,266.7672424316406,361.66998291015625,84.09226989746094
2022-10-28 00:00:00,31.203536987304688,153.16000366210938,274.9304504394531,370.2743225097656,83.51422882080078
2022-10-31 00:00:00,31.112537384033203,151.91000366210938,271.733642578125,367.5997619628906,82.91893768310547
2022-11-01 00:00:00,31.685827255249023,153.4600067138672,268.9570617675781,365.99127197265625,83.69385528564453
2022-11-02 00:00:00,31.42193031311035,152.38999938964844,259.738037109375,356.80621337890625,83.33061981201172
2022-11-03 00:00:00,31.60393524169922,151.80999755859375,254.66407775878906,353.1322021484375,82.88086700439453
2022-11-04 00:00:00,32.94161605834961,156.47000122070312,258.7603454589844,358.2148742675781,81.48843383789062
2022-11-07 00:00:00,32.95981979370117,155.85000610351562,261.6053771972656,361.6414489746094,80.67543029785156
2022-11-08 00:00:00,33.1964111328125,159.4499969482422,263.5117492675781,363.5926818847656,81.55760192871094
2022-11-09 00:00:00,32.62311935424805,158.64999389648438,257.43084716796875,356.1018981933594,81.82573699951172
2022-11-10 00:00:00,33.80610656738281,163.47999572753906,276.42626953125,375.671142578125,84.973876953125
2022-11-11 00:00:00,34.725196838378906,164.55999755859375,281.5197448730469,379.3070983886719,84.66250610351562
2022-11-14 00:00:00,34.51589584350586,164.9199981689453,279.05609130859375,376.0804748535156,84.4549789428711
2022-11-15 00:00:00,35.307586669921875,165.5,282.91778564453125,379.2880554199219,85.82146453857422
2022-11-16 00:00:00,34.74339294433594,165.1199951171875,279.05609130859375,376.39453125,87.69822692871094
2022-11-17 00:00:00,34.80709457397461,163.9199981689453,278.44012451171875,375.2428283691406,86.7728271484375
2022-11-18 00:00:00,34.60689163208008,162.7899932861328,278.4500427246094,376.9465637207031,86.1760482788086
2022-11-21 00:00:00,34.170101165771484,161.8800048828125,275.58544921875,375.575927734375,86.53929901123047
2022-11-22 00:00:00,34.25199890136719,162.07000732421875,279.5546875,380.6300964355469,87.76740264892578
2022-11-23 00:00:00,34.534095764160156,163.0800018310547,282.3604736328125,383.0286865234375,89.29822540283203
2022-11-25 00:00:00,34.37030029296875,163.22000122070312,280.5029602050781,382.9429931640625,88.99552154541016
2022-11-28 00:00:00,34.21560287475586,161.92999267578125,276.3871154785156,376.8324279785156,89.24633026123047
2022-11-29 00:00:00,34.952693939208984,162.72999572753906,274.2950134277344,376.1850891113281,88.19987487792969
2022-11-30 00:00:00,35.9627799987793,164.80999755859375,286.7989196777344,388.03521728515625,88.8485107421875
2022-12-01 00:00:00,35.84447479248047,167.83999633789062,287.1509704589844,387.7496337890625,91.68684387207031
2022-12-02 00:00:00,35.980979919433594,167.25999450683594,286.007080078125,387.3022766113281,92.83985137939453
2022-12-05 00:00:00,35.57148361206055,164.38999938964844,281.2068786621094,380.3349914550781,91.53947448730469
2022-12-06 00:00:00,35.52598571777344,164.83999633789062,275.3802185058594,374.85260009765625,92.71849822998047
2022-12-07 00:00:00,35.316688537597656,166.3300018310547,274.2559509277344,374.2148742675781,94.90315246582031
2022-12-08 00:00:00,35.744380950927734,166.47000122070312,277.501708984375,377.146484375,94.6430892944336
2022-12-09 00:00:00,35.507781982421875,167.05999755859375,275.732177734375,374.3291015625,92.18099212646484
2022-12-12 00:00:00,35.398590087890625,165.67999267578125,279.1929931640625,379.72589111328125,92.47577667236328
2022-12-13 00:00:00,35.65172576904297,168.50999450683594,282.1942443847656,382.600341796875,93.3686752319336
2022-12-14 00:00:00,35.67020797729492,168.10000610351562,280.1021728515625,380.1542053222656,93.76747131347656
2022-12-15 00:00:00,34.84796905517578,165.35000610351562,270.6972961425781,370.8549499511719,94.13336944580078
2022-12-16 00:00:00,34.94959259033203,166.7899932861328,268.11639404296875,366.47662353515625,93.08181762695312
2022-12-19 00:00:00,34.9773063659668,166.32000732421875,264.3483581542969,363.3690185546875,91.517578125
2022-12-20 00:00:00,34.96806716918945,169.0800018310547,264.1426086425781,363.8663024902344,89.89247131347656
2022-12-21 00:00:00,35.28218460083008,168.8000030517578,267.97430419921875,369.3069152832031,90.11841583251953
2022-12-22 00:00:00,34.96806716918945,166.75999450683594,261.4183044433594,364.03839111328125,90.10103607177734
2022-12-23 00:00:00,34.921871185302734,167.25999450683594,262.0061950683594,366.1323547363281,88.78012084960938
2022-12-27 00:00:00,35.439239501953125,168.6699981689453,258.3019104003906,364.6885681152344,87.02467346191406
2022-12-28 00:00:00,34.921871185302734,167.91000366210938,254.89161682128906,360.1562805175781,86.51195526123047
2022-12-29 00:00:00,35.503910064697266,168.85000610351562,261.10467529296875,366.6391296386719,87.49394989013672
2022-12-30 00:00:00,35.014259338378906,169.63999938964844,260.9478759765625,365.6733703613281,86.52066040039062
2023-01-03 00:00:00,35.30990219116211,171.05999755859375,259.18389892578125,364.1339416503906,88.17182159423828
2023-01-04 00:00:00,36.37232971191406,172.6699981689453,260.4186706542969,366.9451599121094,89.3797607421875
2023-01-05 00:00:00,36.26146697998047,170.52000427246094,256.3419494628906,362.7570495605469,89.75345611572266
2023-01-06 00:00:00,37.01903533935547,173.7100067138672,263.4173583984375,371.07586669921875,91.40459442138672
2023-01-09 00:00:00,37.296199798583984,174.10000610351562,265.12249755859375,370.8655090332031,91.89126586914062
2023-01-10 00:00:00,37.56411361694336,174.74000549316406,267.36669921875,373.46624755859375,90.37045288085938
2023-01-11 00:00:00,37.72117614746094,174.6199951171875,271.9922180175781,378.18988037109375,91.8391342163086
2023-01-12 00:00:00,37.90593719482422,176.63999938964844,273.4621276855469,379.5667724609375,93.64669799804688
2023-01-13 00:00:00,38.15538024902344,178.75999450683594,275.3437194824219,381.0393371582031,92.76896667480469
2023-01-17 00:00:00,37.94289779663086,177.58999633789062,275.9023132324219,380.34124755859375,92.1693344116211
2023-01-18 00:00:00,37.68422317504883,177.0800018310547,272.3155822753906,374.33648681640625,94.40274047851562
2023-01-19 00:00:00,37.970611572265625,179.88999938964844,269.6402893066406,371.6113586425781,93.81178283691406
2023-01-20 00:00:00,38.55263900756836,179.2899932861328,277.0194396972656,378.5340270996094,92.29100036621094
2023-01-23 00:00:00,38.82979965209961,179.6300048828125,283.1737365722656,383.07598876953125,91.85651397705078
2023-01-24 00:00:00,38.85751724243164,180.27999877929688,282.595458984375,382.6648864746094,93.1773910522461
2023-01-25 00:00:00,38.894466400146484,181.11000061035156,281.9682922363281,382.8081970214844,93.40335083007812
2023-01-26 00:00:00,39.264015197753906,179.47000122070312,287.4659118652344,387.015380859375,92.96885681152344
2023-01-27 00:00:00,39.07924270629883,179.22000122070312,290.3275451660156,387.9046936035156,92.73420715332031
2023-01-30 00:00:00,38.293968200683594,178.75999450683594,284.4574890136719,383.0377197265625,92.39527893066406
2023-01-31 00:00:00,38.2108154296875,179.41000366210938,288.7203674316406,388.6697082519531,93.13397216796875
2023-02-01 00:00:00,38.68198776245117,181.6699981689453,294.8941955566406,392.8003234863281,94.25352478027344
2023-02-02 00:00:00,38.451019287109375,177.89999389648438,305.47796630859375,398.51837158203125,94.37552642822266
2023-02-03 00:00:00,37.767364501953125,173.4600067138672,300.0489196777344,394.2824401855469,92.96408081054688
2023-02-06 00:00:00,37.213050842285156,173.82000732421875,297.5107421875,391.872802734375,92.27578735351562
2023-02-07 00:00:00,37.360862731933594,173.97999572753906,303.67474365234375,396.9980163574219,91.53520965576172
2023-02-08 00:00:00,37.31467056274414,174.41000366210938,298.275146484375,392.65692138671875,91.9708480834961
2023-02-09 00:00:00,37.490203857421875,173.02999877929688,295.6389465332031,389.25286865234375,91.09956359863281
2023-02-10 00:00:00,37.12990188598633,173.36000061035156,293.69866943359375,390.1612854003906,90.08016967773438
2023-02-13 00:00:00,37.434776306152344,172.47999572753906,298.40252685546875,394.7413635253906,90.83819580078125
2023-02-14 00:00:00,37.3701057434082,172.61000061035156,300.6075134277344,394.5597839355469,90.62908935546875
2023-02-15 00:00:00,37.05599594116211,170.88999938964844,302.91046142578125,395.8410339355469,89.78395080566406
2023-02-16 00:00:00,37.06523513793945,170.75,297.2265319824219,390.3907470703125,88.51192474365234
2023-02-17 00:00:00,36.65873336791992,171.25999450683594,295.1294250488281,389.4154357910156,89.20021057128906
2023-02-21 00:00:00,36.19680404663086,170.6199951171875,288.1422424316406,381.6034240722656,87.46638488769531
2023-02-22 00:00:00,36.021270751953125,169.66000366210938,288.3577575683594,381.0775451660156,88.2679672241211
2023-02-23 00:00:00,36.19680404663086,169.57000732421875,290.8763122558594,383.10467529296875,89.13052368164062
2023-02-24 00:00:00,35.38380432128906,168.35000610351562,286.005859375,379.0121765136719,87.97171783447266
2023-02-27 00:00:00,35.568572998046875,169.00999450683594,288.0539245605469,380.30303955078125,88.21566009521484
2023-02-28 00:00:00,35.31913757324219,169.77999877929688,287.681640625,378.8974609375,88.616455078125
2023-03-01 00:00:00,36.076698303222656,170.75999450683594,285.3688659667969,377.4440002441406,87.6644287109375
2023-03-02 00:00:00,36.20603942871094,170.66000366210938,287.7306213378906,380.3795166015625,86.88711547851562
2023-03-03 00:00:00,36.52939224243164,172.49000549316406,293.67901611328125,386.48004150390625,88.9920425415039
2023-03-06 00:00:00,36.40005111694336,171.6199951171875,294.01220703125,386.7476806640625,88.3020248413086
2023-03-07 00:00:00,35.790306091308594,168.6199951171875,290.40594482421875,380.8193359375,88.84355163574219
2023-03-08 00:00:00,35.9381217956543,168.5399932861328,291.8562927246094,381.44091796875,88.9308853149414
2023-03-09 00:00:00,35.14360427856445,170.1999969482422,286.79962158203125,374.40338134765625,89.14923095703125
2023-03-10 00:00:00,34.958831787109375,173.8699951171875,282.7718505859375,369.0008850097656,92.22364807128906
2023-03-13 00:00:00,35.014259338378906,177.86000061035156,284.8690185546875,368.4749755859375,92.43327331542969
2023-03-14 00:00:00,35.032737731933594,176.8300018310547,291.4153137207031,374.5659484863281,90.91352081298828
2023-03-15 00:00:00,34.43223190307617,178.2100067138672,292.9440002441406,372.2232971191406,92.6690902709961
2023-03-16 00:00:00,34.958831787109375,178.57000732421875,300.666259765625,378.7539978027344,91.94416046142578
2023-03-17 00:00:00,34.74634552001953,183.77000427246094,299.2452697753906,374.3253479003906,93.32415008544922
2023-03-20 00:00:00,34.87568283081055,183.83999633789062,300.30731201171875,377.92474365234375,92.50315856933594
2023-03-21 00:00:00,35.18980026245117,180.3699951171875,304.59637451171875,382.88702392578125,91.70833587646484
2023-03-22 00:00:00,35.32837677001953,183.44000244140625,300.4544677734375,376.3602294921875,92.93111419677734
2023-03-23 00:00:00,35.818023681640625,185.74000549316406,304.01727294921875,377.3776550292969,92.93111419677734
2023-03-24 00:00:00,35.72563171386719,183.64999389648438,305.1362609863281,379.8540344238281,93.32415008544922
2023-03-27 00:00:00,35.53162384033203,181.9499969482422,303.045654296875,380.56427001953125,91.13189697265625
2023-03-28 00:00:00,36.03974914550781,183.44000244140625,301.43603515625,379.7100524902344,91.29783630371094
2023-03-29 00:00:00,36.14137268066406,182.52999877929688,306.932373046875,385.2290344238281,91.11441802978516
2023-03-30 00:00:00,36.501678466796875,184.17999267578125,309.8375549316406,387.4847106933594,91.53366088867188
2023-03-31 00:00:00,36.455482482910156,183.22000122070312,314.9903869628906,392.9461364746094,92.9049301147461
2023-04-03 00:00:00,36.52939224243164,184.5399932861328,314.2248840332031,394.4434814453125,93.34184265136719
2023-04-04 00:00:00,36.52939224243164,187.97999572753906,313.164794921875,392.25506591796875,93.80591583251953
2023-04-05 00:00:00,36.24300003051758,187.8300018310547,310.0731201171875,391.2279968261719,94.78662872314453
2023-04-06 00:00:00,36.39080810546875,186.49000549316406,312.1637268066406,392.75408935546875,95.03181457519531
2023-04-10 00:00:00,36.427772521972656,185.11000061035156,311.98699951171875,393.1572265625,93.49944305419922
2023-04-11 00:00:00,36.649497985839844,186.27999877929688,309.9848327636719,393.2628479003906,93.69209289550781
2023-04-12 00:00:00,36.39080810546875,187.19000244140625,307.2464294433594,391.6599426269531,93.59575653076172
2023-04-13 00:00:00,36.88969802856445,189.72000122070312,313.2629089355469,396.8622131347656,92.8602523803711
2023-04-14 00:00:00,36.69568634033203,186.36000061035156,312.6740417480469,395.892822265625,92.01089477539062
2023-04-17 00:00:00,36.85274124145508,185.52999877929688,312.9390563964844,397.31341552734375,90.9163589477539
2023-04-18 00:00:00,36.806549072265625,186.25,312.9587097167969,397.572509765625,91.24034118652344
2023-04-19 00:00:00,36.437007904052734,185.36000061035156,312.81146240234375,397.50537109375,91.15274810791016
2023-04-20 00:00:00,36.38157272338867,186.08999633789062,310.426513671875,395.3360900878906,91.93209838867188
2023-04-21 00:00:00,36.03974914550781,184.25,310.7503356933594,395.6432189941406,91.41545867919922
2023-04-24 00:00:00,35.95659637451172,184.80999755859375,310.10260009765625,396.05596923828125,92.29985809326172
2023-04-25 00:00:00,35.28218460083008,185.75,304.25286865234375,389.76910400390625,93.65708923339844
2023-04-26 00:00:00,35.48543167114258,184.74000549316406,306.0981140136719,388.1181640625,92.65885925292969
2023-04-27 00:00:00,35.96583938598633,184.75,314.4211730957031,395.84478759765625,91.73945617675781
2023-04-28 00:00:00,36.150611877441406,184.8000030517578,316.5901794433594,399.2234191894531,93.21926879882812
2023-05-01 00:00:00,36.0305061340332,183.97000122070312,316.22711181640625,398.8203125,90.53130340576172
2023-05-02 00:00:00,35.679443359375,187.52000427246094,313.46905517578125,394.3379211425781,92.7873764038086
2023-05-03 00:00:00,35.62401580810547,189.11000061035156,311.41778564453125,391.6311950683594,93.3053207397461
2023-05-04 00:00:00,35.91040802001953,190.44000244140625,310.3185119628906,388.85723876953125,92.38353729248047
2023-05-05 00:00:00,36.39080810546875,187.4600067138672,316.9141540527344,396.05596923828125,92.07633209228516
2023-05-08 00:00:00,36.4092903137207,187.69000244140625,317.6993103027344,396.16156005859375,90.785888671875
2023-05-09 00:00:00,36.187564849853516,189.02000427246094,315.68731689453125,394.42425537109375,90.4610824584961
2023-05-10 00:00:00,36.16908645629883,188.75,319.12249755859375,396.26715087890625,91.33892059326172
2023-05-11 00:00:00,36.03974914550781,187.1300048828125,320.1629333496094,395.5760498046875,92.3045654296875
2023-05-12 00:00:00,35.61477279663086,186.80999755859375,319.0145568847656,395.0577697753906,91.53205871582031
2023-05-15 00:00:00,36.27070999145508,187.2100067138672,320.7419738769531,396.4207763671875,90.58399963378906
2023-05-16 00:00:00,36.01203155517578,184.8699951171875,321.1051330566406,393.77154541015625,90.31187438964844
2023-05-17 00:00:00,36.17832946777344,184.22999572753906,324.9918212890625,398.551513671875,90.04850769042969
2023-05-18 00:00:00,35.984310150146484,181.83999633789062,331.0279846191406,402.390869140625,89.38135528564453
2023-05-19 00:00:00,36.01203155517578,183.63999938964844,330.2820129394531,401.80535888671875,88.74932861328125
2023-05-22 00:00:00,36.30765914916992,183.2100067138672,331.3911437988281,401.9685974121094,88.43328094482422
2023-05-23 00:00:00,35.74410629272461,183.42999267578125,327.19036865234375,397.45733642578125,88.68787384033203
2023-05-24 00:00:00,35.47618865966797,181.9499969482422,325.5120544433594,394.5777893066406,88.24894714355469
2023-05-25 00:00:00,35.402286529541016,180.1999969482422,333.4326171875,397.99481201171875,88.02949523925781
2023-05-26 00:00:00,36.0305061340332,180.9199981689453,341.9519958496094,403.1491394042969,88.74052429199219
2023-05-30 00:00:00,35.61477279663086,182.0399932861328,343.5028076171875,403.30267333984375,89.62716674804688
2023-05-31 00:00:00,35.28218460083008,182.32000732421875,341.549560546875,401.06634521484375,90.40846252441406
2023-06-01 00:00:00,35.91040802001953,183.75999450683594,345.49517822265625,404.8768615722656,90.76313018798828
2023-06-02 00:00:00,36.52939224243164,181.0500030517578,348.08636474609375,410.7318420410156,89.7685317993164
2023-06-05 00:00:00,36.5201530456543,182.13999938964844,348.3316955566406,409.94482421875,89.60130310058594
2023-06-06 00:00:00,36.843505859375,182.33999633789062,348.2727966308594,410.8373718261719,90.12940216064453
2023-06-07 00:00:00,36.685218811035156,180.14999389648438,342.3642272949219,409.4168701171875,88.79157257080078
2023-06-08 00:00:00,36.945926666259766,182.52999877929688,346.6141357421875,411.8932189941406,89.83016967773438
2023-06-09 00:00:00,37.113525390625,182.0399932861328,347.93914794921875,412.6322937011719,89.7069320678711
2023-06-12 00:00:00,37.188011169433594,181.8800048828125,353.8182373046875,416.37567138671875,89.9709701538086
2023-06-13 00:00:00,37.56045150756836,180.5399932861328,356.53704833984375,419.1206970214844,89.08203125
2023-06-14 00:00:00,37.839778900146484,180.63999938964844,359.12811279296875,419.619873046875,89.79492950439453
2023-06-15 00:00:00,38.1935920715332,181.91000366210938,363.40740966796875,424.82220458984375,90.65753173828125
2023-06-16 00:00:00,38.06324768066406,181.6300048828125,361.12054443359375,423.3751220703125,90.30545806884766
2023-06-20 00:00:00,37.318363189697266,179.75,360.6035461425781,421.1785583496094,90.93038177490234
2023-06-21 00:00:00,37.141456604003906,179.49000549316406,355.68939208984375,419.02056884765625,91.15040588378906
2023-06-22 00:00:00,37.01110076904297,177.7100067138672,359.8861389160156,420.53314208984375,90.05020904541016
2023-06-23 00:00:00,36.471065521240234,178.1999969482422,356.31842041015625,417.3538818359375,90.94801330566406
2023-06-26 00:00:00,36.59210968017578,178.50999450683594,351.5417175292969,415.648681640625,91.04479217529297
2023-06-27 00:00:00,36.96454620361328,177.69000244140625,357.5862731933594,420.2055969238281,90.80714416503906
2023-06-28 00:00:00,36.741085052490234,177.27999877929688,358.2840881347656,420.41754150390625,91.19441986083984
2023-06-29 00:00:00,36.545555114746094,177.08999633789062,357.5666198730469,422.0745544433594,89.54850769042969
2023-06-30 00:00:00,36.834197998046875,178.27000427246094,363.08038330078125,427.05535888671875,90.604736328125
2023-07-03 00:00:00,37.243873596191406,178.47000122070312,363.9353942871094,427.5466613769531,90.09104919433594
2023-07-05 00:00:00,37.02041244506836,177.83999633789062,363.92559814453125,426.9107666015625,89.23499298095703
2023-07-06 00:00:00,36.26622772216797,177.30999755859375,361.1539306640625,423.56787109375,87.97293090820312
2023-07-07 00:00:00,36.6759033203125,178.63999938964844,359.9548645019531,422.4984130859375,87.44341278076172
2023-07-10 00:00:00,36.70383834838867,178.77999877929688,360.0729064941406,423.56787109375,87.55814361572266
2023-07-11 00:00:00,37.07627868652344,179.4499969482422,361.851806640625,426.26531982421875,88.00822448730469
2023-07-12 00:00:00,37.90494918823242,181.8800048828125,366.4219970703125,429.695068359375,88.98787689208984
2023-07-13 00:00:00,38.3984375,182.00999450683594,372.6433410644531,433.10546875,89.9233627319336
2023-07-14 00:00:00,38.18428421020508,181.42999267578125,372.5647277832031,432.8357238769531,89.39385223388672
2023-07-17 00:00:00,38.23084259033203,181.55999755859375,376.0439758300781,434.3386535644531,89.43798828125
2023-07-18 00:00:00,37.951507568359375,183.63999938964844,379.1202697753906,437.5660095214844,89.84394836425781
2023-07-19 00:00:00,37.87702178955078,183.6699981689453,379.03179931640625,438.5390625,90.85888671875
2023-07-20 00:00:00,37.59769058227539,182.74000549316406,370.29443359375,435.62957763671875,89.75569152832031
2023-07-21 00:00:00,37.54182815551758,182.17999267578125,369.1838073730469,435.62957763671875,89.78218078613281
2023-07-24 00:00:00,38.053932189941406,181.39999389648438,369.77349853515625,437.5756530761719,89.45562744140625
2023-07-25 00:00:00,38.37050247192383,182.41000366210938,372.27972412109375,438.770263671875,89.28794860839844
2023-07-26 00:00:00,38.593971252441406,183.3000030517578,371.041259765625,438.83770751953125,89.37619018554688
2023-07-27 00:00:00,38.119110107421875,180.4199981689453,370.1567077636719,435.9281921386719,87.6375503540039
2023-07-28 00:00:00,39.040889739990234,181.86000061035156,376.8990783691406,440.1960754394531,88.08767700195312
2023-07-31 00:00:00,39.05952072143555,182.35000610351562,377.09564208984375,441.0342102050781,88.29948425292969
2023-08-01 00:00:00,38.5660285949707,180.4600067138672,376.2209167480469,439.77215576171875,86.85253143310547
2023-08-02 00:00:00,37.64424133300781,179.60000610351562,367.9650573730469,433.6546325683594,85.92328643798828
2023-08-03 00:00:00,37.7932243347168,179.5399932861328,367.3753662109375,432.4118347167969,83.94091796875
2023-08-04 00:00:00,37.746673583984375,180.19000244140625,365.6553955078125,430.45611572265625,85.42770385742188
2023-08-07 00:00:00,37.69080352783203,179.77999877929688,368.7513122558594,434.2133483886719,84.58698272705078
2023-08-08 00:00:00,37.23456573486328,178.63999938964844,365.61602783203125,432.3250732421875,85.56932067871094
2023-08-09 00:00:00,37.327674865722656,177.7899932861328,361.5962219238281,429.4349365234375,86.01179504394531
2023-08-10 00:00:00,37.383544921875,177.60000610351562,362.2645568847656,429.58905029296875,84.5958251953125
2023-08-11 00:00:00,36.834197998046875,177.60000610351562,359.9548645019531,429.33856201171875,84.401123046875
2023-08-14 00:00:00,36.65727996826172,177.05999755859375,363.9944152832031,431.7085266113281,84.21526336669922
2023-08-15 00:00:00,36.2382926940918,176.58999633789062,360.1318359375,426.67962646484375,83.70196533203125
2023-08-16 00:00:00,35.912410736083984,175.57000732421875,356.31842041015625,423.548583984375,83.0470962524414
2023-08-17 00:00:00,35.9962043762207,175.3000030517578,352.4263916015625,420.3211364746094,82.69309997558594
2023-08-18 00:00:00,35.754119873046875,175.3300018310547,351.98406982421875,420.5234680175781,82.98513793945312
2023-08-21 00:00:00,35.837921142578125,175.80999755859375,357.6550598144531,423.2595520019531,81.87889099121094
2023-08-22 00:00:00,35.763431549072266,176.10000610351562,357.1439514160156,422.1130676269531,82.50724029541016
2023-08-23 00:00:00,36.33140182495117,177.88999938964844,362.7756652832031,426.8145446777344,84.55155944824219
2023-08-24 00:00:00,36.19173812866211,177.85000610351562,355.0210266113281,420.89923095703125,83.9940185546875
2023-08-25 00:00:00,36.228981018066406,177.6199951171875,357.77301025390625,423.8664855957031,84.26837158203125
2023-08-28 00:00:00,36.58279800415039,178.1300048828125,360.4659729003906,426.5544128417969,84.35688781738281
2023-08-29 00:00:00,37.048343658447266,179.8699951171875,368.33856201171875,432.7200927734375,85.2330093383789
2023-08-30 00:00:00,36.927303314208984,180.32000732421875,370.3926696777344,434.50238037109375,85.14451599121094
2023-08-31 00:00:00,36.471065521240234,180.02000427246094,371.5032958984375,433.8665771484375,85.5250473022461
2023-09-01 00:00:00,36.899375915527344,180.11000061035156,371.11016845703125,434.67584228515625,84.19270324707031
2023-09-05 00:00:00,36.60141372680664,178.63999938964844,371.5819091796875,432.7972412109375,83.01213073730469
2023-09-06 00:00:00,36.396575927734375,177.8300018310547,368.3089904785156,429.88775634765625,83.21630096435547
2023-09-07 00:00:00,35.9682731628418,178.02000427246094,365.675048828125,428.56793212890625,83.44710540771484
2023-09-08 00:00:00,36.04275894165039,178.0800018310547,366.18609619140625,429.21337890625,83.76663970947266
2023-09-11 00:00:00,36.48968505859375,178.41000366210938,370.5008239746094,432.0361633300781,83.16304016113281
2023-09-12 00:00:00,36.377952575683594,177.49000549316406,366.39251708984375,429.6661376953125,83.64238739013672
2023-09-13 00:00:00,36.33140182495117,177.0800018310547,367.7880554199219,430.1671142578125,83.62459564208984
2023-09-14 00:00:00,36.573486328125,177.1699981689453,370.79559326171875,433.8761901855469,83.02104187011719
2023-09-15 00:00:00,36.43382263183594,178.33999633789062,364.4464416503906,428.6487121582031,82.51508331298828
2023-09-18 00:00:00,36.387264251708984,179.38999938964844,364.826416015625,428.9000549316406,82.98548126220703
2023-09-19 00:00:00,36.173118591308594,179.22000122070312,364.048828125,428.0105895996094,82.37305450439453
2023-09-20 00:00:00,36.02413558959961,179.35000610351562,358.802734375,424.0757751464844,82.63044738769531
2023-09-21 00:00:00,35.40030288696289,178.0500030517578,352.2278137207031,417.0665283203125,80.50897216796875
2023-09-22 00:00:00,35.81930160522461,178.6199951171875,352.2770690917969,416.12872314453125,81.1569595336914
2023-09-25 00:00:00,35.6610107421875,177.6999969482422,353.9502868652344,417.8786315917969,79.15978240966797
2023-09-26 00:00:00,35.1582145690918,176.27999877929688,348.6352844238281,411.7394714355469,78.88461303710938
2023-09-27 00:00:00,35.21408462524414,174.10000610351562,349.4522399902344,411.9037780761719,78.47628021240234
2023-09-28 00:00:00,35.307193756103516,173.22999572753906,352.37554931640625,414.2917785644531,78.7159652709961
2023-09-29 00:00:00,35.33512496948242,171.4499969482422,352.63140869140625,413.28631591796875,78.72483825683594
2023-10-02 00:00:00,35.1582145690918,169.64999389648438,355.5743103027344,413.1219787597656,77.40697479248047
2023-10-03 00:00:00,34.69266891479492,169.16000366210938,349.33416748046875,407.59185791015625,75.74183654785156
2023-10-04 00:00:00,34.590248107910156,169.13999938964844,354.0881042480469,410.55999755859375,76.81035614013672
2023-10-05 00:00:00,34.720603942871094,168.8300018310547,353.0447692871094,410.4052429199219,76.42748260498047
2023-10-06 00:00:00,35.2234001159668,169.6999969482422,358.960205078125,415.2779235839844,75.50141143798828
2023-10-09 00:00:00,35.05580520629883,172.82000732421875,360.7909240722656,417.9366149902344,77.27339172363281
2023-10-10 00:00:00,35.55859375,172.52999877929688,362.7889709472656,420.1119079589844,77.16655731201172
2023-10-11 00:00:00,35.78205490112305,173.7899932861328,365.3775634765625,421.8327331542969,78.77825927734375
2023-10-12 00:00:00,35.38167953491211,173.25999450683594,364.1078186035156,419.2611083984375,76.64118957519531
2023-10-13 00:00:00,35.2513313293457,178.8300018310547,359.53106689453125,417.1728210449219,78.0124740600586
2023-10-16 00:00:00,35.51203536987305,177.9600067138672,363.5960693359375,421.56207275390625,76.75692749023438
2023-10-17 00:00:00,35.41892623901367,178.2899932861328,362.4051208496094,421.542724609375,75.91101837158203
2023-10-18 00:00:00,34.87889099121094,180.8699951171875,357.6510925292969,415.9256896972656,75.2431640625
2023-10-19 00:00:00,34.674049377441406,183.08999633789062,354.30462646484375,412.2711486816406,73.70270538330078
2023-10-20 00:00:00,34.25505447387695,183.58999633789062,349.01910400390625,407.2052001953125,74.12118530273438
2023-10-23 00:00:00,34.22712326049805,182.97000122070312,350.0722961425781,406.4993896484375,75.01167297363281
2023-10-24 00:00:00,34.664737701416016,182.9499969482422,353.47784423828125,409.56414794921875,76.00005340576172
2023-10-25 00:00:00,34.20850372314453,183.72000122070312,344.8262939453125,403.68597412109375,74.30818176269531
2023-10-26 00:00:00,34.0409049987793,184.00999450683594,338.2513732910156,398.85198974609375,75.44799041748047
2023-10-27 00:00:00,34.01297378540039,186.14999389648438,339.8753662109375,397.04412841796875,75.12740325927734
2023-10-30 00:00:00,34.366790771484375,185.10000610351562,343.7041320800781,401.79107666015625,74.78901672363281
2023-10-31 00:00:00,34.17125701904297,184.08999633789062,345.3478698730469,404.3144226074219,74.42396545410156
2023-11-01 00:00:00,34.487831115722656,183.50999450683594,351.3420104980469,408.6263732910156,76.03763580322266
2023-11-02 00:00:00,35.093040466308594,184.1199951171875,357.7200622558594,416.45745849609375,77.77104187011719
2023-11-03 00:00:00,35.80998611450195,184.7899932861328,361.92279052734375,420.25689697265625,78.29822540283203
2023-11-06 00:00:00,36.0986328125,183.35000610351562,363.39923095703125,421.2237243652344,77.5387191772461
2023-11-07 00:00:00,36.033447265625,182.58999633789062,366.8343200683594,422.4225769042969,78.68238830566406
2023-11-08 00:00:00,35.79136276245117,180.77000427246094,367.07049560546875,422.73199462890625,80.02267456054688
2023-11-09 00:00:00,35.456172943115234,181.49000549316406,364.24566650390625,419.4351501464844,78.18204498291016
2023-11-10 00:00:00,35.70756530761719,179.50999450683594,372.4347229003906,425.9803161621094,78.61986541748047
2023-11-13 00:00:00,35.69825744628906,180.50999450683594,371.2733154296875,425.5743103027344,78.441162109375
2023-11-14 00:00:00,36.647972106933594,182.1199951171875,379.2655029296875,433.8307800292969,80.21927642822266
2023-11-15 00:00:00,36.95523452758789,181.63999938964844,379.5509033203125,434.7491760253906,79.09344482421875
2023-11-16 00:00:00,36.60141372680664,183.69000244140625,379.8758239746094,435.28094482421875,80.07630920410156
2023-11-17 00:00:00,36.647972106933594,183.6699981689453,379.9643249511719,435.8223876953125,80.45154571533203
2023-11-20 00:00:00,37.104209899902344,183.3699951171875,384.5903625488281,439.1771240234375,80.94300842285156
2023-11-21 00:00:00,36.87143325805664,185.35000610351562,382.3561096191406,438.22003173828125,80.9072494506836
2023-11-22 00:00:00,36.79695129394531,184.55999755859375,383.9210510253906,439.911865234375,81.19319152832031
2023-11-24 00:00:00,36.815574645996094,185.52000427246094,383.3797607421875,440.1826171875,80.23714447021484
2023-11-27 00:00:00,36.666595458984375,186.77000427246094,383.04510498046875,439.38983154296875,81.577392578125
2023-11-28 00:00:00,36.97385787963867,189.25999450683594,384.049072265625,439.8248596191406,81.73822784423828
2023-11-29 00:00:00,36.75971221923828,189.5399932861328,383.6749572753906,439.5155334472656,82.76573944091797
2023-11-30 00:00:00,36.834197998046875,188.75,382.7104187011719,441.24603271484375,81.80970764160156
2023-12-01 00:00:00,36.99248123168945,192.00999450683594,383.8029479980469,443.85650634765625,83.35050964355469
2023-12-04 00:00:00,36.573486328125,187.86000061035156,380.23992919921875,441.5264587402344,83.01889038085938
2023-12-05 00:00:00,36.35002517700195,187.14999389648438,381.19464111328125,441.439453125,84.80257415771484
2023-12-06 00:00:00,36.303470611572266,187.83999633789062,378.98992919921875,439.6605224609375,85.93196105957031
2023-12-07 00:00:00,36.48038101196289,188.14999389648438,384.2852478027344,443.01531982421875,85.4389877319336
2023-12-08 00:00:00,36.322086334228516,185.63999938964844,385.99786376953125,444.919921875,84.73983764648438
2023-12-11 00:00:00,36.53624725341797,183.58999633789062,389.2951354980469,446.6504821777344,84.56056213378906
2023-12-12 00:00:00,36.545555114746094,183.49000549316406,392.3955993652344,448.6904296875,84.81155395507812
2023-12-13 00:00:00,36.90868377685547,187.6300048828125,397.3857727050781,454.8779296875,86.80139923095703
2023-12-14 00:00:00,37.44872283935547,188.72999572753906,397.041259765625,456.3377990722656,89.05936431884766
2023-12-15 00:00:00,37.22525405883789,187.0,398.9606018066406,455.5863952636719,89.15829467773438
2023-12-18 00:00:00,37.20663070678711,187.85000610351562,401.4735107421875,458.1491394042969,88.4478988647461
2023-12-19 00:00:00,37.5232048034668,189.1300048828125,403.52490234375,460.9350891113281,88.92449188232422
2023-12-20 00:00:00,36.84772491455078,188.10000610351562,397.528564453125,454.54779052734375,89.52693939208984
2023-12-21 00:00:00,37.540283203125,189.42999267578125,402.1539611816406,458.85772705078125,88.96045684814453
2023-12-22 00:00:00,37.360023498535156,190.27000427246094,402.755615234375,459.7799072265625,88.5557861328125
2023-12-26 00:00:00,37.65412902832031,191.72000122070312,405.2211608886719,461.7213439941406,88.80757904052734
2023-12-27 00:00:00,37.87232208251953,192.58999633789062,406.0461120605469,462.55615234375,90.38121032714844
2023-12-28 00:00:00,38.16642761230469,191.47000122070312,405.84869384765625,462.73089599609375,89.72479248046875
2023-12-29 00:00:00,38.1474494934082,191.1699981689453,404.09234619140625,461.391357421875,88.91548919677734
2024-01-02 00:00:00,37.70156478881836,190.72000122070312,397.25421142578125,458.8092346191406,88.40292358398438
2024-01-03 00:00:00,37.49284362792969,189.1300048828125,393.05059814453125,455.0622863769531,88.7716293334961
2024-01-04 00:00:00,37.36951446533203,189.32000732421875,391.0278625488281,453.5964660644531,87.42277526855469
2024-01-05 00:00:00,37.41694641113281,189.35000610351562,391.4916076660156,454.2176818847656,86.58650970458984
2024-01-08 00:00:00,37.52130889892578,187.8699951171875,399.5829772949219,460.7021179199219,87.44075012207031
2024-01-09 00:00:00,36.99003601074219,187.92999267578125,400.372314453125,460.00323486328125,86.88323211669922
2024-01-10 00:00:00,36.90464782714844,187.5,403.08587646484375,462.604736328125,86.47858428955078
2024-01-11 00:00:00,37.05644226074219,187.8699951171875,403.9245910644531,462.4009094238281,86.96417236328125
2024-01-12 00:00:00,37.18925857543945,189.7100067138672,404.13177490234375,462.72119140625,86.79331970214844
2024-01-16 00:00:00,36.28799057006836,187.91000366210938,404.09234619140625,461.02239990234375,85.26463317871094
2024-01-17 00:00:00,35.747230529785156,185.83999633789062,401.8129577636719,458.4598083496094,85.12974548339844
2024-01-18 00:00:00,36.041324615478516,187.3699951171875,407.516357421875,462.5367736816406,84.33843231201172
2024-01-19 00:00:00,36.42081069946289,187.92999267578125,415.59783935546875,468.30279541015625,84.60819244384766
2024-01-22 00:00:00,36.09824752807617,187.22000122070312,416.1405334472656,469.2929382324219,85.11174774169922
2024-01-23 00:00:00,36.41132736206055,187.9499969482422,417.8673400878906,470.6616516113281,84.43732452392578
2024-01-24 00:00:00,36.81926727294922,186.39999389648438,420.1861572265625,471.1761474609375,83.9427719116211
2024-01-25 00:00:00,36.866703033447266,187.13999938964844,420.69927978515625,473.7388916015625,84.49130249023438
2024-01-26 00:00:00,36.89516067504883,187.00999450683594,418.19293212890625,473.13702392578125,84.3294448852539
2024-01-29 00:00:00,36.91413497924805,188.3300018310547,422.47540283203125,476.88397216796875,85.30062103271484
2024-01-30 00:00:00,36.62003707885742,188.58999633789062,419.66314697265625,476.5150146484375,86.0739517211914
2024-01-31 00:00:00,36.42081069946289,188.4499969482422,411.4435729980469,468.7396240234375,86.9192123413086
2024-02-01 00:00:00,36.771827697753906,190.41000366210938,416.28851318359375,474.8746032714844,88.62421417236328
2024-02-02 00:00:00,36.66747283935547,188.61000061035156,423.32403564453125,479.8737487792969,86.6666259765625
2024-02-05 00:00:00,36.71490478515625,187.57000732421875,422.7714538574219,478.1264953613281,84.91649627685547
2024-02-06 00:00:00,37.54977035522461,188.5500030517578,421.9228820800781,479.5146179199219,85.7464370727539
2024-02-07 00:00:00,37.597206115722656,188.5,426.2645263671875,483.51397705078125,85.33145904541016
2024-02-08 00:00:00,37.388484954833984,188.3300018310547,427.05389404296875,483.7275085449219,84.83531951904297
2024-02-09 00:00:00,37.54977035522461,187.60000610351562,431.2574768066406,486.5231628417969,84.66390991210938
2024-02-12 00:00:00,37.84386444091797,187.11000061035156,429.5700988769531,486.3095703125,84.76314544677734
2024-02-13 00:00:00,37.13233947753906,184.52999877929688,422.8701477050781,479.6116638183594,83.31071472167969
2024-02-14 00:00:00,37.66361618041992,184.4199981689453,427.478271484375,483.97021484375,83.7347412109375
2024-02-15 00:00:00,37.84386444091797,185.66000366210938,428.75115966796875,487.3094482421875,84.16773223876953
2024-02-16 00:00:00,38.02412033081055,186.33999633789062,424.8633117675781,484.8826904296875,83.68061828613281
2024-02-20 00:00:00,38.0810432434082,187.47000122070312,421.6564636230469,482.2132263183594,83.75279235839844
2024-02-21 00:00:00,38.1474494934082,187.47999572753906,419.96905517578125,482.6499938964844,83.15738677978516
2024-02-22 00:00:00,38.53641891479492,187.55999755859375,432.2639465332031,492.638671875,83.56334686279297
2024-02-23 00:00:00,38.51744842529297,188.6199951171875,430.99102783203125,492.97845458984375,84.68193817138672
2024-02-26 00:00:00,38.3466796875,188.1999969482422,430.76409912109375,491.1728820800781,84.42938232421875
2024-02-27 00:00:00,38.422576904296875,188.0,431.8002014160156,492.08538818359375,83.83396911621094
2024-02-28 00:00:00,37.91976547241211,188.33999633789062,429.50103759765625,491.43499755859375,84.3662109375
2024-02-29 00:00:00,37.93873596191406,189.30999755859375,433.1816101074219,493.20172119140625,84.96160888671875
2024-03-01 00:00:00,38.403602600097656,192.88999938964844,439.7039489746094,497.83203125,85.49101257324219
2024-03-04 00:00:00,38.31822204589844,196.00999450683594,438.1350402832031,497.2981872558594,85.1471176147461
2024-03-05 00:00:00,37.976680755615234,197.19000244140625,430.27069091796875,492.32806396484375,86.3597640991211
2024-03-06 00:00:00,38.52693176269531,198.80999755859375,432.97442626953125,494.82281494140625,86.86653137207031
2024-03-07 00:00:00,38.76411056518555,199.94000244140625,439.5461120605469,499.7346496582031,86.78508758544922
2024-03-08 00:00:00,38.72616195678711,201.6300048828125,433.2013244628906,496.735107421875,86.63127136230469
2024-03-11 00:00:00,38.811546325683594,202.0,431.593017578125,496.3079833984375,86.58602142333984
2024-03-12 00:00:00,39.23846435546875,199.7899932861328,437.7798767089844,501.64697265625,85.86203002929688
2024-03-13 00:00:00,39.11513137817383,201.19000244140625,434.4150695800781,500.8606262207031,85.44577026367188
2024-03-14 00:00:00,38.9159049987793,200.35000610351562,433.3197326660156,499.8705139160156,84.13359069824219
2024-03-15 00:00:00,38.67873001098633,199.7100067138672,428.1689453125,496.4381408691406,84.1064224243164
2024-03-18 00:00:00,38.745140075683594,200.02999877929688,432.2525634765625,499.3885192871094,83.85305786132812
2024-03-19 00:00:00,38.55539321899414,199.8000030517578,433.3295593261719,502.16363525390625,84.08834838867188
2024-03-20 00:00:00,38.991798400878906,202.17999267578125,438.4674072265625,506.8083801269531,84.06119537353516
2024-03-21 00:00:00,39.03923797607422,201.97000122070312,440.54229736328125,508.4831848144531,84.24215698242188
2024-03-22 00:00:00,38.76411056518555,200.35000610351562,441.0462341308594,507.51922607421875,85.0475845336914
2024-03-25 00:00:00,38.792572021484375,200.99000549316406,439.44561767578125,506.1170959472656,84.62224578857422
2024-03-26 00:00:00,38.76411056518555,201.63999938964844,438.0227966308594,505.1822204589844,84.85752868652344
2024-03-27 00:00:00,38.83052062988281,203.10000610351562,439.5147399902344,509.42767333984375,85.69912719726562
2024-03-28 00:00:00,38.97283172607422,205.72000122070312,438.7045593261719,509.3303527832031,85.62674713134766
2024-04-01 00:00:00,39.03923797607422,207.82000732421875,439.6333312988281,508.4441833496094,84.03058624267578
2024-04-02 00:00:00,39.162567138671875,210.88999938964844,435.8392028808594,505.2115478515625,83.5675277709961
2024-04-03 00:00:00,39.1910285949707,212.74000549316406,436.8173828125,505.7664489746094,83.54936218261719
2024-04-04 00:00:00,39.04872512817383,211.52000427246094,430.13812255859375,499.593017578125,84.1485824584961
2024-04-05 00:00:00,39.13410568237305,215.13999938964844,435.2068176269531,504.81219482421875,82.97736358642578
2024-04-08 00:00:00,39.3902587890625,216.47999572753906,435.3352966308594,505.0945739746094,82.96826934814453
2024-04-09 00:00:00,39.6558952331543,217.6699981689453,436.94580078125,505.6788330078125,83.74002838134766
2024-04-10 00:00:00,39.11513137817383,215.61000061035156,433.1319580078125,500.61541748046875,81.91508483886719
2024-04-11 00:00:00,39.35231399536133,219.8000030517578,440.0482482910156,504.3935546875,81.54279327392578
2024-04-12 00:00:00,38.4510383605957,216.88999938964844,433.0331115722656,497.4313659667969,81.97863006591797
2024-04-15 00:00:00,38.20437240600586,220.9499969482422,425.90924072265625,491.199462890625,80.70748138427734
2024-04-16 00:00:00,37.70156478881836,221.22000122070312,425.94879150390625,490.3036193847656,80.17179870605469
2024-04-17 00:00:00,37.673099517822266,219.58999633789062,420.75164794921875,487.40185546875,81.06159210205078
2024-04-18 00:00:00,37.82489013671875,220.33999633789062,418.3507385253906,486.39898681640625,80.65303039550781
2024-04-19 00:00:00,37.673099517822266,221.02999877929688,409.69537353515625,482.15350341796875,80.94356536865234
2024-04-22 00:00:00,38.0810432434082,215.57000732421875,413.8155517578125,486.59375,80.80735778808594
2024-04-23 00:00:00,38.39411926269531,215.0399932861328,419.9908752441406,492.367919921875,80.83460998535156
2024-04-24 00:00:00,38.52693176269531,214.63999938964844,421.4136657714844,492.13427734375,80.26258850097656
2024-04-25 00:00:00,38.6123161315918,215.9199981689453,419.3782958984375,490.2646179199219,79.69966888427734
2024-04-26 00:00:00,39.05820846557617,216.6199951171875,425.8500061035156,494.90936279296875,80.1173324584961
2024-04-29 00:00:00,39.43769454956055,216.17999267578125,427.5791320800781,496.662109375,80.78919982910156
2024-04-30 00:00:00,38.88744354248047,211.8699951171875,419.5166015625,488.7943420410156,80.09919738769531
2024-05-01 00:00:00,38.92538833618164,213.7899932861328,416.4833068847656,487.2071533203125,80.68956756591797
2024-05-02 00:00:00,39.93101501464844,213.1300048828125,421.7989807128906,491.7641906738281,81.03581237792969
2024-05-03 00:00:00,40.29153060913086,212.9600067138672,430.2764587402344,497.8597717285156,81.85581970214844
2024-05-06 00:00:00,40.32947540283203,215.1999969482422,434.989501953125,503.0010681152344,82.17471313476562
2024-05-07 00:00:00,40.101783752441406,214.2100067138672,435.05865478515625,503.55615234375,82.67585754394531
2024-05-08 00:00:00,40.111270904541016,213.5800018310547,434.8017578125,503.60479736328125,82.17471313476562
2024-05-09 00:00:00,40.23460006713867,216.9499969482422,435.750244140625,506.5064392089844,82.57562255859375
2024-05-10 00:00:00,40.31999206542969,218.7100067138672,436.77783203125,507.1589660644531,82.1109390258789
2024-05-13 00:00:00,40.62357711791992,216.25999450683594,437.7856750488281,507.22711181640625,82.32050323486328
2024-05-14 00:00:00,40.841773986816406,218.08999633789062,440.6015930175781,509.5543518066406,82.78517150878906
2024-05-15 00:00:00,41.27817916870117,220.88999938964844,447.48834228515625,515.8640747070312,83.91497802734375
2024-05-16 00:00:00,41.363563537597656,220.02999877929688,446.57928466796875,514.8026733398438,83.83296966552734
2024-05-17 00:00:00,41.543819427490234,223.66000366210938,446.3619384765625,515.5427856445312,83.26807403564453
2024-05-20 00:00:00,41.39202880859375,224.55999755859375,449.4743347167969,516.13671875,83.02206420898438
2024-05-21 00:00:00,41.13587951660156,224.22999572753906,450.3536376953125,517.402587890625,83.45028686523438
2024-05-22 00:00:00,41.0030632019043,220.11000061035156,450.2647399902344,515.9127807617188,83.55052947998047
2024-05-23 00:00:00,40.6994743347168,215.72000122070312,448.2392578125,512.14453125,83.01296997070312
2024-05-24 00:00:00,40.813316345214844,215.9199981689453,452.4779968261719,515.5330200195312,83.25894927978516
2024-05-28 00:00:00,40.75639343261719,218.19000244140625,454.1872863769531,515.893310546875,82.06539154052734
2024-05-29 00:00:00,40.14922332763672,216.16000366210938,450.9859924316406,512.2807006835938,81.07225799560547
2024-05-30 00:00:00,40.035377502441406,216.57000732421875,446.1544494628906,508.8824462890625,81.85581970214844
2024-05-31 00:00:00,39.64640808105469,215.3000030517578,445.3244934082031,513.5174560546875,82.4115982055664
2024-06-03 00:00:00,40.063838958740234,217.22000122070312,447.7155456542969,513.9361572265625,83.74457550048828
2024-06-04 00:00:00,39.50410461425781,215.27000427246094,448.94073486328125,514.5105590820312,84.72281646728516
2024-06-05 00:00:00,40.139739990234375,217.82000732421875,457.9913024902344,520.6256103515625,85.34449768066406
2024-06-06 00:00:00,40.33896255493164,219.42999267578125,457.8332214355469,520.615966796875,85.21650695800781
2024-06-07 00:00:00,39.88358688354492,211.60000610351562,457.4281005859375,519.9829711914062,83.65315246582031
2024-06-10 00:00:00,40.12076187133789,213.5399932861328,459.2757873535156,521.5896606445312,83.09545135498047
2024-06-11 00:00:00,39.987022399902344,214.14999389648438,462.42767333984375,522.845703125,83.95484924316406
2024-06-12 00:00:00,40.38823699951172,214.72000122070312,468.48443603515625,527.1398315429688,84.58568572998047
2024-06-13 00:00:00,40.29270553588867,212.97000122070312,471.0237121582031,528.2013549804688,85.82904052734375
2024-06-14 00:00:00,40.34047317504883,215.72999572753906,473.46417236328125,528.5226440429688,86.55131530761719
2024-06-17 00:00:00,40.598384857177734,214.61000061035156,479.2640686035156,532.7291870117188,85.69192504882812
2024-06-18 00:00:00,40.97093963623047,215.47000122070312,479.4122619628906,534.0827026367188,86.47816467285156
2024-06-20 00:00:00,40.904075622558594,218.16000366210938,475.7169189453125,532.6317138671875,85.90219116210938
2024-06-21 00:00:00,40.76077651977539,214.77999877929688,474.4423828125,531.9177856445312,85.90219116210938
2024-06-24 00:00:00,40.76077651977539,215.6300048828125,469.0409851074219,530.1885986328125,86.24960327148438
2024-06-25 00:00:00,40.66525650024414,214.55999755859375,474.4047546386719,532.2302856445312,86.39588165283203
2024-06-26 00:00:00,40.57928466796875,212.5800018310547,475.38446044921875,532.8945922851562,85.16165161132812
2024-06-27 00:00:00,40.60793685913086,214.99000549316406,476.61163330078125,533.7346801757812,85.49992370605469
2024-06-28 00:00:00,40.68436050415039,215.00999450683594,474.13751220703125,531.6344604492188,83.90913391113281
2024-07-01 00:00:00,40.779884338378906,215.57000732421875,476.91839599609375,532.728515625,82.46095275878906
2024-07-02 00:00:00,40.904075622558594,215.55999755859375,481.9259033203125,536.3135986328125,83.10296630859375
2024-07-03 00:00:00,41.50587844848633,217.99000549316406,485.94378662109375,538.7069702148438,84.19436645507812
2024-07-05 00:00:00,41.67782974243164,220.92999267578125,491.0106201171875,541.8135375976562,84.89138793945312
2024-07-08 00:00:00,41.6873779296875,218.19000244140625,492.1783752441406,542.4386596679688,85.0748291015625
2024-07-09 00:00:00,41.85932540893555,218.55999755859375,492.6038818359375,542.9661254882812,84.69879913330078
2024-07-10 00:00:00,42.09813690185547,219.36000061035156,497.74005126953125,548.3389282226562,84.96479034423828
2024-07-11 00:00:00,42.34650802612305,223.25,486.8244934082031,543.61083984375,85.79020690917969
2024-07-12 00:00:00,42.51845169067383,223.11000061035156,489.6845397949219,547.0396728515625,86.15708923339844
2024-07-15 00:00:00,42.069480895996094,223.8300018310547,491.000732421875,548.5441284179688,85.16654968261719
2024-07-16 00:00:00,42.30829620361328,228.2899932861328,491.188720703125,551.797119140625,86.3680191040039
2024-07-17 00:00:00,41.620513916015625,227.22999572753906,476.7699279785156,544.0601806640625,86.38636016845703
2024-07-18 00:00:00,41.22885513305664,225.77999877929688,474.513671875,539.8790893554688,85.72599792480469
2024-07-19 00:00:00,40.82765197753906,221.72999572753906,470.30767822265625,536.2940063476562,85.22156524658203
2024-07-22 00:00:00,41.171539306640625,221.8000030517578,477.314208984375,541.8231811523438,84.97394561767578
2024-07-23 00:00:00,40.80854034423828,222.5800018310547,475.6318664550781,540.9733276367188,84.85472869873047
2024-07-24 00:00:00,40.216285705566406,221.8000030517578,458.5708312988281,528.713623046875,83.93756866455078
2024-07-25 00:00:00,40.053890228271484,218.3300018310547,453.5138854980469,525.9586181640625,84.62542724609375
2024-07-26 00:00:00,40.46465301513672,220.6300048828125,458.1650695800781,531.849365234375,85.28577423095703
2024-07-29 00:00:00,40.33091735839844,220.32000732421875,459.0854187011719,532.1619873046875,85.74435424804688
2024-07-30 00:00:00,40.149410247802734,222.52000427246094,452.7815246582031,529.4658203125,86.07452392578125
2024-07-31 00:00:00,41.028255462646484,226.5500030517578,466.1809997558594,538.0719604492188,86.95498657226562
2024-08-01 00:00:00,40.31181335449219,225.77000427246094,454.889404296875,530.4524536132812,87.70496368408203
2024-08-02 00:00:00,39.7386589050293,225.33999633789062,444.0926513671875,520.5762939453125,90.43798065185547
2024-08-05 00:00:00,38.611454010009766,222.47999572753906,430.8515319824219,505.4150695800781,90.9164810180664
2024-08-06 00:00:00,38.83116149902344,220.6999969482422,434.9683532714844,510.0748291015625,88.8828125
2024-08-07 00:00:00,39.06998062133789,220.5500030517578,430.25775146484375,506.66546630859375,88.257080078125
2024-08-08 00:00:00,39.95836639404297,224.00999450683594,443.41973876953125,518.3782348632812,87.71415710449219
2024-08-09 00:00:00,40.178077697753906,224.55999755859375,445.73541259765625,520.6640625,88.57915496826172
2024-08-12 00:00:00,40.31181335449219,228.41000366210938,446.69537353515625,520.9376831054688,88.90125274658203
2024-08-13 00:00:00,40.76077651977539,228.05999755859375,457.7791442871094,529.5048828125,89.51776885986328
2024-08-14 00:00:00,40.541072845458984,226.1999969482422,457.92755126953125,531.1751708984375,90.07910919189453
2024-08-15 00:00:00,40.99004364013672,226.91000366210938,469.49627685546875,540.2797241210938,89.35212707519531
2024-08-16 00:00:00,41.46767044067383,231.99000549316406,470.09991455078125,541.4910278320312,89.6650161743164
2024-08-19 00:00:00,41.86888122558594,231.61000061035156,476.275146484375,546.66845703125,90.07910919189453
2024-08-20 00:00:00,41.54409408569336,232.4600067138672,475.275634765625,545.779541015625,90.79685974121094
2024-08-21 00:00:00,41.706485748291016,232.14999389648438,477.49237060546875,547.6551513671875,90.85208129882812
2024-08-22 00:00:00,41.19064712524414,229.3699951171875,469.92181396484375,543.3567504882812,89.95027923583984
2024-08-23 00:00:00,41.87843322753906,232.02000427246094,475.018310546875,549.1301879882812,90.53921508789062
2024-08-26 00:00:00,41.52499008178711,232.75999450683594,470.4067077636719,547.8211669921875,90.30916595458984
2024-08-27 00:00:00,41.58230209350586,233.38999938964844,471.8119812011719,548.5734252929688,90.15271759033203
2024-08-28 00:00:00,41.324378967285156,231.75,466.4580993652344,545.3887939453125,90.04228210449219
2024-08-29 00:00:00,41.34348678588867,232.9499969482422,465.7752685546875,545.4375,89.7478256225586
2024-08-30 00:00:00,41.42945861816406,231.2899932861328,471.3269958496094,550.6443481445312,88.79080200195312
2024-09-03 00:00:00,40.60793685913086,230.2899932861328,457.01708984375,539.3126831054688,90.24300384521484
2024-09-04 00:00:00,40.598384857177734,230.42999267578125,455.8294982910156,538.2088012695312,91.40624237060547
2024-09-05 00:00:00,40.655704498291016,232.35000610351562,456.255126953125,536.8997802734375,91.92322540283203
2024-09-06 00:00:00,39.91059875488281,230.6300048828125,444.03326416015625,527.8636474609375,91.91399383544922
2024-09-09 00:00:00,40.24494552612305,231.60000610351562,449.74334716796875,533.773681640625,92.31097412109375
2024-09-10 00:00:00,40.09210205078125,232.6199951171875,453.8998107910156,536.0986938476562,92.95720672607422
2024-09-11 00:00:00,40.38823699951172,232.25,463.7564697265625,541.5985107421875,92.88336181640625
2024-09-12 00:00:00,40.722572326660156,236.3300018310547,468.3087158203125,546.1605834960938,92.44945526123047
2024-09-13 00:00:00,40.91362762451172,238.67999267578125,470.4067077636719,549.0130615234375,92.69873046875
2024-09-16 00:00:00,41.04736328125,238.66000366210938,468.3284912109375,549.8237915039062,93.54808044433594
2024-09-17 00:00:00,41.095123291015625,237.33999633789062,468.575927734375,550.0484619140625,93.09568786621094
2024-09-18 00:00:00,40.95183563232422,235.50999450683594,466.5471496582031,548.4171142578125,91.94168853759766
2024-09-19 00:00:00,41.82111358642578,239.1699981689453,478.34344482421875,557.7755737304688,91.6370620727539
2024-09-20 00:00:00,41.73514175415039,242.2100067138672,477.4330139160156,556.8113403320312,91.28622436523438
2024-09-23 00:00:00,42.0599250793457,242.67999267578125,478.698486328125,558.2026977539062,91.09234619140625
2024-09-24 00:00:00,43.49281692504883,246.07000732421875,481.007568359375,559.7999267578125,91.07390594482422
2024-09-25 00:00:00,43.0342903137207,245.72999572753906,481.4534912109375,558.5652465820312,90.31687927246094
2024-09-26 00:00:00,44.6104621887207,246.97999572753906,485.0707092285156,560.7797241210938,90.52919006347656
2024-09-27 00:00:00,44.52449035644531,245.02000427246094,482.37518310546875,559.9664916992188,91.00001525878906
2024-09-30 00:00:00,43.808048248291016,243.05999755859375,483.68328857421875,562.21044921875,90.56614685058594
2024-10-01 00:00:00,44.12328338623047,245.61000061035156,476.9444580078125,557.1738891601562,91.22000122070312
2024-10-02 00:00:00,44.99256896972656,245.66000366210938,477.6183166503906,557.4090576171875,90.45130157470703
2024-10-03 00:00:00,44.45762252807617,245.49000549316406,477.26153564453125,556.3899536132812,89.59919738769531
2024-10-04 00:00:00,44.868385314941406,245.0,482.9400329589844,561.4461059570312,88.49703979492188
2024-10-07 00:00:00,45.24093246459961,244.1699981689453,477.7669677734375,556.370361328125,87.83016967773438
2024-10-08 00:00:00,44.12328338623047,242.3699951171875,484.9022216796875,561.6322631835938,87.97836303710938
2024-10-09 00:00:00,43.88446807861328,241.0500030517578,488.7176513671875,565.5223999023438,87.47822570800781
2024-10-10 00:00:00,43.97043991088867,242.82000732421875,488.1626892089844,564.5327758789062,87.13554382324219
2024-10-11 00:00:00,44.285675048828125,245.47000122070312,488.9257507324219,567.913330078125,86.7835922241211
2024-10-14 00:00:00,44.10417938232422,245.07000732421875,493.028564453125,572.5579223632812,86.8484115600586
2024-10-15 00:00:00,43.168025970458984,245.9199981689453,486.4383544921875,568.1093139648438,87.90428924560547
2024-10-16 00:00:00,43.50237274169922,247.14999389648438,486.497802734375,570.5785522460938,88.27473449707031
2024-10-17 00:00:00,43.43549728393555,248.6300048828125,486.8347473144531,570.6275634765625,86.87619018554688
2024-10-18 00:00:00,43.86536407470703,251.27000427246094,490.0257568359375,572.8224487304688,86.9410400390625
2024-10-21 00:00:00,43.5596809387207,251.22000122070312,490.96722412109375,571.8817749023438,85.42210388183594
2024-10-22 00:00:00,43.46416091918945,253.92999267578125,491.5024108886719,571.5780029296875,85.50546264648438
2024-10-23 00:00:00,43.20623779296875,250.8699951171875,483.97064208984375,566.355224609375,85.27389526367188
2024-10-24 00:00:00,43.13936996459961,252.8000030517578,487.89508056640625,567.5801391601562,85.82035064697266
2024-10-25 00:00:00,43.101158142089844,253.32000732421875,490.8681335449219,567.3841552734375,85.33872985839844
2024-10-28 00:00:00,43.29220962524414,253.3300018310547,490.9473876953125,569.13818359375,85.10718536376953
2024-10-29 00:00:00,43.15847396850586,256.0899963378906,495.6646423339844,570.0592651367188,85.23684692382812
2024-10-30 00:00:00,42.73816680908203,257.5,491.9186096191406,568.3346557617188,85.48692321777344
2024-10-31 00:00:00,42.46113967895508,253.50999450683594,479.5012512207031,557.1934814453125,85.6258544921875
2024-11-01 00:00:00,42.49934768676758,252.47000122070312,483.049072265625,559.545166015625,84.41867065429688
2024-11-04 00:00:00,42.73816680908203,252.8300018310547,481.6418151855469,558.3399658203125,85.72900390625
2024-11-05 00:00:00,43.320865631103516,253.39999389648438,487.7861022949219,565.0912475585938,86.18437194824219
2024-11-06 00:00:00,42.78592300415039,245.6999969482422,501.035888671875,579.142578125,83.82389831542969
2024-11-07 00:00:00,43.73162841796875,249.64999389648438,508.92431640625,583.6205444335938,84.8740463256836
2024-11-08 00:00:00,42.652191162109375,247.9600067138672,509.5190124511719,586.148681640625,85.9520263671875
2024-11-11 00:00:00,42.32740783691406,242.13999938964844,509.2217102050781,586.7071533203125,85.53385162353516
2024-11-12 00:00:00,41.52499008178711,240.0500030517578,508.3000183105469,584.8847045898438,84.25141906738281
2024-11-13 00:00:00,41.257511138916016,237.6300048828125,507.64599609375,585.1688232421875,83.45220184326172
2024-11-14 00:00:00,41.028255462646484,237.00999450683594,504.11798095703125,581.4061279296875,83.93543243408203
2024-11-15 00:00:00,41.028255462646484,236.58999633789062,492.1069030761719,573.9591064453125,83.71240997314453
2024-11-18 00:00:00,41.4963264465332,241.08999633789062,495.52587890625,576.310791015625,83.8610610961914
2024-11-19 00:00:00,41.46767044067383,243.25,498.9349670410156,578.41748046875,84.28856658935547
2024-11-20 00:00:00,41.41990661621094,244.6199951171875,498.6476135253906,578.6134643554688,84.01908111572266
2024-11-21 00:00:00,41.33393478393555,246.66000366210938,500.44134521484375,581.7196655273438,83.95403289794922
2024-11-22 00:00:00,41.34348678588867,249.83999633789062,501.2440185546875,583.522705078125,84.00048065185547
2024-11-25 00:00:00,41.37214279174805,242.47999572753906,502.036865234375,585.501953125,86.17508697509766
2024-11-26 00:00:00,41.200199127197266,242.9499969482422,504.7323913574219,588.5592651367188,85.84052276611328
2024-11-27 00:00:00,41.257511138916016,243.49000549316406,500.7584533691406,586.7758178710938,86.43528747558594
2024-11-29 00:00:00,41.324378967285156,245.58999633789062,505.15850830078125,590.4208984375,87.3274154663086
2024-12-02 00:00:00,41.48677444458008,243.44000244140625,510.65863037109375,591.479248046875,87.53723907470703
2024-12-03 00:00:00,41.572750091552734,243.92999267578125,512.2244262695312,591.7534790039062,86.78189086914062
2024-12-04 00:00:00,41.67782974243164,244.6699981689453,518.5570678710938,595.4279174804688,87.71441650390625
2024-12-05 00:00:00,41.95484924316406,242.86000061035156,517.1200561523438,594.4481811523438,87.89161682128906
2024-12-06 00:00:00,41.88798141479492,242.9499969482422,521.748046875,595.5750122070312,88.02217864990234
2024-12-09 00:00:00,42.747711181640625,245.36000061035156,517.6849365234375,592.508056640625,87.21086120605469
2024-12-10 00:00:00,42.0599250793457,248.58999633789062,515.9208374023438,590.6658325195312,86.80054473876953
2024-12-11 00:00:00,42.231876373291016,250.9600067138672,525.1571044921875,595.2319946289062,85.97989654541016
2024-12-12 00:00:00,42.0217170715332,247.27999877929688,521.7678833007812,592.1651000976562,84.93547821044922
2024-12-13 00:00:00,42.0599250793457,244.2899932861328,525.7616577148438,592.0475463867188,84.06819915771484
2024-12-16 00:00:00,41.83066940307617,244.8800048828125,533.3330078125,594.5755615234375,84.31999969482422
2024-12-17 00:00:00,41.730613708496094,243.94000244140625,530.9843139648438,592.1259155273438,84.525146484375
2024-12-18 00:00:00,40.75923156738281,239.25999450683594,511.8280029296875,574.4784545898438,83.46823120117188
2024-12-19 00:00:00,40.895225524902344,239.60000610351562,509.54876708984375,574.3020629882812,82.20439910888672
2024-12-20 00:00:00,41.06036376953125,242.10000610351562,513.998291015625,581.2000122070312,82.67249298095703
2024-12-23 00:00:00,41.29349136352539,240.9600067138672,519.006103515625,584.6803588867188,81.91419219970703
2024-12-24 00:00:00,41.41977310180664,241.44000244140625,526.0437622070312,591.1790771484375,82.26058197021484
2024-12-26 00:00:00,41.274070739746094,243.07000732421875,525.6863403320312,591.218505859375,82.21375274658203
2024-12-27 00:00:00,41.08950424194336,241.39999389648438,518.6983642578125,584.9950561523438,81.53972625732422
2024-12-30 00:00:00,40.75923156738281,240.6300048828125,511.7996826171875,578.3192749023438,82.19505310058594
