Date,Custom Multi-Asset Index,SPY
2012-01-03,100.0,100.0
2012-01-04,100.0,100.15685169647067
2012-01-05,100.0,100.42351883552807
2012-01-06,100.0,100.16470005781137
2012-01-09,100.0,100.40784521891536
2012-01-10,100.0,101.27840486792492
2012-01-11,100.0,101.3333125892183
2012-01-12,100.0,101.5764885584139
2012-01-13,100.0,101.05095642950236
2012-01-17,100.0,101.44313573382794
2012-01-18,100.0,102.5646812032593
2012-01-19,100.0,103.10587924676065
2012-01-20,100.0,103.49017167963098
2012-01-23,100.0,103.22352764664228
2012-01-24,100.0,103.10587924676065
2012-01-25,100.0,103.96861364049823
2012-01-26,100.0,103.43527936238341
2012-01-27,100.0,103.38825081052238
2012-01-30,100.0,103.03525169671714
2012-01-31,100.0,102.99606380417391
2012-02-01,100.0,103.89802460056924
2012-02-02,100.0,104.06274776444934
2012-02-03,100.0,105.5215648169129
2012-02-06,100.0,105.4509372668694
2012-02-07,100.0,105.71762751199552
2012-02-08,100.0,106.03136171302847
2012-02-09,100.0,106.16471453761444
2012-02-10,100.0,105.38042524716946
2012-02-13,100.0,106.16471453761444
2012-02-14,100.0,106.03136171302847
2012-02-15,100.0,105.5372384335256
2012-02-16,100.0,106.70589717706997
2012-02-17,100.0,106.9882225286943
2012-02-21,100.0,107.03528959066986
2012-02-22,100.0,106.69019275236566
2012-02-23,100.0,107.1607940539151
2012-02-24,100.0,107.39608315165547
2012-02-27,100.0,107.57647223012539
2012-02-28,100.0,107.89014481497512
2012-02-29,100.0,107.46661827742415
2012-03-01,100.0,108.02348993753819
2012-03-02,100.0,107.69408982191541
2012-03-05,100.0,107.25488966775174
2012-03-06,100.0,105.68626487472434
2012-03-07,100.0,106.42353331533121
2012-03-08,100.0,107.48236121224302
2012-03-09,100.0,107.89801628238456
2012-03-12,100.0,107.90590315383982
2012-03-13,100.0,109.850956614351
2012-03-14,100.0,109.73329281042356
2012-03-15,100.0,110.36862497787601
2012-03-16,100.0,110.52144081434419
2012-03-19,100.0,110.95471041087063
2012-03-20,100.0,110.63174918639689
2012-03-21,100.0,110.45057450159061
2012-03-22,100.0,109.6549016212913
2012-03-23,100.0,110.00936411944859
2012-03-26,100.0,111.55336554524709
2012-03-27,100.0,111.20677451449923
2012-03-28,100.0,110.65540209873971
2012-03-29,100.0,110.46628662831787
2012-03-30,100.0,110.92320143516423
2012-04-02,100.0,111.73455563409918
2012-04-03,100.0,111.27767163534443
2012-04-04,100.0,110.17483437955053
2012-04-05,100.0,110.11966478947839
2012-04-09,100.0,108.88292016344934
2012-04-10,100.0,107.05531485022424
2012-04-11,100.0,107.92186944732293
2012-04-12,100.0,109.33196350288625
2012-04-13,100.0,108.0321393092611
2012-04-16,100.0,107.9612575924617
2012-04-17,100.0,109.56035158810329
2012-04-18,100.0,109.19013845310424
2012-04-19,100.0,108.48905411610747
2012-04-20,100.0,108.67022109889083
2012-04-23,100.0,107.75644539935844
2012-04-24,100.0,108.16603897747336
2012-04-25,100.0,109.6470455579277
2012-04-26,100.0,110.41111703824573
2012-04-27,100.0,110.59232253114362
2012-04-30,100.0,110.18268274089127
2012-05-01,100.0,110.86806265318371
2012-05-02,100.0,110.5371683451173
2012-05-03,100.0,109.6942666603614
2012-05-04,100.0,107.92186944732298
2012-05-07,100.0,108.00063033355471
2012-05-08,100.0,107.56737614107408
2012-05-09,100.0,106.92930205346727
2012-05-10,100.0,107.14986488341229
2012-05-11,100.0,106.82692676500724
2012-05-14,100.0,105.64525930477548
2012-05-15,100.0,105.03864798073768
2012-05-16,100.0,104.63694127407801
2012-05-17,100.0,103.08509148693881
2012-05-18,100.0,102.20278625299832
2012-05-21,100.0,103.95949444537823
2012-05-22,100.0,104.14068453423029
2012-05-23,100.0,104.19580791216501
2012-05-24,100.0,104.40064321133697
2012-05-25,100.0,104.0618620318153
2012-05-29,100.0,105.32225186816424
2012-05-30,100.0,103.79403188729914
2012-05-31,100.0,103.56562839803631
2012-06-01,100.0,100.95813164944528
2012-06-04,100.0,100.91087973891999
2012-06-05,100.0,101.67500513339836
2012-06-06,100.0,103.95949444537817
2012-06-07,100.0,104.02247388667651
2012-06-08,100.0,104.84967114672807
2012-06-11,100.0,103.51832257335067
2012-06-12,100.0,104.70783069290025
2012-06-13,100.0,104.03823222554118
2012-06-14,100.0,105.14111569347251
2012-06-15,100.0,106.21638740928758
2012-06-18,100.0,106.42227018357472
2012-06-19,100.0,107.4516840550104
2012-06-20,100.0,107.2774642968878
2012-06-21,100.0,104.87028946204613
2012-06-22,100.0,105.67796209403224
2012-06-25,100.0,103.98345543863724
2012-06-26,100.0,104.50605309682174
2012-06-27,100.0,105.44831857908159
2012-06-28,100.0,105.14742365023211
2012-06-29,100.0,107.7683989389078
2012-07-02,100.0,108.09306231044368
2012-07-03,100.0,108.80569968179871
2012-07-05,100.0,108.31476503977872
2012-07-06,100.0,107.28538967845758
2012-07-09,100.0,107.15076602009219
2012-07-10,100.0,106.21638740928758
2012-07-11,100.0,106.23226898051874
2012-07-12,100.0,105.71755049176654
2012-07-13,100.0,107.49125704869891
2012-07-16,100.0,107.2378681971306
2012-07-17,100.0,107.97428941521783
2012-07-18,100.0,108.77402896361123
2012-07-19,100.0,109.0590808313441
2012-07-20,100.0,108.06138389023332
2012-07-23,100.0,106.96862858242272
2012-07-24,100.0,106.05013924487218
2012-07-25,100.0,106.0739230916044
2012-07-26,100.0,107.82386120585035
2012-07-27,100.0,109.81133740852506
2012-07-30,100.0,109.81133740852506
2012-07-31,100.0,109.04326087629616
2012-08-01,99.6445153793271,108.94823331768802
2012-08-02,99.6984586079062,108.19599214455286
2012-08-03,100.08072111466461,110.3418989583939
2012-08-06,100.12367004576357,110.55566090211337
2012-08-07,99.4684102152356,111.10992927848535
2012-08-08,99.10690599411751,111.2445144267362
2012-08-09,99.00595700291161,111.33954198534435
2012-08-10,99.27143793656545,111.52168712503669
2012-08-13,99.17454097127889,111.46625566618576
2012-08-14,98.66093738950306,111.48209872730239
2012-08-15,98.38662725720145,111.60878160005218
2012-08-16,98.5983178065309,112.43233580326945
2012-08-17,98.81243766878333,112.5827255025224
2012-08-20,98.78812327103128,112.59066628813797
2012-08-21,98.90415962960743,112.25012904739383
2012-08-22,99.44236150106494,112.29768903883533
2012-08-23,99.20972985234616,111.37915348914733
2012-08-24,99.48793413748417,112.05220246276807
2012-08-27,99.78901821537342,112.07596320343154
2012-08-28,99.95076286364589,111.96515419989
2012-08-29,99.82101459149207,112.05220246276804
2012-08-30,99.67895734267871,111.24451442673613
2012-08-31,100.41194471450751,111.77507597660497
2012-09-04,100.58326513825754,111.67218465261028
2012-09-05,100.33686295492082,111.57713398793341
2012-09-06,100.75792569956961,113.84176748486283
2012-09-07,100.76222265070218,114.28521145364748
2012-09-10,100.38983234534552,113.63590011462152
2012-09-11,100.37273266033625,113.9525995944731
2012-09-12,100.1368272031037,114.33273293497446
2012-09-13,100.92415997632409,116.07471485955902
2012-09-14,100.3661755785032,116.58938713617377
2012-09-17,100.55686319576682,116.19350315883065
2012-09-18,100.37964184778969,116.0984678981996
2012-09-19,100.43034922325351,116.1618170365974
2012-09-20,100.01984745155733,116.16975012019006
2012-09-21,100.0493625536281,116.12118116374792
2012-09-24,100.13595544970981,115.94606797096829
2012-09-25,99.61814036761685,114.71215768936847
2012-09-26,99.78335170347775,114.06735973576514
2012-09-27,100.00373135083795,115.14202299177067
2012-09-28,99.81686211107322,114.60863479949552
2012-10-01,99.78235417601283,114.91121647136133
2012-10-02,100.02420560373322,115.03055161425928
2012-10-03,100.23777547480486,115.50023637508298
2012-10-04,100.05032660787552,116.32818843337927
2012-10-05,99.66156776707007,116.33611381494904
2012-10-08,99.75625083970965,115.93808097321529
2012-10-09,99.24486275528643,114.7917426920511
2012-10-10,99.39986420228522,114.0594420562183
2012-10-11,99.62220752130253,114.1230761694636
2012-10-12,99.4790923673526,113.74894270480564
2012-10-15,99.90048706391619,114.69621450195409
2012-10-16,99.98183623014356,115.85844975839525
2012-10-17,99.73281536638066,116.38390486707773
2012-10-18,99.78330060370712,116.08138481139518
2012-10-19,99.40361250510712,114.14695244047068
2012-10-22,99.02910518380789,114.16286481979346
2012-10-23,98.70905975109228,112.57871274858854
2012-10-24,98.26601583505065,112.26030341965195
2012-10-25,98.10266190856805,112.58669204431865
2012-10-26,98.28107750644168,112.52300401691302
2012-10-31,98.79196307825998,112.52300401691302
2012-11-01,98.71712913024835,113.70114395065404
2012-11-02,97.71278327031119,112.69015331800833
2012-11-05,98.08951843621313,112.92102915662386
2012-11-06,98.65185199388183,113.80468224457279
2012-11-07,98.54085525913258,111.22543651599916
2012-11-08,98.9292652619026,109.88804185464093
2012-11-09,98.96123461640582,109.98355464069213
2012-11-12,98.96974467984846,110.07111893910484
2012-11-13,98.89606175103071,109.6890523908542
2012-11-14,98.49021672558894,108.2083692953619
2012-11-15,98.16366167426176,108.02526910482926
2012-11-16,98.25539616475669,108.55863419103571
2012-11-19,99.12717828604526,110.75579026528999
2012-11-20,98.71559993013975,110.80353510528123
2012-11-21,98.79197826145439,111.01049616277514
2012-11-23,99.61173938652233,112.52300401691302
2012-11-26,99.663763505355,112.28421820077355
2012-11-27,99.4834401455623,111.71107216626015
2012-11-28,99.27826304672527,112.61058371937153
2012-11-29,99.56313374909276,113.13595410580206
2012-11-30,99.25564604241288,113.15987658894657
2012-12-03,99.19107204616542,112.60261982768725
2012-12-04,98.51056589785799,112.44341131220747
2012-12-05,98.47348020221662,112.64240847801707
2012-12-06,98.36660716874837,113.02454434447384
2012-12-07,98.56188243715643,113.36686075250914
2012-12-10,98.63162424880161,113.41458248643166
2012-12-11,98.76606695005562,114.18680270698371
2012-12-12,98.96159807871332,114.24247292854473
2012-12-13,98.182250097716,113.54192003112841
2012-12-14,98.21605635275547,113.12001091838759
2012-12-17,98.6388822388147,114.44944168806153
2012-12-18,98.61652743763119,115.72315602403702
2012-12-19,98.41231234878528,114.8634177172097
2012-12-20,98.04940001003075,115.52412805013579
2012-12-21,97.81622852774731,114.47550533357378
2012-12-24,97.66810828910766,114.12276808854733
2012-12-26,97.8956428675691,113.64175365202965
2012-12-27,97.92902290304087,113.4894076389587
2012-12-28,97.35638572648685,112.26279887507329
2012-12-31,98.38332664152783,114.17090573170677
2013-01-02,99.57465343620053,117.09707367801319
2013-01-03,98.8251217367952,116.8325245952548
2013-01-04,98.67151436668381,117.34561795717393
2013-01-07,98.43431419270749,117.02493653148018
2013-01-08,98.65574490187458,116.68821179207427
2013-01-09,98.67743827216329,116.98487060832572
2013-01-10,99.36342110529017,117.91483596000548
2013-01-11,99.02962215586403,117.90684126022954
2013-01-14,99.32091375358715,117.8266554997603
2013-01-15,99.40942888231558,117.90684126022954
2013-01-16,99.45920706545466,117.89077484044866
2013-01-17,99.95980125597028,118.65241248152853
2013-01-18,100.1967935416773,118.91693845821823
2013-01-22,100.59120567716451,119.5583321176973
2013-01-23,100.58676987001391,119.7507132458311
2013-01-24,100.20415023726163,119.78279217123251
2013-01-25,100.16122618145434,120.45627245813594
2013-01-28,100.03449025717295,120.31197505900127
2013-01-29,100.5017398066727,120.78494088158268
2013-01-30,101.00095664645995,120.31197505900124
2013-01-31,100.70061059447215,120.01529313668107
2013-02-01,101.37231325528975,121.2499197064111
2013-02-04,100.79551368457851,119.88702364721273
2013-02-05,101.18608198970342,121.09762760750048
2013-02-06,101.28190411429205,121.18576955763112
2013-02-07,100.9644074494301,121.02547505692169
2013-02-08,101.59231619183136,121.69887062157316
2013-02-11,101.51613747589737,121.67481720403926
2013-02-12,101.88630422527447,121.87525464813218
2013-02-13,101.90771695210057,121.97946301804372
2013-02-14,101.74954883641163,122.09165838570826
2013-02-15,101.58121561083905,121.94736868859648
2013-02-19,101.97258683592692,122.86136004477022
2013-02-20,100.94460624736486,121.33009006283456
2013-02-21,100.10207514091766,120.59253664738019
2013-02-22,100.76271551215048,121.7710539802436
2013-02-25,99.32759104058182,119.45408523767122
2013-02-26,99.72219046523828,120.2718167115719
2013-02-27,100.17695232928934,121.78706648586413
2013-02-28,99.93016052437355,121.54654001254801
2013-03-01,100.33227534677798,121.94736868859648
2013-03-04,100.58405622923186,122.59680325998892
2013-03-05,101.05208830988055,123.69513483238308
2013-03-06,100.69183388814864,123.86351645714329
2013-03-07,100.33633855476639,124.08797651067852
2013-03-08,100.18740852426072,124.61705927214948
2013-03-11,100.37484188998857,125.09012522102869
2013-03-12,100.41733648506299,124.8094866124207
2013-03-13,100.4634885783901,124.98583983088814
2013-03-14,100.75133935721692,125.65130231194692
2013-03-15,100.94086877217023,125.48540844058518
2013-03-18,100.82468008374173,124.79291956115095
2013-03-19,100.81109652671687,124.50300001494182
2013-03-20,100.77699224668422,125.37264312322564
2013-03-21,100.71316654660174,124.30163062607733
2013-03-22,101.18522442652657,125.30016708768483
2013-03-25,101.01758172962903,124.77684543934717
2013-03-26,101.61771644617399,125.77529717870273
2013-03-27,101.96909150319054,125.77529717870273
2013-03-28,102.01729115952271,126.16181549619274
2013-04-01,102.24009661885918,125.66257807348063
2013-04-02,102.3760632118097,126.28256781130528
2013-04-03,102.21663023775325,125.00220662956234
2013-04-04,103.31572932027788,125.50959279250849
2013-04-05,104.04307853129684,124.94588943807724
2013-04-08,104.2907641199714,125.79141751264393
2013-04-09,104.3301336299024,126.226266023866
2013-04-10,104.49326931489851,127.7724009100093
2013-04-11,104.87856571721228,128.1910751731298
2013-04-12,105.3991753282293,127.87708680534095
2013-04-15,104.16304940998408,124.91365647221768
2013-04-16,104.96621446799594,126.75772100839184
2013-04-17,104.31639473526508,124.90563096435012
2013-04-18,104.13130862239457,124.1244686952048
2013-04-19,104.89464998220777,125.2035452103352
2013-04-22,105.02807331755555,125.75922305689886
2013-04-23,105.4612956812972,127.05567376449143
2013-04-24,105.64838666007506,127.13621381801433
2013-04-25,105.52058948859342,127.65153306455315
2013-04-26,105.66663501764685,127.42607174804021
2013-04-29,106.07490147641184,128.27967924463476
2013-04-30,106.5927708716363,128.58568061467062
2013-05-01,106.36310530908246,127.45832011794558
2013-05-02,106.87926564834456,128.64207482638474
2013-05-03,106.54275950631562,129.94663576409678
2013-05-06,106.72839969086436,130.27671365773526
2013-05-07,106.96707226371616,130.93705429356189
2013-05-08,107.20442048525287,131.5330060178985
2013-05-09,106.77763683706335,131.16253871614353
2013-05-10,106.64240250187133,131.58935401747516
2013-05-13,106.56644298448401,131.69403991280683
2013-05-14,106.67775466615194,133.05489493593524
2013-05-15,107.45941639456373,133.7716451875218
2013-05-16,107.4787526187869,133.14352981553182
2013-05-17,107.57201070941136,134.43200122739424
2013-05-20,107.61020855784325,134.42391410334346
2013-05-21,108.14714381285503,134.61715785804267
2013-05-22,106.4679512671868,133.61862139643517
2013-05-23,105.86785880622809,133.2320722708535
2013-05-24,105.79680050014488,133.1193454636085
2013-05-28,104.81185938515189,133.91659725860345
2013-05-29,104.23644090534448,133.04686942806768
2013-05-30,103.95397575195567,133.53815066111844
2013-05-31,102.87527848574969,131.62154847322017
2013-06-03,103.682248007257,132.34637044481173
2013-06-04,103.16744764314983,131.71015254472513
2013-06-05,102.2447552197853,129.86607260450515
2013-06-06,103.23193804948711,131.04178640103095
2013-06-07,103.75315674367538,132.7086890063326
2013-06-10,103.32352252409495,132.7086890063326
2013-06-11,102.15539169631217,131.33974685915345
2013-06-12,101.44955268969724,130.25259092199516
2013-06-13,103.06308281877565,132.23355121329183
2013-06-14,103.11962981578864,131.4041357706435
2013-06-17,103.56142005100408,132.41876946012349
2013-06-18,104.07638351226458,133.46564381748595
2013-06-19,102.58538802129581,131.62154847322017
2013-06-20,99.20501029928926,128.36021159613472
2013-06-21,99.55223475885265,128.77230833169395
2013-06-24,98.83896574934396,127.14509425042438
2013-06-25,99.73354617421907,128.36752851789498
2013-06-26,100.47365293764285,129.63844701955577
2013-06-27,101.32889940171421,130.39945309475738
2013-06-28,100.80663968046146,129.86514836175647
2013-07-01,101.14411376989317,130.62607741672903
2013-07-02,101.76235452821196,130.50463191955498
2013-07-03,101.86024931804533,130.56133421218533
2013-07-05,101.98504450796379,131.9699725854195
2013-07-08,102.38644722496466,132.72279911229546
2013-07-09,103.33007143645827,133.67801939708238
2013-07-10,103.46396810428729,133.7265883535245
2013-07-11,104.94033878742219,135.54810136663136
2013-07-12,104.87422383100946,135.60471123498684
2013-07-15,105.06160424907618,136.12282631584034
2013-07-16,104.99519685994099,135.61284457117503
2013-07-17,105.18548854454907,135.96097600650398
2013-07-18,105.82329787344426,136.70568460123755
2013-07-19,105.88851775826629,136.94859099963145
2013-07-22,106.03784296049523,137.2157433661319
2013-07-23,105.97771103652047,136.92423720320423
2013-07-24,104.87830739676139,136.42235798663552
2013-07-25,104.9771816493708,136.75422274958805
2013-07-26,104.8287446989238,136.90002204318932
2013-07-29,104.44775562394197,136.47901406712845
2013-07-30,104.2230857684324,136.47901406712845
2013-07-31,103.92389475070831,136.57618278810432
2013-08-01,103.5218929042151,138.154727786634
2013-08-02,103.79062755029078,138.3895162528855
2013-08-05,103.44852116093894,138.18713789902034
2013-08-06,103.2332128079398,137.40185504762056
2013-08-07,103.28764463237347,136.9566781236822
2013-08-08,103.52242460726583,137.4585573402509
2013-08-09,103.78082903861794,137.0618723525256
2013-08-12,103.25847105192396,136.90002204318927
2013-08-13,102.38961331737858,137.3047325387821
2013-08-14,102.13502728677739,136.60044416025664
2013-08-15,100.57597520663191,134.69001899472863
2013-08-16,99.52552478560958,134.24473424246958
2013-08-19,98.58642142129186,133.38663646652114
2013-08-20,99.74651779755264,134.04230967646703
2013-08-21,99.10103446920351,133.2165603967217
2013-08-22,99.93743590819132,134.43090754014153
2013-08-23,100.7588931821755,134.8842023962223
2013-08-26,100.70450293254703,134.38229237156196
2013-08-27,100.42378260886065,132.22090449168087
2013-08-28,100.06651499896122,132.69041980800063
2013-08-29,100.4369129083489,132.9008390737791
2013-08-30,100.00997061888235,132.4799235219931
2013-09-03,99.40108670633533,133.07900226762933
2013-09-04,99.88707674453654,134.17994482578845
2013-09-05,99.11390047295585,134.3499130672672
2013-09-06,99.80673764304743,134.41470248394836
2013-09-09,100.83456761366918,135.70184914787106
2013-09-10,100.82306280118163,136.70568460123752
2013-09-11,101.49675692855182,137.1347797013492
2013-09-12,101.14268100343529,136.77041240173543
2013-09-13,101.44599871132607,137.07812362085625
2013-09-16,101.75255499053542,137.871478192261
2013-09-17,102.16400279636899,138.48666956981558
2013-09-18,104.13202738876875,140.08952215263503
2013-09-19,103.8388478863101,139.85479530256674
2013-09-20,103.21418966230218,138.87697728257507
2013-09-23,103.07187790776085,138.23432049133947
2013-09-24,103.10012596621954,137.9089408316734
2013-09-25,103.1852739848774,137.51034574226756
2013-09-26,103.28791556911796,138.0391050187765
2013-09-27,103.07026025844945,137.40459696777495
2013-09-30,102.47069054876432,136.67244267037734
2013-10-01,103.01145492840334,137.75436123195988
2013-10-02,103.36561943123141,137.62419704485677
2013-10-03,102.39469983722296,136.35515013476203
2013-10-04,102.69190437063361,137.3882378711236
2013-10-07,102.78992578704582,136.20060134314008
2013-10-08,102.13655966720363,134.61435432170492
2013-10-09,101.91907087806813,134.71193895191772
2013-10-10,103.94965207828197,137.6160945167602
2013-10-11,104.33405083092167,138.50272058555066
2013-10-14,104.48017373860405,139.0559568908533
2013-10-15,103.97935116561668,138.04722295091892
2013-10-16,105.38047067295832,139.97519332462568
2013-10-17,105.95816237637747,140.91063481459122
2013-10-18,106.36429030338812,141.86248161334555
2013-10-21,106.07214818198773,141.87052252525888
2013-10-22,106.56232360262625,142.69220513691013
2013-10-23,105.91518136379683,142.00886626068765
2013-10-24,106.0361237491013,142.48069218387909
2013-10-25,106.74029355399988,143.13138988702804
2013-10-28,106.679119849027,143.35921572457295
2013-10-29,106.56623999292152,144.12396498290667
2013-10-30,106.20070841154978,143.40804654979388
2013-10-31,105.5917005320799,143.001302720154
2013-11-01,105.42168886535686,143.34299526433398
2013-11-04,105.45906202091335,143.84733912823248
2013-11-05,104.67495171221411,143.3917952814633
2013-11-06,104.82978787607632,144.1239649829067
2013-11-07,103.7047074500503,142.30171257560093
2013-11-08,103.8981192512693,144.22147259289042
2013-11-11,104.0913918793236,144.2459496216841
2013-11-12,103.63207978385273,143.9530879027251
2013-11-13,104.28397840536687,145.10817568190993
2013-11-14,104.85318655691327,145.83219664311932
2013-11-15,105.08005095647827,146.4667355022125
2013-11-18,104.5047749231735,145.9542274940342
2013-11-19,104.12979614671838,145.63701197864793
2013-11-20,103.6270090564729,145.18143732378712
2013-11-21,104.61261453574728,146.35286879557748
2013-11-22,104.75989025895294,147.08496147679182
2013-11-25,104.52033619584218,146.9385306173123
2013-11-26,104.39450404647017,146.97915108611593
2013-11-27,104.77655931663854,147.33715651480978
2013-11-29,104.41747697326775,147.23955648055122
2013-12-02,104.08420959625619,146.85716644733853
2013-12-03,104.06930680345874,146.2227046084744
2013-12-04,104.2612335204085,146.20643793609796
2013-12-05,104.19041370516986,145.56375033677077
2013-12-06,104.94980974123096,147.19069484723863
2013-12-09,105.08621512234673,147.56488992807982
2013-12-10,104.98008738893164,147.03617686370833
2013-12-11,103.7821106899542,145.3847399204009
2013-12-12,103.15233410475064,144.9048268731587
2013-12-13,103.09928885104429,144.88860641291973
2013-12-16,103.53919945666598,145.79152996217823
2013-12-17,103.42716184920491,145.32783737517502
2013-12-18,104.69484197852364,147.80896703395538
2013-12-19,104.2559729241087,147.63812076186542
2013-12-20,104.94459863847207,148.49697333605866
2013-12-23,105.20088369573273,149.29025088723435
2013-12-24,105.41851823790047,149.6174020121687
2013-12-26,105.67892971083708,150.37805379431668
2013-12-27,105.8488400100724,150.36987424599104
2013-12-30,105.6492216129164,150.34541262124316
2013-12-31,105.57117713188356,151.05692549725396
2014-01-02,105.29624543527846,149.60925327193465
2014-01-03,105.45213454525408,149.5847146269577
2014-01-06,105.45412484770178,149.15127558592732
2014-01-07,105.44203768624463,150.06727717007942
2014-01-08,104.90711664834456,150.10004157551944
2014-01-09,104.7497507045003,150.19814994328982
2014-01-10,105.60154876636845,150.60706574338906
2014-01-13,105.34150275272067,148.60324584810883
2014-01-14,105.39629370257073,150.22267318422092
2014-01-15,105.61722684625875,151.0324022563228
2014-01-16,105.55320092160714,150.8360776924614
2014-01-17,105.78166013807835,150.1981499432898
2014-01-21,105.6116334137526,150.63979934073743
2014-01-22,105.65375882623805,150.73793851659943
2014-01-23,106.10537315615454,149.5029037396554
2014-01-24,105.51006403618335,146.31311095333925
2014-01-27,104.71617237950083,145.59341852900275
2014-01-28,105.08929127705696,146.46037363129253
2014-01-29,105.16503984398912,145.05352212737245
2014-01-30,104.62367042385128,146.59127721259452
2014-01-31,104.47052185061547,145.7324246384013
2014-02-03,103.5576126556617,142.45267222454882
2014-02-04,103.84997806035427,143.45054631218645
2014-02-05,103.41423066925701,143.27058084497634
2014-02-06,103.97328331551203,145.1599332758349
2014-02-07,104.69436248050128,146.95929527106549
2014-02-10,105.18539015700775,147.22923576985772
2014-02-11,105.50419679919867,148.84043734550679
2014-02-12,105.36034560133632,148.91406868448342
2014-02-13,105.87325171081395,149.68290001495703
2014-02-14,106.22571646430062,150.50891116348112
2014-02-18,106.52131142568655,150.68887663069123
2014-02-19,106.11619827169633,149.69103335114525
2014-02-20,106.16236455203168,150.57437835817797
2014-02-21,106.39528546105686,150.40265405547677
2014-02-24,106.58870067845893,151.23686015637236
2014-02-25,107.0094298526869,151.17964953023025
2014-02-26,107.28214861192531,151.18775205832685
2014-02-27,107.56859808151398,151.98115284186906
2014-02-28,108.0117137662594,152.3656224212662
2014-03-03,108.01921045691867,151.29414780274354
2014-03-04,108.50266340908819,153.42061471077108
2014-03-05,108.56754920731733,153.55968243635292
2014-03-06,107.99117435178844,153.91138761031002
2014-03-07,107.39030566374603,153.97682399691521
2014-03-10,107.2336403356013,153.89498230152128
2014-03-11,107.37617394779295,153.13437673151074
2014-03-12,107.74164662364916,153.1753206852764
2014-03-13,107.65413867834428,151.45763094093581
2014-03-14,107.65188420286765,151.03240225632274
2014-03-17,107.78496094578018,152.39823278624806
2014-03-18,108.27835090037155,153.48606650142202
2014-03-19,107.12265465684318,152.6681578809945
2014-03-20,107.32956770306853,153.5596824363529
2014-03-21,107.9074068117583,152.96406960102414
2014-03-24,107.77898236412543,152.33154867193218
2014-03-25,108.14236540063844,153.0544451377974
2014-03-26,107.75824257488935,151.9537028322338
2014-03-27,108.09148210616829,151.63325246722724
2014-03-28,108.28344125388642,152.38087242661908
2014-03-31,108.79419253841729,153.62950897601425
2014-04-01,108.8890715777233,154.64816312145092
2014-04-02,108.83263674259457,155.16570825260942
2014-04-03,108.86694488222446,154.96034151385695
2014-04-04,108.80337602092638,153.12838455769025
2014-04-07,108.73724388784025,151.43611148893783
2014-04-08,109.19665869181469,152.06042206161248
2014-04-09,109.31696521665349,153.69526884758142
2014-04-10,108.54355076986073,150.46675029009637
2014-04-11,108.29131993100103,149.11120966277275
2014-04-14,108.69631690734134,150.28596840845827
2014-04-15,109.60155135948293,151.32108947886692
2014-04-16,110.26465271307258,152.90656629801157
2014-04-17,109.69917575557704,153.12022041341035
2014-04-21,110.0056588606253,153.65409383312857
2014-04-22,110.3769893428613,154.35240544187937
2014-04-23,110.35342991260724,153.9909803150155
2014-04-24,110.65076292076618,154.30315870742155
2014-04-25,110.25870360963796,153.0380244249628
2014-04-28,110.48245054495574,153.52275893854383
2014-04-29,110.62937901469758,154.23744504799174
2014-04-30,111.02458539129216,154.69745606804614
2014-05-01,111.58283186257816,154.7139229930181
2014-05-02,111.74843581463372,154.49208932929366
2014-05-05,111.67131693966417,154.78780079672774
2014-05-06,111.36495386600325,153.44056295009628
2014-05-07,111.8983628751873,154.34425670164532
2014-05-08,111.78456248227026,154.17994174497923
2014-05-09,111.74508629781914,154.40993955298353
2014-05-12,112.07245256242761,155.9132511917722
2014-05-13,112.18879908116539,156.05290427109486
2014-05-14,112.43169232057872,155.31357168834933
2014-05-15,112.38097076747277,153.9498669167459
2014-05-16,112.75006161498587,154.48390978096802
2014-05-19,112.45880048025879,155.05070164658437
2014-05-20,112.18966704632005,154.07311468727985
2014-05-21,112.02900162830059,155.37105958731607
2014-05-22,112.00064334829338,155.74896704319775
2014-05-23,112.68031481107748,156.37332382800986
2014-05-27,113.39967609745456,157.33449007447982
2014-05-28,113.60095789313756,157.2194988725006
2014-05-29,113.67213717439559,158.03281708727644
2014-05-30,113.88980549555595,158.2874151564409
2014-06-02,113.76789086775811,158.4681816340332
2014-06-03,113.26132344962005,158.38601645367723
2014-06-04,113.40318191821952,158.70642060654637
2014-06-05,114.36192068908557,159.74152627290923
2014-06-06,114.38458393629942,160.50548992490658
2014-06-09,113.90796913705252,160.66977407348108
2014-06-10,113.48925849965062,160.68619478631564
2014-06-11,113.32449031060483,160.12758246902496
2014-06-12,113.29684321062048,158.99395252565483
2014-06-13,113.48846898679932,159.4786716351901
2014-06-16,113.42090066937772,159.61008355000388
2014-06-17,113.32373441460237,160.0536738572237
2014-06-18,114.15689385138599,161.22844800695506
2014-06-19,114.02769436204237,161.40915286836412
2014-06-20,114.52374093453872,161.73687394299344
2014-06-23,114.23605098483611,161.6873037235736
2014-06-24,114.42078594683449,160.71330590694305
2014-06-25,114.61483962242993,161.43968368716153
2014-06-26,114.73437429376787,161.3241533435789
2014-06-27,115.04419612586403,161.63776431224537
2014-06-30,115.0274157565282,161.55518322265252
2014-07-01,114.80951588364185,162.63657804667747
2014-07-02,114.30893608425585,162.80164780158833
2014-07-03,113.79233536699833,163.6023192947533
2014-07-07,114.1399576569294,163.03281631707424
2014-07-08,114.69335199397734,161.98452478749715
2014-07-09,115.01664322087424,162.7108409515324
2014-07-10,115.41014567331584,162.06699804876934
2014-07-11,115.7324960448971,162.28990999570055
2014-07-14,114.83835326705754,163.10707922192913
2014-07-15,114.42338886169003,162.8016478015883
2014-07-16,114.88141065661219,163.40426947776103
2014-07-17,115.81766615327065,161.54703448241844
2014-07-18,115.78368655688193,163.19790147603086
2014-07-21,115.89888097587028,162.89247005569004
2014-07-22,115.91752611068182,163.60231929475327
2014-07-23,115.90109038841464,163.9655312909312
2014-07-24,115.17165860925289,163.97380326353175
2014-07-25,115.80380254787922,163.20611183244813
2014-07-28,115.95505369026998,163.27217978493158
2014-07-29,115.79183003208489,162.5705563063314
2014-07-30,115.06070717139383,162.5952952039039
2014-07-31,113.93415555681115,159.38438347078085
2014-08-01,114.02082472468788,158.89732294628234
2014-08-04,114.46023448135855,160.04470870256168
2014-08-05,113.82339612080241,158.49290512755988
2014-08-06,113.84309508869445,158.54238292270486
2014-08-07,114.01204287116182,157.68394625774854
2014-08-08,114.59415104813722,159.5081549788723
2014-08-11,114.94118618771101,159.97044579770673
2014-08-12,114.57802930657934,159.74754925482134
2014-08-13,115.63923689957068,160.82882084647977
2014-08-14,116.10635231340147,161.5882711130545
2014-08-15,116.47998636020196,161.55518322265243
2014-08-18,116.80140782015845,162.9089985968452
2014-08-19,116.96528153887525,163.7591478851552
2014-08-20,117.1825654553414,164.19668440237126
2014-08-21,117.45484092352567,164.67544214617766
2014-08-22,117.29846123919148,164.41951932907344
2014-08-25,117.5567884904882,165.253155480274
2014-08-26,117.53251776081449,165.36052167957678
2014-08-27,117.87622981861492,165.29448453518495
2014-08-28,118.05540530421818,165.20373930131225
2014-08-29,118.40408854991415,165.67419426442652
2014-09-02,117.70868107640328,165.5916593869711
2014-09-03,118.00730694387123,165.50085253691515
2014-09-04,117.32381664779126,165.26150447310357
2014-09-05,117.84135584263157,166.00441079447725
2014-09-08,117.7164110365297,165.57513084581586
2014-09-09,117.19551276203843,164.52685472028458
2014-09-10,116.47995150403526,165.1458971092919
2014-09-11,116.42683824480385,165.3357981860501
2014-09-12,114.60191177244772,164.37002612988266
2014-09-15,114.44420684132695,164.2461930056079
2014-09-16,114.9509545775176,165.48432399575995
2014-09-17,114.89397529841068,165.70722053864534
2014-09-18,114.88485066316163,166.59042690926577
2014-09-19,115.3844895577838,166.44031448283744
2014-09-22,114.83149593016878,165.1549238801372
2014-09-23,114.57158613173746,164.20954678062353
2014-09-24,114.55678247704091,165.49490657523214
2014-09-25,114.22251166006352,162.82458442580088
2014-09-26,114.9815546012966,164.11826240514745
2014-09-29,115.16610958313545,163.81970118923832
2014-09-30,114.65697753976991,163.38851113889638
2014-10-01,114.91210799701477,161.1743181899751
2014-10-02,114.52038004364609,161.19914951182247
2014-10-03,115.34276325147886,162.97384962970963
2014-10-06,115.42176554661134,162.783085926386
2014-10-07,115.04453412672207,160.27034716560144
2014-10-08,116.5573629618525,163.0733597656488
2014-10-09,115.61757244636395,159.83915711525952
2014-10-10,115.59697013240296,158.01464031321953
2014-10-13,115.23503733592551,155.41895076574266
2014-10-14,116.16709919010727,155.65942332489843
2014-10-15,116.0606495180185,154.60629492493672
2014-10-16,115.8435123361404,154.4735582621832
2014-10-17,116.13050928427614,156.2979826399483
2014-10-20,117.23805356252264,157.81565084943284
2014-10-21,118.05597303906576,160.9420867953283
2014-10-22,117.828896058231,159.79767401989048
2014-10-23,118.24004274153852,161.65532492446994
2014-10-24,118.55217477313661,162.8992016237095
2014-10-27,118.86286519004747,162.6753192218922
2014-10-28,119.24311031815151,164.541257503118
2014-10-29,119.04871691165589,164.29245135517846
2014-10-30,119.58716187865126,165.34570298750668
2014-10-31,120.44040003155543,167.236457186534
2014-11-03,120.8129908119205,167.32769534987264
2014-11-04,120.86423652771343,166.74713226730125
2014-11-05,120.97551202117758,167.80035309153786
2014-11-06,120.56749664783845,168.47215433744788
2014-11-07,121.01590332621812,168.6296915139571
2014-11-10,121.1045088917774,169.16045331642152
2014-11-11,121.01404380388101,169.32629327362292
2014-11-12,120.63131308405535,169.14389396717468
2014-11-13,120.99135281126823,169.33459605431506
2014-11-14,120.86651596980018,169.37609455372993
2014-11-17,120.97075136357563,169.48384585417799
2014-11-18,121.48919308247635,170.4624186724144
2014-11-19,120.80338174423363,170.18884281881074
2014-11-20,121.21770981143092,170.487311610445
2014-11-21,121.92923299958123,171.39952379932754
2014-11-24,122.22082736908861,171.88056134191396
2014-11-25,122.6020716389514,171.7561274598526
2014-11-26,123.21327112072231,172.1956665030241
2014-11-28,123.55285960888989,171.83079086989858
2014-12-01,122.92414659897098,170.63665383458283
2014-12-02,123.04593410210083,171.73955270655995
2014-12-03,123.3240383581524,172.403035767732
2014-12-04,123.7291492235936,172.21227206440838
2014-12-05,123.34750412453938,172.49421231488742
2014-12-08,123.83545442386425,171.34146595066585
2014-12-09,124.207985768994,171.22542727357146
2014-12-10,123.80601874721971,168.48045711814
2014-12-11,124.26091948597642,169.33459605431506
2014-12-12,123.79258037785516,166.5979440836216
2014-12-15,122.88816511811306,165.4534542879547
2014-12-16,123.01017822738774,164.12659599393123
2014-12-17,124.38633178536136,167.3442855072111
2014-12-18,124.9638565160692,171.48250539411154
2014-12-19,125.68087107972138,172.21213342799615
2014-12-22,126.63059659429312,173.00428648382766
2014-12-23,125.73229574724711,173.23781181832265
2014-12-24,125.79080977955574,173.25449439993602
2014-12-26,126.23044476962147,173.81316833340995
2014-12-29,126.8323996888884,174.0466628598133
2014-12-30,126.68950120025436,173.112746370383
2014-12-31,125.63859639986453,171.3949025855843
2015-01-02,126.71258964977467,171.3031868968255
2015-01-05,126.84445490399614,168.20948454827848
2015-01-06,127.62740759658695,166.62517843661547
2015-01-07,128.72572495007037,168.70150517552815
2015-01-08,129.08086601650618,171.6950966303494
2015-01-09,129.22756345191834,170.3192380666011
2015-01-12,129.46551399338207,168.9849858305883
2015-01-13,129.27873659087072,168.509724805181
2015-01-14,129.71778652309297,167.49236459959243
2015-01-15,130.1021901236829,165.9580446165862
2015-01-16,130.49364441780597,168.13448224922465
2015-01-20,130.82082730234703,168.49301141547605
2015-01-21,130.506708144906,169.34362282516037
2015-01-22,131.77078909406103,171.86192244648268
2015-01-23,132.0167117957362,170.9195953480396
2015-01-26,132.35642565979356,171.31988488248467
2015-01-27,131.85837710875805,169.0600651498712
2015-01-28,131.72074029606145,166.89199191410813
2015-01-29,131.992255643447,168.43469169803558
2015-01-30,131.31325205836782,166.31661999497507
2015-02-02,131.57372919947613,168.3762795563202
2015-02-03,131.66073197915387,170.81119707766754
2015-02-04,131.38713352842885,170.16074583925158
2015-02-05,131.87371917959476,171.87855881595863
2015-02-06,129.69660828598063,171.40329779055136
2015-02-09,129.12935450719723,170.63616090511695
2015-02-10,129.3828959453929,172.4539307350917
2015-02-11,129.360677647387,172.55398001263424
2015-02-12,130.14733896044928,174.2134424638092
2015-02-13,129.59164917527622,174.93053160440363
2015-02-17,128.9025728602486,175.2056940747258
2015-02-18,129.56195749598686,175.22239206038495
2015-02-19,128.31757457663153,175.09729580435368
2015-02-20,129.1131292539162,176.14795955698563
2015-02-23,129.94608230433923,176.12303581086343
2015-02-24,129.78446158109261,176.62332841071358
2015-02-25,129.94490541136548,176.47326219642267
2015-02-26,128.83037918162697,176.26476843637056
2015-02-27,129.38262538064205,175.66441115493203
2015-03-02,129.09989869289151,176.77342543309615
2015-03-03,128.68514366151004,176.04794108753472
2015-03-04,128.10786239714682,175.30580496845158
2015-03-05,128.22419343255655,175.49760074284458
2015-03-06,125.25974815977474,173.0293334623164
2015-03-09,126.15071081063853,173.74645341100245
2015-03-10,125.9907107137415,170.92795974491503
2015-03-11,126.23465195178495,170.52773182665322
2015-03-12,127.47212661914008,172.69572804218726
2015-03-13,127.05544611072199,171.63676150886315
2015-03-16,128.46599024469944,173.92991559661164
2015-03-17,128.67806188461256,173.4128787989649
2015-03-18,130.9186799803038,175.49760074284458
2015-03-19,130.47669828356737,174.6970986941835
2015-03-20,132.18113903289256,176.23910529604944
2015-03-23,131.98601243318015,175.89571830683028
2015-03-24,131.78961836306638,174.90737932354966
2015-03-25,130.0169583272246,172.3443155451005
2015-03-26,129.0116295706077,171.93381312828274
2015-03-27,129.70142270729997,172.3275405392123
2015-03-30,130.63309254942936,174.42985390340814
2015-03-31,129.96210165787338,172.9054849339958
2015-04-01,130.3162154982003,172.29397512339008
2015-04-02,130.34246270549156,172.91381852277956
2015-04-06,130.84312408475762,174.07813332540522
2015-04-07,130.3249853259417,173.61741371924356
2015-04-08,130.55202431421998,174.20369170281083
2015-04-09,129.27728414181922,174.97430990259852
2015-04-10,129.54442424342767,175.92925291456086
2015-04-13,129.29394574010186,175.13346450391796
2015-04-14,129.83372877996945,175.46851790435335
2015-04-15,129.6666387975954,176.25584949384603
2015-04-16,129.54993234069318,176.20561690045628
2015-04-17,129.34860548688798,174.1786447243221
2015-04-20,129.42530191749006,175.770052101104
2015-04-21,129.2522769408495,175.56064950234907
2015-04-22,128.89552569523195,176.42338389608662
2015-04-23,129.30361594050007,176.86735930445172
2015-04-24,129.7613059828027,177.2777230848572
2015-04-27,129.5239225065258,176.54071651302914
2015-04-28,128.98194993271593,177.10177807360378
2015-04-29,127.4115059053369,176.37316670674275
2015-04-30,126.37072871659778,174.60579891466165
2015-05-01,126.5787586113637,176.49877129628578
2015-05-04,126.34297982051423,177.00129748277857
2015-05-05,124.8871122048614,174.97430990259858
2015-05-06,123.92329983492345,174.25398591238385
2015-05-07,125.27728775624287,174.949170499835
2015-05-08,126.52391402973787,177.25259908613944
2015-05-11,124.66264798706572,176.4066551023359
2015-05-12,124.77189386423528,175.87889708880468
2015-05-13,124.0491329455286,175.91243169653524
2015-05-14,125.38972186054984,177.74680708789424
2015-05-15,126.70001268166386,177.93941927671523
2015-05-18,126.01326705482082,178.49227048087258
2015-05-19,125.48160189559377,178.4335810663326
2015-05-20,125.48646431872868,178.30796107274375
2015-05-21,125.99592720513768,178.8272776691705
2015-05-22,125.86064693172669,178.40013888287686
2015-05-26,125.80766364220469,176.48201169444334
2015-05-27,126.71339182579774,178.15723248448296
2015-05-28,126.47828608927938,177.95619428260338
2015-05-29,125.82480143344532,176.85052268238027
2015-06-01,125.97354300834824,177.2107308896251
2015-06-02,124.95810585987041,177.03478587837165
2015-06-03,123.80063019512586,177.50386988140872
2015-06-04,123.91019425435745,176.0045478904851
2015-06-05,122.87618558037958,175.70309071396352
2015-06-08,122.5047207589018,174.62251230436655
2015-06-09,121.87887191376,174.5974037096946
2015-06-10,122.29725188510618,176.69142969724413
2015-06-11,123.53487839105586,177.26102509919804
2015-06-12,123.18245556147482,175.90400568347658
2015-06-15,122.84996672766815,175.15022410576032
2015-06-16,123.72518452915051,176.10509009749356
2015-06-17,123.82373543153204,176.38981848026438
2015-06-18,124.61958570303658,178.2241938716234
2015-06-19,124.64953391869034,177.43305748281546
2015-06-22,123.58729701278585,178.3420194180319
2015-06-23,123.02581093802655,178.46822476536153
2015-06-24,122.85888552355384,177.17205133059358
2015-06-25,122.1754507230163,176.6334488688114
2015-06-26,122.00278330380321,176.59976022062273
2015-06-29,121.59416376525894,172.89639654696728
2015-06-30,121.38173704233112,173.25839162352617
2015-07-01,121.07108866993923,174.64708175743507
2015-07-02,120.88676498419105,174.48718776191672
2015-07-06,119.5635465111443,173.99062294115282
2015-07-07,119.11971553705965,175.0847723151093
2015-07-08,118.3857636913725,172.14737481940662
2015-07-09,119.01760243196757,172.45878300952214
2015-07-10,119.7480644852795,174.63026053940945
2015-07-13,120.03273944996505,176.55772257960444
2015-07-14,119.97726094647096,177.32364254541977
2015-07-15,119.29002328205098,177.26470666614682
2015-07-16,119.27781118486955,178.68713166038185
2015-07-17,118.69820593202918,178.83866125902483
2015-07-20,117.0103843764033,178.93111634198254
2015-07-21,116.89918726216018,178.22417846757762
2015-07-22,116.05680390283737,177.90439047654093
2015-07-23,115.33546927523885,176.90278860981704
2015-07-24,115.00538949225323,175.06792028899204
2015-07-27,113.86778579149035,174.04952801233412
2015-07-28,114.70362246945447,176.1873939142618
2015-07-29,115.14102379402169,177.39936883462673
2015-07-30,114.67785333330814,177.44146809182823
2015-07-31,114.33451494478564,177.17205133059358
2015-08-03,113.81244132798219,176.57452839358425
2015-08-04,113.68218937089782,176.22947776741748
2015-08-05,113.41121769968183,176.81019489044695
2015-08-06,113.13036435032026,175.36253806917347
2015-08-07,113.05119273058091,175.02583643583628
2015-08-10,114.21236277831417,177.231110442233
2015-08-11,113.61360690219742,175.63184700208748
2015-08-12,113.65697107571184,175.84228167191173
2015-08-13,113.4817031215795,175.62342098902883
2015-08-14,113.57920310050014,176.26315101156032
2015-08-17,113.96501560944307,177.24783923598372
2015-08-18,113.75975453546971,176.73440698505672
2015-08-19,112.81015623335715,175.337306242135
2015-08-20,111.84861149024672,171.67598020949785
2015-08-21,109.41472854092488,166.5081076884517
2015-08-24,105.26044146703597,159.49700244970518
2015-08-25,104.02812386237528,157.6200502757245
2015-08-26,106.08207193759591,163.67169911708606
2015-08-27,108.91686990948463,167.7201442249999
2015-08-28,109.81442684632572,167.7285394299669
2015-08-31,109.566859888095,166.37344551997182
2015-09-01,108.86748189983912,161.40761246378295
2015-09-02,109.05128584417344,164.4712769229985
2015-09-03,108.99356006637288,164.58911787345275
2015-09-04,108.65744984897864,162.0977753322997
2015-09-08,109.04339812098347,166.17143686320614
2015-09-09,108.26188487976746,163.94941865901288
2015-09-10,108.29960434173624,164.8415901842953
2015-09-11,108.6164530809599,165.59070433613084
2015-09-14,108.55925506830113,164.97626775682104
2015-09-15,108.20904709826753,167.03839196549598
2015-09-16,108.86579007251468,168.48606419081526
2015-09-17,109.59912520157167,168.1073557245514
2015-09-18,109.8337441510593,165.360182790569
2015-09-21,109.19828071958997,166.2146914238435
2015-09-22,108.98375433197933,164.05729319182745
2015-09-23,109.06758877152316,163.79499309975748
2015-09-24,109.94654049419452,163.20275375046134
2015-09-25,109.3946269251697,163.1604696447101
2015-09-28,108.64191176931828,159.06553512653863
2015-09-29,108.6186858465536,159.1586525834662
2015-09-30,108.79309112422987,162.1282753430055
2015-10-01,108.99832242053718,162.55131665311342
2015-10-02,110.53051233413436,164.9794872023955
2015-10-05,110.61187718529541,167.9152980813796
2015-10-06,111.01405763203944,167.33991075820072
2015-10-07,111.14032023944836,168.71054735041912
2015-10-08,110.97535006655548,170.23337591525038
2015-10-09,111.68082820868396,170.3349347892824
2015-10-12,112.14684099105546,170.495706815412
2015-10-13,112.15966646248938,169.4212130039104
2015-10-14,112.9593457445212,168.60900388043294
2015-10-15,113.18096251027745,171.19797726393622
2015-10-16,113.09825749062068,171.976251274492
2015-10-19,112.8558649754821,172.0608656981319
2015-10-20,112.8148669246978,171.84091132799637
2015-10-21,112.62150895849021,170.77488974169083
2015-10-22,113.30581558305728,173.6598826735444
2015-10-23,113.33339506111315,175.56349925082395
2015-10-26,113.46826508033271,175.13204733170323
2015-10-27,113.57459179489516,174.79360504118938
2015-10-28,113.54785841963523,176.78180523401724
2015-10-29,112.56184035696089,176.68035418830587
2015-10-30,112.53976699579083,175.91883977959247
2015-11-02,112.56751925057966,178.00015742934795
2015-11-03,111.81227603113244,178.51619296401697
2015-11-04,111.39052597264406,177.974802369943
2015-11-05,111.13969479112296,177.7970550853297
2015-11-06,110.03726628036378,177.70399924458536
2015-11-09,109.59421483546478,176.0457691170753
2015-11-10,109.70954833132515,176.45185057274531
2015-11-11,109.36586929454492,175.75816017773784
2015-11-12,109.0394231027571,173.30454214477598
2015-11-13,108.73753275634346,171.358656865791
2015-11-16,109.30792359924072,173.96449767945734
2015-11-17,108.86093591987354,173.83758374602039
2015-11-18,109.54435798379552,176.59567814848282
2015-11-19,110.15906181547221,176.4433937515951
2015-11-20,110.01378708197936,177.08637402779271
2015-11-23,109.78912363512504,176.8833178959119
2015-11-24,110.07848022572122,177.12024752453112
2015-11-25,109.98719184152704,177.09495408130945
2015-11-27,109.55990259446757,177.29790238486956
2015-11-30,109.79486353053794,176.56182005579015
2015-12-01,111.14529452505046,178.2454668588884
2015-12-02,110.02440189070015,176.42648010929457
2015-12-03,107.93716572196918,173.95602545426124
2015-12-04,109.6410381892114,177.34864331177104
2015-12-07,109.67254843895084,176.27416490431526
2015-12-08,109.41250492012149,175.08976322595203
2015-12-09,108.88618968947101,173.72758345488387
2015-12-10,108.76823269062328,174.17601063248836
2015-12-11,108.57163219479658,170.80030641727905
2015-12-14,108.45434973841326,171.66319485147477
2015-12-15,109.01464851484666,173.46536038304293
2015-12-16,110.17809389261402,176.00348501132407
2015-12-17,109.85094848367554,173.32145578707645
2015-12-18,108.97619044718358,170.2337610163957
2015-12-21,109.4093981928877,171.63802464061956
2015-12-22,109.62385949214864,173.19548150043397
2015-12-23,110.17709755362479,175.34024841488497
2015-12-24,110.32689822957882,175.05091422241668
2015-12-28,110.55527946231622,174.65087115270458
2015-12-29,110.72856891686529,176.51476069583757
2015-12-30,110.30203733130328,175.263628691021
2015-12-31,109.77966129627721,173.51046342917766
2016-01-04,109.09150562422647,171.08484995150022
2016-01-05,109.70801429301001,171.37426116419755
2016-01-06,109.63929680825481,169.21245737507954
2016-01-07,108.11604700275994,165.1527673137237
2016-01-08,107.39988106846734,163.3399729905459
2016-01-11,107.24691284917023,163.50168466346997
2016-01-12,107.81238182928409,164.82085633863377
2016-01-13,106.75481209626005,160.7101172694602
2016-01-14,106.92190161224137,163.34852223597105
2016-01-15,106.46880618801451,159.8420068637346
2016-01-19,106.59383344178212,160.05479835256799
2016-01-20,105.55850532821871,158.00370344069376
2016-01-21,105.71188863007266,158.88881991299476
2016-01-22,107.28155159196464,162.14848545110968
2016-01-25,106.71034444940382,159.69734746952335
2016-01-26,107.95741122157203,161.87608030498765
2016-01-27,106.86090306335778,160.1143657977192
2016-01-28,106.82556914122641,160.9484794743399
2016-01-29,108.72703893841474,164.87192075049734
2016-02-01,108.66419577499929,164.81236870939193
2016-02-02,108.35460457847405,161.84208357588275
2016-02-03,108.5126417510477,162.81229199724376
2016-02-04,108.76343168959137,163.06761405656133
2016-02-05,107.42739915188298,159.9612033702202
2016-02-08,106.6916163011157,157.80793342248154
2016-02-09,106.07686983830772,157.8164364557692
2016-02-10,106.60352219074294,157.68028009484564
2016-02-11,105.88530463967084,155.62915437487982
2016-02-12,106.43195377672185,158.83772469303958
2016-02-16,107.3084576833961,161.51864482598882
2016-02-17,107.97890638148652,164.15700358036221
2016-02-18,108.63761879982248,163.48463238475716
2016-02-19,108.85870234315654,163.4080434689848
2016-02-22,109.7110971971717,165.7740895015111
2016-02-23,109.30117260995571,163.68043321106106
2016-02-24,109.35264978957753,164.42933170625523
2016-02-25,110.66951053453444,166.42087457702405
2016-02-26,110.03818594374111,166.03785297793314
2016-02-29,109.76796085674859,164.73574898552795
2016-03-01,109.88564851934186,168.60820287005086
2016-03-02,110.58455885765082,169.36565061067017
2016-03-03,111.55051845833131,170.0294879648959
2016-03-04,111.25819416240175,170.58277048233597
2016-03-07,111.52876627705277,170.71891143921374
2016-03-08,111.38686961994573,168.855006492035
2016-03-09,111.05940112319628,169.6891201686557
2016-03-10,111.36722849443758,169.8251995093502
2016-03-11,111.18569129813845,172.56570249149647
2016-03-14,110.8286780877851,172.34446958555864
2016-03-15,110.90976548221208,172.06357681019477
2016-03-16,112.28986427474261,173.0593713516479
2016-03-17,112.82980141121186,174.15727931278226
2016-03-18,112.64299645712468,174.84166566411986
2016-03-21,111.75280169304011,175.08971701381466
2016-03-22,111.85365073591397,174.99558288986356
2016-03-23,111.23052373828087,173.84074157541167
2016-03-24,111.16954395251307,173.7637521544482
2016-03-28,111.63836904219085,173.86638931168704
2016-03-29,113.52428346073921,175.47463331054033
2016-03-30,112.52437444095382,176.24458913635817
2016-03-31,113.19309282647116,175.8168958044153
2016-04-01,113.1728637659395,177.01454496217596
2016-04-04,112.74498487789025,176.44139122563968
2016-04-05,112.61086342255588,174.679122172722
2016-04-06,112.88153311930091,176.58679001404985
2016-04-07,112.73351590169011,174.47374002992376
2016-04-08,112.98686781421397,174.9443182254045
2016-04-11,113.33028922511713,174.5336771721744
2016-04-12,113.9615103168906,176.15909668210702
2016-04-13,113.77203544031941,177.9384334177833
2016-04-14,113.03419211857246,177.94699806725424
2016-04-15,113.53538042263027,177.7502113820185
2016-04-18,113.92510332789571,178.99921762851315
2016-04-19,114.65647898612654,179.5638221196243
2016-04-20,113.85046094542173,179.73489945240144
2016-04-21,113.11288034125297,178.76824936562275
2016-04-22,113.03981190827166,178.76824936562275
2016-04-25,113.39675608378175,178.46029168176892
2016-04-26,113.74981260412716,178.72550313849717
2016-04-27,113.9135748645985,179.09335175246426
2016-04-28,114.20864833160952,177.46791683848585
2016-04-29,114.39354125326373,176.50980059308645
2016-05-02,115.16198323945108,177.91278568150796
2016-05-03,114.8007245115576,176.36435559253883
2016-05-04,114.90098296876154,175.38056080277246
2016-05-05,114.95851862110982,175.34634841702618
2016-05-06,115.86812713749815,175.98798854123825
2016-05-09,115.53094979928291,176.13338732964843
2016-05-10,116.11066333061346,178.32342673473804
2016-05-11,115.28573358780856,176.65523018958825
2016-05-12,115.21720618209115,176.70660268236796
2016-05-13,114.71411447218209,175.1666756266865
2016-05-16,115.4820626845964,176.89477850599533
2016-05-17,114.54165941743291,175.24368045169578
2016-05-18,113.29242529687713,175.2950221363839
2016-05-19,112.66716584684721,174.68765601410135
2016-05-20,113.15420671860024,175.79117104791092
2016-05-23,113.00027506265742,175.5516535395954
2016-05-24,113.30361270337679,177.82721620702776
2016-05-25,113.45676876701592,179.033460822351
2016-05-26,113.41111543929097,179.0847254868101
2016-05-27,113.46675040474095,179.85472752476534
2016-05-31,113.53419349543017,179.51248043493618
2016-06-01,113.68024100408182,179.8804060691323
2016-06-02,114.05970279155699,180.42786585725585
2016-06-03,115.80962108839023,179.88897071860328
2016-06-06,115.23884970706217,180.80427912069388
2016-06-07,115.53310594988243,181.0866044723182
2016-06-08,116.55631002476736,181.6768721037505
2016-06-09,117.1098245349834,181.42882075405572
2016-06-10,117.2732864733441,179.709267120172
2016-06-13,117.74555075184423,178.32342673473812
2016-06-14,117.65621041671122,177.97264580352964
2016-06-15,118.46897719838891,177.72459445383487
2016-06-16,118.46803819018675,178.2549249430165
2016-06-17,118.66419938402433,177.59113380092822
2016-06-20,118.0605467784597,178.73482258621294
2016-06-21,117.27172377568785,179.24215483499873
2016-06-22,117.29597006025743,178.94978604550565
2016-06-23,116.79061553183396,181.28020252007104
2016-06-24,119.3992856674733,174.7705605886563
2016-06-27,120.63590269136861,171.6404892879495
2016-06-28,121.13560714490174,174.7361479503145
2016-06-29,121.48230751049414,177.71150101489548
2016-06-30,122.2541340408269,180.13648292669467
2016-07-01,123.94946837818657,180.514821695859
2016-07-05,123.63799411852372,179.2163530582652
2016-07-06,124.11025222860769,180.29126277900372
2016-07-07,122.77827928691538,180.1794756185532
2016-07-08,123.74257032366273,182.86241368150368
2016-07-11,122.82560978035448,183.50731946342768
2016-07-12,122.24840145453366,184.84029316363814
2016-07-13,122.59086337900331,184.81447598285888
2016-07-14,121.84579604308463,185.84639301173885
2016-07-15,121.2318109888306,185.59700151005848
2016-07-18,121.0680810625823,186.09575370532758
2016-07-19,121.10533884900067,185.90654581063086
2016-07-20,120.03383754820538,186.6804450721763
2016-07-21,120.50613260534611,185.97535568326867
2016-07-22,120.19334330890061,186.80950016798099
2016-07-25,119.4451590839646,186.30212170705772
2016-07-26,119.51062000502554,186.388091686729
2016-07-27,120.25959102638252,186.19034995065297
2016-07-28,119.95674856081342,186.4053134099457
2016-07-29,121.04224033837214,186.70627765700132
2016-08-01,119.97354609731505,186.55152861278387
2016-08-02,119.82948184345628,185.35623627403226
2016-08-03,120.31819558454883,185.89793494902244
2016-08-04,120.85661078844252,186.09575370532752
2016-08-05,119.88706687756473,187.6177966638224
2016-08-08,120.15053406188929,187.50600950337187
2016-08-09,120.59695410860097,187.6177966638224
2016-08-10,120.46635530604209,187.15345710689513
2016-08-11,120.45109034905819,188.0219218056744
2016-08-12,121.00998143691173,187.85857730389438
2016-08-15,121.43408202964869,188.40035299911364
2016-08-16,121.85383328520687,187.42866578935474
2016-08-17,122.27026242368437,187.7811565696482
2016-08-18,123.04510015031269,188.202580454946
2016-08-19,122.33304257517663,187.9273717724864
2016-08-22,122.23885610478231,187.91877631492383
2016-08-23,122.43938498198928,188.2971458921798
2016-08-24,121.40113623728077,187.3339617157086
2016-08-25,121.37576949686199,187.2050298522704
2016-08-26,120.94697698839893,186.85246205174784
2016-08-29,121.40335516488776,187.77257651613144
2016-08-30,120.45803089125278,187.46301681151328
2016-08-31,119.66888796681899,186.92985197790236
2016-09-01,119.12856458941398,186.93844743546492
2016-09-02,120.09857115947462,187.78115656964818
2016-09-06,120.8063627001364,188.3487802537383
2016-09-07,121.40498929004447,188.33154312647576
2016-09-08,121.53732082691384,187.9016008038445
2016-09-09,118.33703824089383,183.40420478076862
2016-09-12,119.37033183946382,186.0355238862064
2016-09-13,117.28329718738118,183.36118128081847
2016-09-14,117.09638370456872,183.29240221627228
2016-09-15,117.82445111454858,185.12402028343115
2016-09-16,117.74560278809018,184.4084099312346
2016-09-19,118.08145411679311,184.4429612059887
2016-09-20,118.1599996711221,184.45161827973448
2016-09-21,119.59862164154322,186.52589628055426
2016-09-22,120.78000773990053,187.70125578402642
2016-09-23,120.21825078167521,186.67282006949975
2016-09-26,120.26367973369072,185.16034302345352
2016-09-27,119.70531574445884,186.30980832591734
2016-09-28,121.16428344551223,187.2345594080901
2016-09-29,120.50493179094326,185.54054568216102
2016-09-30,120.66635509485796,186.94072723424497
2016-10-03,120.77954596860052,186.4913296017544
2016-10-04,118.80486678802534,185.54054568216102
2016-10-05,118.79417948783046,186.36162753602562
2016-10-06,118.28450413232568,186.49132960175436
2016-10-07,118.23378106524602,185.85173821563515
2016-10-10,118.58088738705557,186.819682242262
2016-10-11,118.05941061929363,184.46025994943446
2016-10-12,117.87679398703743,184.70228831721712
2016-10-13,118.3790581819161,184.09724820585205
2016-10-14,117.631797853126,184.19232197659764
2016-10-17,118.03858236192815,183.55276139857008
2016-10-18,118.4868907068801,184.70228831721712
2016-10-19,119.0038577025779,185.1948942982076
2016-10-20,118.56405447901652,184.84921210616258
2016-10-21,118.80820397231908,184.935659611254
2016-10-24,118.5732434591678,185.7220977660896
2016-10-25,118.79542529128351,185.0998359315078
2016-10-26,118.04663565477456,184.7281671141796
2016-10-27,117.92306429495582,184.23556113318912
2016-10-28,117.76342942761136,183.6910281137697
2016-10-31,117.60254851306475,183.6997468036987
2016-11-01,117.50492267440309,182.36874482135207
2016-11-02,116.97053017401349,181.27112953708811
2016-11-03,116.3614952318392,180.44145222566098
2016-11-04,116.4042628445215,180.24267841851562
2016-11-07,117.08860462999048,184.21827779378916
2016-11-08,117.05312554455082,185.04795510521626
2016-11-09,115.99648498686155,187.00982978375308
2016-11-10,115.20855675054892,187.47649535159783
2016-11-11,114.17215822245193,187.0444118665988
2016-11-14,113.8951785313294,187.19133565554432
2016-11-15,115.22402454881797,188.65193187529906
2016-11-16,115.0281461574024,188.29760801355405
2016-11-17,114.74029880823183,189.2656136563641
2016-11-18,114.85969313305564,188.8420794167902
2016-11-21,116.31389567557694,190.26810895774503
2016-11-22,116.32541477352127,190.63977777507327
2016-11-23,116.35048209311717,190.74346240742722
2016-11-25,116.27031153625873,191.45217174710046
2016-11-28,116.5029736294515,190.55333026998184
2016-11-29,115.96783543549813,190.924922067081
2016-11-30,116.42739136908686,190.46691357298207
2016-12-01,116.42952074311232,189.766830498963
2016-12-02,117.11165052859269,189.86191967375441
2016-12-05,117.8343188595326,191.00275871056408
2016-12-06,118.03681689380359,191.60781422597498
2016-12-07,119.03484897449597,194.11406788347307
2016-12-08,119.48224741740032,194.58943673720103
2016-12-09,119.88508721662438,195.76485785685642
2016-12-12,120.3594927128235,195.54014363656535
2016-12-13,120.7103188697231,196.84515899362881
2016-12-14,119.11523367094763,195.2204326657577
2016-12-15,118.99504507794083,196.02416956403908
2016-12-16,119.69019108096089,195.6407474597571
2016-12-19,119.97719547248435,196.06671553856913
2016-12-20,120.4024979768012,196.82311580407327
2016-12-21,119.45067217294051,196.27536333907935
2016-12-22,119.26405784078086,195.93636650291631
2016-12-23,119.50272571906484,196.2232822601923
2016-12-27,120.30053860878537,196.71006551186622
2016-12-28,119.7519287356684,195.08438413315483
2016-12-29,120.28945845933362,195.04086770373868
2016-12-30,120.72572294833267,194.32798386765066
2017-01-03,120.68254339442746,195.81462832887183
2017-01-04,121.81816921174295,196.97954388928406
2017-01-05,122.12242868207082,196.8231158040732
2017-01-06,122.22151945354585,197.52726554618638
2017-01-09,121.10203747607726,196.87527390318934
2017-01-10,120.57767047046595,196.87527390318934
2017-01-11,120.8840175372476,197.43168344192904
2017-01-12,121.57916216440105,196.93610448009704
2017-01-13,121.53704076681299,197.38818241655872
2017-01-17,121.68264454735755,196.69265894009973
2017-01-18,121.48291237050846,197.1273457088408
2017-01-19,120.79150597799196,196.39710151312377
2017-01-20,121.69405482736984,197.1187040391408
2017-01-23,121.93003145324867,196.605826333863
2017-01-24,122.30274844727475,197.86637021067008
2017-01-25,122.13198194332729,199.57894581180145
2017-01-26,122.19151277150351,199.37034422342867
2017-01-27,121.39735484749411,199.057318608503
2017-01-30,120.63995269128323,197.8228383772082
2017-01-31,121.15764437093289,197.80544720948757
2017-02-01,121.12414419529532,197.8836997622075
2017-02-02,121.6319919421575,198.01414122213515
2017-02-03,122.10753635847722,199.3789858931286
2017-02-06,121.71011856179696,199.02252086901586
2017-02-07,121.38993526801703,199.03128577108234
2017-02-08,121.91650089300265,199.29206086261703
2017-02-09,122.46127730304728,200.4744292069332
2017-02-10,123.3487505517463,201.2654885755121
2017-02-13,123.12612220716738,202.3609010812251
2017-02-14,123.12644799446275,203.16944404179952
2017-02-15,123.25455158822416,204.22999719184216
2017-02-16,123.20356764683844,204.05613172677323
2017-02-17,123.2689602551057,204.37786062758212
2017-02-21,123.98639927222001,205.59488807497308
2017-02-22,123.60351303377608,205.41233472806675
2017-02-23,123.9771916934205,205.55147947387766
2017-02-24,124.14528753374935,205.81231618159558
2017-02-27,124.32258471016195,206.1339526581296
2017-02-28,124.08469656404885,205.5775585234357
2017-03-01,124.7217204353834,208.4551575133
2017-03-02,123.5766698533445,207.14242472928524
2017-03-03,123.65386178692663,207.27278916898385
2017-03-06,123.29235838308105,206.65553364929062
2017-03-07,122.78909770184809,206.03832434173484
2017-03-08,121.03519227492548,205.65587269233893
2017-03-09,120.13482670585394,205.91658616769038
2017-03-10,119.77853415149626,206.63812707752416
2017-03-13,119.84445060388018,206.7425357000312
2017-03-14,119.5206858576738,205.95138390717742
2017-03-15,121.0204906475015,207.73352417919128
2017-03-16,120.80871136400407,207.3249472680999
2017-03-17,121.05923395631673,206.96084183726492
2017-03-20,120.95377926311119,206.73383241414797
2017-03-21,120.04459959396685,204.07946885617693
2017-03-22,120.08978831865771,204.55973619647284
2017-03-23,120.2616008510544,204.3414608673307
2017-03-24,120.32333574402101,204.19301207784994
2017-03-27,119.86589081216243,203.98344003459107
2017-03-28,120.57048725323156,205.46775848489474
2017-03-29,121.2105332929744,205.65984693615812
2017-03-30,121.57346907438999,206.31473453976764
2017-03-31,121.8011199670625,205.83454421970083
2017-04-03,121.6883041796296,205.4764925788696
2017-04-04,122.11577897377252,205.60748858444646
2017-04-05,122.13357116282346,204.99625604666534
2017-04-06,122.57018555119205,205.5725830166387
2017-04-07,122.69366050982198,205.3630109733798
2017-04-10,123.29116080575142,205.48527288498187
2017-04-11,123.60531377652563,205.240733657732
2017-04-12,123.35172936602923,204.34146086733068
2017-04-13,123.12429341613881,203.01424828025353
2017-04-17,123.74805932347354,204.81294790151426
2017-04-18,123.57671975238407,204.20171536373311
2017-04-19,122.72379759247463,203.82630336327284
2017-04-20,122.89995162398002,205.4852728849818
2017-04-21,122.21455853086182,204.8303852813723
2017-04-24,122.07661690450358,207.08304213268366
2017-04-25,122.67343284543159,208.28806982838782
2017-04-26,122.12477979099543,208.1570430147193
2017-04-27,121.83389143111891,208.3316786820788
2017-04-28,121.21358632855068,207.87764443179907
2017-05-01,121.63644307949988,208.40153602983173
2017-05-02,121.14613489810866,208.4801428756054
2017-05-03,120.39278955066892,208.22685415033484
2017-05-04,119.28283496419905,208.47137797353895
2017-05-05,120.3720990916019,209.29215174648726
2017-05-08,119.91648843332321,209.25723077463368
2017-05-09,119.47053317923262,209.06511151527872
2017-05-10,120.49440129156264,209.44056972787646
2017-05-11,120.3771139646648,209.0127685676129
2017-05-12,120.14778630973619,208.66348182884812
2017-05-15,120.7064101286979,209.81601253642833
2017-05-16,120.45285990174412,209.62395489325658
2017-05-17,120.17682081061942,205.90438616340796
2017-05-18,120.45179621124984,206.73383241414794
2017-05-19,121.7168503091063,208.07846697703732
2017-05-22,122.35004290966505,209.13498426707747
2017-05-23,122.3404559597929,209.59769099514878
2017-05-24,122.68556421156838,210.0867386415569
2017-05-25,121.9915985052109,211.09083596370218
2017-05-26,121.99319366017754,211.04715008978215
2017-05-30,121.37389406413442,210.86382654058525
2017-05-31,120.9496073142167,210.81142197673617
2017-06-01,121.51456335066754,212.48784428234904
2017-06-02,122.36471509872273,213.19509023767026
2017-06-05,122.1989786171995,213.0379227582605
2017-06-06,122.33115233676295,212.35687908486383
2017-06-07,122.4772119208283,212.74982088945706
2017-06-08,122.1325593126293,212.85453759288035
2017-06-09,121.98348158159197,212.53149934817753
2017-06-12,122.27888537806226,212.4878442823491
2017-06-13,122.61060488652065,213.526939596577
2017-06-14,122.39283790880128,213.25618268335677
2017-06-15,122.35113673245503,212.84586511508877
2017-06-16,122.26153076767648,212.892385333438
2017-06-19,122.29484883437098,214.66471322827027
2017-06-20,121.83790070202416,213.21696398272195
2017-06-21,121.86324297909943,213.1643129541399
2017-06-22,122.02036946088086,213.06779120308806
2017-06-23,122.38451515244357,213.32229684797764
2017-06-26,122.33674236583323,213.46261230127018
2017-06-27,121.7975565501033,211.74292003097418
2017-06-28,122.2883837536652,213.6381414032867
2017-06-29,121.26646998512429,211.76051145129037
2017-06-30,121.23934752158365,212.15534795351834
2017-07-03,120.5168931774716,212.515078635343
2017-07-05,120.76823779983307,213.00634446434796
2017-07-06,120.04979134968971,211.05857989177403
2017-07-07,119.66058084724212,212.42733719040348
2017-07-10,119.82764783320987,212.6554094926814
2017-07-11,119.91812919416557,212.4975488312101
2017-07-12,120.63626214119884,214.09437843211748
2017-07-13,120.3780240627191,214.45412451798794
2017-07-14,120.9431566586343,215.45434002058883
2017-07-17,121.22889583643553,215.42807612248106
2017-07-18,121.88571142323823,215.5420660614826
2017-07-19,122.11161840851541,216.7090303599877
2017-07-20,122.30231402030259,216.80555211103956
2017-07-21,122.79035297350276,216.61250860893588
2017-07-24,122.63798987464405,216.55987298439965
2017-07-25,122.07151927597768,217.08633705808276
2017-07-26,122.4674998518625,217.0950711520576
2017-07-27,122.19771968977398,216.89329355597914
2017-07-28,122.69740348124478,216.63881871918113
2017-07-31,122.74408048497772,216.51603307002154
2017-08-01,123.08862142197086,216.99858020909747
2017-08-02,123.0465526409534,217.10383605412412
2017-08-03,123.45599980173235,216.6827510578342
2017-08-04,122.86071933530533,217.0775105398331
2017-08-07,122.93483649742194,217.48111194412752
2017-08-08,122.80656789506712,216.94589837242378
2017-08-09,123.52349646425489,216.9371180663115
2017-08-10,123.59938712200294,213.87502481976867
2017-08-11,123.8753261444676,214.1908693750777
2017-08-14,123.7798008560582,216.31417845371396
2017-08-15,123.28282135287463,216.28788374751457
2017-08-16,123.80776433244505,216.66519044560962
2017-08-17,123.68284696377403,213.28714481543702
2017-08-18,123.54469534378558,212.95372424385758
2017-08-21,123.83267507086661,213.120457635716
2017-08-22,123.91999598874615,215.34900715533314
2017-08-23,124.20834614278637,214.57700259142243
2017-08-24,123.83072918443617,214.07684862798453
2017-08-25,124.23853390067259,214.57700259142237
2017-08-28,124.87212305111022,214.58575208944302
2017-08-29,124.96376306273743,214.83135419585383
2017-08-30,125.1279737094304,215.84919192686255
2017-08-31,125.99277230673451,217.1477375846854
2017-09-01,125.81102880785926,217.45484804601963
2017-09-05,126.64062203050715,215.89303184124074
2017-09-06,126.31044142358354,216.63002300902298
2017-09-07,127.17463015680444,216.60374370686938
2017-09-08,126.98006235503303,216.34933048625467
2017-09-11,126.33746497509539,218.65685654874488
2017-09-12,126.38154248906572,219.39387852461874
2017-09-13,125.9194008180635,219.499165177737
2017-09-14,126.2625841588924,219.4289689409762
2017-09-15,126.12564336250935,219.72437232749405
2017-09-18,125.58130007473724,220.19166946121706
2017-09-19,125.60784849844673,220.41214756891017
2017-09-20,125.31690331748618,220.49149380888272
2017-09-21,124.86414128569783,219.90074865203022
2017-09-22,125.18152287617671,219.94481962709554
2017-09-25,125.79418434325238,219.49509850964293
2017-09-26,125.275484204448,219.62738845506794
2017-09-27,124.41552281319662,220.482667290633
2017-09-28,124.42057606433067,220.74721637339135
2017-09-29,124.44585488254556,221.52314896898386
2017-10-02,124.27348751616717,222.48423819522478
2017-10-03,124.42271682027022,222.96039265528913
2017-10-04,124.59196460368742,223.22492633400168
2017-10-05,124.45836369737577,224.54754851542714
2017-10-06,124.49018209924982,224.29181054687265
2017-10-09,124.89185070999733,223.9214664774842
2017-10-10,125.17796600185842,224.51222703838246
2017-10-11,125.45712066507689,224.8649488793631
2017-10-12,125.60700560263562,224.52992628701932
2017-10-13,126.2763989854138,224.80327107993583
2017-10-16,126.01348973568336,225.1030646195098
2017-10-17,125.8096094674724,225.2617725035007
2017-10-18,125.416275261914,225.48217359096472
2017-10-19,125.74864440620837,225.54394381466687
2017-10-20,125.25291065831973,226.70782730400978
2017-10-23,125.22984335538266,225.8260843177414
2017-10-24,124.88332085321136,226.22286172974157
2017-10-25,124.48514509721345,225.10306461950975
2017-10-26,124.05150001636895,225.3940624489257
2017-10-27,124.85904828742326,227.23691006548074
2017-10-30,125.18168849614368,226.3904423441196
2017-10-31,125.10165624554452,226.74311797296284
2017-11-01,125.36849307271119,227.04292691658262
2017-11-02,125.8298266876182,227.13108427075906
2017-11-03,126.34386581240604,227.8894408500812
2017-11-06,127.37151466571245,228.24214728701605
2017-11-07,127.26357081951573,228.08342399897933
2017-11-08,127.16447370891089,228.471359488684
2017-11-09,126.96746076298464,227.64252939977644
2017-11-10,126.23888267281636,227.57193265782453
2017-11-13,126.2378809509767,227.78361505535952
2017-11-14,125.85816329524495,227.25454769793436
2017-11-15,126.05186909680866,226.1170513390657
2017-11-16,125.91346806504804,228.03936842795986
2017-11-17,126.78074163875354,227.36913839472254
2017-11-20,126.49948727847091,227.75710469251877
2017-11-21,127.19537213446029,229.2473074883223
2017-11-22,127.52912537890231,229.04448241712868
2017-11-24,127.63999383491583,229.57358058264546
2017-11-27,127.480714068665,229.45891286562826
2017-11-28,127.78758782643082,231.7867414604974
2017-11-29,127.05496725095983,231.64567120896012
2017-11-30,127.10139337191619,233.67373707234685
2017-12-01,127.48092723202502,233.18875609403284
2017-12-04,126.69710305303002,232.9065231666834
2017-12-05,126.19401312919092,232.0689281757094
2017-12-06,125.45624572947686,232.11302995886632
2017-12-07,125.82548341353525,232.84482996321026
2017-12-08,126.48123065666941,234.11460086345812
2017-12-11,126.70892095464446,234.8200291413736
2017-12-12,126.6199894346075,235.23445958987315
2017-12-13,126.49893980223817,235.20799543916985
2017-12-14,126.45019505977,234.24686000079151
2017-12-15,127.06540765670142,236.1975359380237
2017-12-18,127.79995423889925,237.6953175243662
2017-12-19,127.05233753130727,236.78247376960542
2017-12-20,126.77781816392067,236.65836337250607
2017-12-21,126.72740412086745,237.1458398062415
2017-12-22,127.19074937281036,237.0838077137605
2017-12-26,127.98054706231868,236.8001730182423
2017-12-27,128.24515654244257,236.9154414930461
2017-12-28,128.768592763299,237.40282550250663
2017-12-29,128.75186994076452,236.50765018829105
2018-01-02,129.10542262002483,238.20047780269266
2018-01-03,129.510550635948,239.70714752346814
2018-01-04,128.8973922947822,240.71749888821267
2018-01-05,129.05119716048281,242.32161460278863
2018-01-08,129.32706338980063,242.76477359672577
2018-01-09,129.1529732697051,243.31420510271312
2018-01-10,128.75897477691356,242.94201254782735
2018-01-11,128.900962734719,244.71452529120933
2018-01-12,129.1143876564664,246.30975287135234
2018-01-16,128.84649948716404,245.46784474755125
2018-01-17,129.6066799442645,247.80762688196972
2018-01-18,128.97841038695864,247.39096284682756
2018-01-19,129.32838796113055,248.51649026210106
2018-01-22,130.17543705398606,250.53727001181917
2018-01-23,131.17619925279195,251.06907928939873
2018-01-24,131.39302544252885,250.9714176389569
2018-01-25,131.0807212631598,251.07790580764845
2018-01-26,131.76540192142124,253.98480329264524
2018-01-29,130.75715338347248,252.30087921672242
2018-01-30,129.68999429941942,249.7129995204717
2018-01-31,130.53751386638353,249.83704830138782
2018-02-01,131.06388578622776,249.5535522422819
2018-02-02,128.83138255267065,244.1207455373321
2018-02-05,126.7396751150645,233.9109593778365
2018-02-06,126.87755965383265,238.51949559143884
2018-02-07,125.96881505990727,237.22558655140512
2018-02-08,124.02618952799389,228.32753191294657
2018-02-09,123.97162427048032,231.75735054109
2018-02-12,125.03335936461713,235.16056638211782
2018-02-13,125.4501054150732,235.74556582988276
2018-02-14,127.3704862195369,238.92717906787325
2018-02-15,128.03906890645519,241.97597862288117
2018-02-16,127.98935080248526,242.04685263765765
2018-02-20,127.27751082097856,240.53140261076993
2018-02-21,126.82048934448133,239.33487794835347
2018-02-22,127.47256297137919,239.64503841075827
2018-02-23,128.3750665307534,243.4648874788366
2018-02-26,129.20555742669603,246.29203821866977
2018-02-27,127.78623298356122,243.21668208868368
2018-02-28,126.85355798660878,240.75283576930326
2018-03-01,126.22042338107352,237.25223555065824
2018-03-02,126.66331792750634,238.47519355568642
2018-03-05,127.33448468194285,241.23148568478894
2018-03-06,128.05206911320704,241.84304170753208
2018-03-07,127.30556058517983,241.75436061579805
2018-03-08,127.15416043145184,242.92420547086982
2018-03-09,128.3430632850578,247.15167639919926
2018-03-12,128.2123939483267,246.84154674488607
2018-03-13,127.88947783799043,245.24627295260566
2018-03-14,127.64360863075699,243.98779321793728
2018-03-15,127.30079558851877,243.7218577710559
2018-03-16,127.39845329637754,243.98617579312716
2018-03-19,126.6351798836723,240.68499635155155
2018-03-20,126.79854997788273,241.09428184875026
2018-03-21,128.2172602351655,240.63155971663318
2018-03-22,126.65195533145051,234.61644927193532
2018-03-23,126.6750574832668,229.61567983984708
2018-03-26,128.0768918981701,235.89777320654144
2018-03-27,126.91160632307512,231.88475740399298
2018-03-28,126.0273789409435,231.199585446319
2018-03-29,126.95860277273663,234.15371173577236
2018-04-02,125.96648156733067,229.09962890113218
2018-04-03,126.4135089698615,232.03599432576544
2018-04-04,126.73924130543834,234.51857196485207
2018-04-05,127.05701180239042,236.36933726095407
2018-04-06,126.01018114505638,231.101769755419
2018-04-09,126.88732347807661,232.24063707436486
2018-04-10,128.38396445761472,235.9333719564107
2018-04-11,128.81578470400228,234.69648869396934
2018-04-12,128.49650898749405,236.62741664447182
2018-04-13,128.6764195905328,235.9333719564107
2018-04-16,128.9408876024465,237.8731726373003
2018-04-17,129.46604906305487,240.41802883360086
2018-04-18,130.33232949822292,240.59596096676393
2018-04-19,129.83330137416556,239.26129282151427
2018-04-20,129.06314667878164,237.2325029679744
2018-04-23,128.6889289832201,237.19690421810515
2018-04-24,128.09842784277228,234.00252102613734
2018-04-25,128.0003256830921,234.58088133015775
2018-04-26,128.50506198315136,236.96559706620695
2018-04-27,128.70244292844293,237.18801608367227
2018-04-30,128.2577793385183,235.363930594915
2018-05-01,127.78830907500078,235.78211963059243
2018-05-02,127.4815153060856,234.1982756403038
2018-05-03,127.8720905026236,233.6821630854057
2018-05-04,128.8042109439211,236.7075022786435
2018-05-07,128.93553317908626,237.50832781226657
2018-05-08,129.06397712268117,237.50832781226657
2018-05-09,129.77826639091853,239.80402356757392
2018-05-10,130.69616069131155,242.04642132437516
2018-05-11,130.49991858489503,242.7849528967385
2018-05-14,130.6596068947813,242.9005910686418
2018-05-15,129.70485239970085,241.22777330974867
2018-05-16,130.05952108819085,242.2421451304499
2018-05-17,130.09555539508702,242.03750238185054
2018-05-18,130.02877637913724,241.43244686643962
2018-05-21,130.7137649352893,243.2476288167181
2018-05-22,130.6153698356997,242.57137580156868
2018-05-23,131.0191657773383,243.2387098741935
2018-05-24,131.01925006882846,242.7403889922071
2018-05-25,130.1361975100084,242.1620286881867
2018-05-29,129.22102090155408,239.37691558937172
2018-05-30,130.41379052796046,242.57137580156862
2018-05-31,129.9321261035625,241.08536290622573
2018-06-01,129.85445306800915,243.45222535317998
2018-06-04,129.51017527445242,244.60893055717497
2018-06-05,129.78410299443658,244.78700132675036
2018-06-06,130.31684387001206,246.83356744915613
2018-06-07,130.4618737655624,246.80688764181147
2018-06-08,130.61917119449643,247.53650027165025
2018-06-11,130.7305504135809,247.86565392254002
2018-06-12,130.6174647499664,248.18604267136334
2018-06-13,130.78064285445578,247.3941976964481
2018-06-14,130.47055352705746,248.01702948072491
2018-06-15,128.63943929225238,247.7005841676292
2018-06-18,128.84241089584532,247.19117237265888
2018-06-19,128.12409411607993,246.24368491886906
2018-06-20,127.95649408111791,246.6637532481355
2018-06-21,127.29263337762917,245.11743351344245
2018-06-22,128.31665758160221,245.56445892287812
2018-06-25,127.08365448167942,242.22151911310883
2018-06-26,127.37281357979111,242.75785718015678
2018-06-27,126.99860624880853,240.74679738334538
2018-06-28,127.08792449434283,242.12327210892616
2018-06-29,127.78767985566581,242.47177324135455
2018-07-02,126.56010975848714,242.99021180717014
2018-07-03,126.78979595699099,242.13216024335912
2018-07-05,127.52150903014008,244.10752886602637
2018-07-06,128.00875706620644,246.1722717624892
2018-07-09,128.71688033633163,248.38882153041953
2018-07-10,128.69432691614833,249.28265669264954
2018-07-11,126.42165534929728,247.45935681022863
2018-07-12,127.20349303508527,249.70272502191594
2018-07-13,127.12507558021133,249.89938847478518
2018-07-16,126.16977673043388,249.67587577006736
2018-07-17,125.93599369210928,250.68590364984988
2018-07-18,126.4124070116508,251.21326115819005
2018-07-19,126.02230519252764,250.26585072462933
2018-07-20,126.54602902893177,249.9797205736897
2018-07-23,126.57121382798373,250.44459927222036
2018-07-24,127.02145557325399,251.7049891085693
2018-07-25,128.18564020188325,253.8500949120281
2018-07-26,127.7515717277649,253.25110859066675
2018-07-27,127.31298854005783,251.53508248327375
2018-07-30,127.27138226197295,250.22116358773152
2018-07-31,127.36071175571652,251.45464255604867
2018-08-01,126.97500842707838,251.03451261059902
2018-08-02,127.28529772845296,252.40200677747197
2018-08-03,128.075392749905,253.48350942981762
2018-08-06,128.25008284770996,254.41317440260406
2018-08-07,128.6372519577435,255.25321863686204
2018-08-08,127.85083835005014,255.14600647801737
2018-08-09,127.63893801419898,254.79735130513083
2018-08-10,127.02851666985737,253.09022873621657
2018-08-13,126.56349240095528,252.14284911074748
2018-08-14,127.11416563008045,253.7516322512042
2018-08-15,126.20006566787197,251.85687300026598
2018-08-16,127.21080928421404,253.8946588165595
2018-08-17,127.92940999918383,254.78844776665207
2018-08-20,128.12721673310955,255.3337972004995
2018-08-21,128.04455293944486,255.93258326926534
2018-08-22,128.38648069241125,255.7806685694771
2018-08-23,128.14649976170415,255.4408553188861
2018-08-24,128.98109770936767,256.97828691914617
2018-08-27,129.315830483022,259.0072924293274
2018-08-28,129.7427712327238,259.1324040894044
2018-08-29,130.46348883710627,260.52680912430924
2018-08-30,129.93369995198364,259.4720016833541
2018-08-31,130.15580726507488,259.48105926229096
2018-09-04,129.31524667899552,259.03400304476367
2018-09-05,129.27377225677557,258.33689295158615
2018-09-06,129.01749362235242,257.55931212309184
2018-09-07,128.56728010590658,257.05875765446285
2018-09-10,128.98308665667463,257.5056752355779
2018-09-11,129.54436539789853,258.3547770487727
2018-09-12,129.87374060272646,258.4173020707196
2018-09-13,129.87293533994546,259.9456452839512
2018-09-14,129.3310669548501,259.99044024916964
2018-09-17,129.1927097300517,258.61402713977213
2018-09-18,129.62092883250594,260.0172432888808
2018-09-19,129.43616126128873,260.29430045683773
2018-09-20,130.1907580025371,262.40369968210666
2018-09-21,130.234857773766,262.16398192119567
2018-09-24,129.9564077514783,261.2930371710408
2018-09-25,130.0192507439792,261.0506699142503
2018-09-26,129.17574714296467,260.26946913499046
2018-09-27,129.69709950171355,260.9966941377285
2018-09-28,130.72558978887173,261.02374364217263
2018-10-01,131.29637700934245,261.9306106271588
2018-10-02,131.31570367625494,261.7778949169884
2018-10-03,131.2782666069203,261.9215222401303
2018-10-04,130.09816086398084,259.87447859230434
2018-10-05,129.73868338712282,258.41993616255337
2018-10-08,130.2454423773636,258.41993616255337
2018-10-09,130.55153686196786,258.04279890896225
2018-10-10,127.67488814195889,249.8723081622496
2018-10-11,124.88167785281136,244.3685042101568
2018-10-12,125.67863688519284,247.76244681560632
2018-10-15,125.81878977410616,246.3707528927643
2018-10-16,127.78559203481485,251.75782498570118
2018-10-17,127.25073488196624,251.8027585873319
2018-10-18,126.08095240700533,248.16644872509187
2018-10-19,126.65980878018348,248.03177115256614
2018-10-22,125.92878476294645,246.91841293348332
2018-10-23,124.9791011782919,245.66144279530442
2018-10-24,123.82232080808613,238.21826947560473
2018-10-25,125.25864182648097,242.4919833494588
2018-10-26,123.83462936759146,238.2272346302667
2018-10-29,123.70439348473288,236.9073697730414
2018-10-30,124.66500933711427,240.4179364093262
2018-10-31,124.06521682080913,242.98583705816
2018-11-01,124.73899226089489,245.57168342036366
2018-11-02,123.63231781738911,244.11715639465848
2018-11-05,124.63411223947516,245.46387050373238
2018-11-06,125.08096629889909,247.01721448331523
2018-11-07,126.52684087438514,252.30559285474098
2018-11-08,126.47795114327225,251.8476613808711
2018-11-09,126.37566035650187,249.38746582034793
2018-11-12,125.94717200930907,244.7276957503781
2018-11-13,125.80128580625478,244.2698258926915
2018-11-14,125.43638850674871,242.59978086204435
2018-11-15,125.56870450115558,245.13168225581782
2018-11-16,126.37014244402943,245.76925571193578
2018-11-19,125.83251262038186,241.61210425273362
2018-11-20,124.64056652358289,237.1408951075365
2018-11-21,124.80398939065154,237.9488527143701
2018-11-23,124.48649449687055,236.359663520185
2018-11-26,125.14054925903308,240.1755691525357
2018-11-27,125.50508585649756,240.98357297150676
2018-11-28,126.63895702675883,246.53231052523034
2018-11-29,126.72309611653432,245.99369265940237
2018-11-30,127.53915440513688,247.49309167055503
2018-12-03,128.63212744957136,250.7701791844822
2018-12-04,127.32596929810978,242.6446220394003
2018-12-06,128.44545696557725,242.27654236474606
2018-12-07,126.96944781321574,236.64699518669795
2018-12-10,126.9517145988407,237.09597690995162
2018-12-11,126.97494353069483,237.14979864601528
2018-12-12,126.34607822917656,238.34396648942268
2018-12-13,126.47555164320194,238.2631568650981
2018-12-14,125.72214618257429,233.86371516933448
2018-12-17,123.56559610945175,229.27563552856918
2018-12-18,124.1916052828716,229.02425690497918
2018-12-19,123.66415655275422,225.59442287278998
2018-12-20,122.22454845304318,221.922236987856
2018-12-21,120.81596277874851,217.37514751299378
2018-12-24,118.51741599483432,211.6314409514402
2018-12-26,121.41173299793186,222.32409773497372
2018-12-27,121.72373111474309,224.0310046472466
2018-12-28,122.14415690591652,223.7419939397403
2018-12-31,122.76497261411559,225.70169664781776
2019-01-02,122.11849350878951,225.93645430597763
2019-01-03,123.23535163998439,220.54503827212204
2019-01-04,122.90859583384905,227.93237192575683
2019-01-07,123.33193504910977,229.729484930299
2019-01-08,123.96161665073507,231.88788442529278
2019-01-09,124.10280351349432,232.97158985618935
2019-01-10,124.15560642783615,233.7934419123445
2019-01-11,124.50598845166006,233.88378664102612
2019-01-14,124.31157750356785,232.45678664518522
2019-01-15,124.48468612365666,235.12100879247532
2019-01-16,124.95068292483784,235.6899264164136
2019-01-17,125.10748977791557,237.478058862248
2019-01-18,124.65884848360544,240.63887663839364
2019-01-22,124.96249832022099,237.387744941658
2019-01-23,124.89212886529384,237.88447920692582
2019-01-24,125.2421947482204,238.010884806851
2019-01-25,126.17254423373952,240.02474814
2019-01-28,126.69080405022764,238.20055482292207
2019-01-29,127.47374453564507,237.88447920692582
2019-01-30,128.0279418753243,241.65033709443657
2019-01-31,128.86008761997505,243.77261410200347
2019-02-01,128.24166373189098,243.89002373917506
2019-02-04,128.18521210879862,245.60591121015577
2019-02-05,128.73626947956996,246.63544061193505
2019-02-06,128.1864450062421,246.31030741700192
2019-02-07,128.92613209688102,243.96229952212036
2019-02-08,129.2728081029729,244.26027538428866
2019-02-11,129.00994180416586,244.3957693712424
2019-02-12,128.72080159639893,247.53861062592662
2019-02-13,128.60884324643106,248.34228590802473
2019-02-14,129.23025379792026,247.7914526338686
2019-02-15,129.84487165257858,250.4916894402649
2019-02-19,130.60363576607924,250.92514388534104
2019-02-20,130.13224090018656,251.43087411336248
2019-02-21,129.29508430434603,250.53685410258277
2019-02-22,129.9616274110618,252.09013646598234
2019-02-25,129.44749945967862,252.43329239451438
2019-02-26,129.60048596788877,252.25271076547182
2019-02-27,128.5894109625014,252.14429709105391
2019-02-28,128.31540696571432,251.67472015855088
2019-03-01,127.05981422808006,253.24614848791586
2019-03-04,127.47276468885218,252.32492493223387
2019-03-05,127.73370823335026,251.9817073875186
2019-03-06,127.654660093898,250.45544372047152
2019-03-07,127.80439040965328,248.36033944971524
2019-03-08,128.4959298884531,247.86369760872225
2019-03-11,128.78810293369958,251.45793902185244
2019-03-12,129.54578972163714,252.40624289007025
2019-03-13,129.97858688038764,254.07699650682468
2019-03-14,129.2309041288777,253.914437611381
2019-03-15,129.57771209226655,255.16891229413855
2019-03-18,129.3608684476223,256.0940638815024
2019-03-19,129.25299567812755,256.15762097451864
2019-03-20,130.11466953355878,255.3865560574024
2019-03-21,130.80810121394217,258.2711176759733
2019-03-22,131.27138968435122,253.30035532512488
2019-03-25,131.73263037725363,253.1097918743968
2019-03-26,131.83404582231734,254.99651021342166
2019-03-27,131.88240881614618,253.66308979588266
2019-03-28,131.84017515415783,254.62462573945209
2019-03-29,131.7977570360564,256.2300816060136
2019-04-01,130.97561619516634,259.26885312719855
2019-04-02,131.52461020774183,259.39581327277295
2019-04-03,131.0297896317013,259.8040512948565
2019-04-04,131.19472833110515,260.49332072871624
2019-04-05,131.51046839698145,261.7542034945311
2019-04-08,131.30088532244127,261.95374750396707
2019-04-09,131.43717637757635,260.6113157196286
2019-04-10,132.08174958018904,261.5002523952907
2019-04-11,131.22990429247156,261.42766853142916
2019-04-12,131.0849417874633,263.1964534957249
2019-04-15,130.88956000651157,263.0241746473745
2019-04-16,129.23913861394533,263.19645349572494
2019-04-17,128.78211433744426,262.5525027646412
2019-04-18,129.3677987932164,263.06946254205894
2019-04-22,128.68665068847767,263.29627171258034
2019-04-23,129.2569705720416,265.66381193755024
2019-04-24,130.05086971492779,265.0742066800878
2019-04-25,129.93326246012285,264.91086217830775
2019-04-26,130.71005657115415,266.1444797830372
2019-04-29,129.81151849660552,266.5617753840576
2019-04-30,130.5784426202386,266.69779310856893
2019-05-01,130.46596161872316,264.6931722029065
2019-05-02,130.21005140949563,264.1216821033178
2019-05-03,131.12755622584064,266.7069431117807
2019-05-06,130.92824334399333,265.60928161537925
2019-05-07,129.74470765604954,261.1736250079139
2019-05-08,129.4523996850553,260.81089053715607
2019-05-09,129.609441693148,260.02174127025773
2019-05-10,130.23017269521208,261.32791193075707
2019-05-13,129.43530501159862,254.76068967610078
2019-05-14,129.85764610578096,257.06462659591705
2019-05-15,130.67031398656087,258.5703720739439
2019-05-16,131.10254236908958,260.96508503572437
2019-05-17,130.83296306907823,259.2779723223187
2019-05-20,129.82419441852164,257.56348661950676
2019-05-21,130.51535326181488,259.88572354574654
2019-05-22,130.76077349615608,259.08745508372806
2019-05-23,130.8179893558777,255.92183124528938
2019-05-24,131.08857259001584,256.5022864995401
2019-05-28,130.56509432441266,254.11669273287964
2019-05-29,129.82588781833283,252.41143405350854
2019-05-30,130.49727302543113,253.1008113156889
2019-05-31,130.70745073299983,249.69015532053442
2019-06-03,131.73299479698937,249.0551697441127
2019-06-04,131.04977096899066,254.46135825790108
2019-06-05,131.82642740683357,256.6656155972742
2019-06-06,132.19617218376038,258.3345053244855
2019-06-07,132.9898939799167,260.9197355248567
2019-06-10,131.9870045189804,262.1169687733805
2019-06-11,132.08032597723073,262.05362733700565
2019-06-12,132.49109337225883,261.5908898008427
2019-06-13,133.10144498554988,262.67043613937034
2019-06-14,133.22379343280127,262.38013149201595
2019-06-17,133.74872536507775,262.4798880926881
2019-06-18,134.153456349033,265.2282779462896
2019-06-19,134.73045758817145,265.82703320696385
2019-06-20,136.20666738481196,268.3667906641009
2019-06-21,135.36917356888264,267.97672941607436
2019-06-24,136.22070999038428,267.6485924322081
2019-06-25,135.7778592147836,265.0234041370031
2019-06-26,134.169109436314,264.759163135161
2019-06-27,135.0162881972377,265.6979164949759
2019-06-28,135.26279661352288,267.0651796011617
2019-07-01,134.26338086274114,269.48977641181557
2019-07-02,136.34321482977762,270.19155393087385
2019-07-03,137.28420274784844,272.35190973968565
2019-07-05,136.00420495279778,272.04188791369313
2019-07-08,135.93608419943672,270.54711011628376
2019-07-09,136.22887060160713,270.8843971033617
2019-07-10,136.9573948785462,272.1786450324033
2019-07-11,135.36887238792937,272.8166189937123
2019-07-12,135.64272179465075,274.0380365941594
2019-07-15,135.86774913774983,274.12916692917736
2019-07-16,135.24323737831497,273.2450979319915
2019-07-17,136.32062302479082,271.38561394596053
2019-07-18,136.96560686272755,272.3791132845878
2019-07-19,135.44116675807092,270.8661279050298
2019-07-22,135.4788503629196,271.5315210678825
2019-07-23,135.48898434893374,273.4729853857197
2019-07-24,135.95063638153965,274.7581449277328
2019-07-25,135.14709561251766,273.44556618417613
2019-07-26,135.53286693376495,275.2776925848468
2019-07-29,135.97030868301601,274.7764141260647
2019-07-30,136.59568302421775,274.1018709600003
2019-07-31,136.18613451369316,271.10298051342005
2019-08-01,136.69243923343984,268.74234130097346
2019-08-02,136.99082614984943,266.71880422705516
2019-08-05,135.50726009711985,258.697763532801
2019-08-06,137.0020968457317,262.3255395536617
2019-08-07,137.48901837524474,262.48044263833725
2019-08-08,139.29127822769414,267.63026161769295
2019-08-09,138.82627251082812,265.8073468364173
2019-08-12,139.10551940918353,262.5716653976301
2019-08-13,139.73421218185854,266.6550006693059
2019-08-14,138.69803035363736,258.7706554775786
2019-08-15,139.79472033778043,259.4543486468547
2019-08-16,140.58914914346605,263.28253130371684
2019-08-19,140.82275313089454,266.45459403330455
2019-08-20,140.61640435482687,264.41275695296275
2019-08-21,140.88062575352674,266.5639011423795
2019-08-22,140.76973166850425,266.48179757820685
2019-08-23,139.67754558361992,259.636670933074
2019-08-26,140.36349135316425,262.50767699133115
2019-08-27,140.76783334853295,261.47791652886474
2019-08-28,141.3130660515342,263.3189772761058
2019-08-29,142.10199185911557,266.6824198708495
2019-08-30,142.12979862706868,266.5639011423795
2019-09-03,142.38663835033162,265.0052273629461
2019-09-04,143.3937393180086,268.0131137722799
2019-09-05,142.79650307487702,271.45853669882985
2019-09-06,143.27915704588267,271.66818576231776
2019-09-09,142.22474870914405,271.8049736891196
2019-09-10,140.89327616060962,271.74110851518714
2019-09-11,141.1948291076462,273.67345363790423
2019-09-12,141.29981597770112,274.62138780902256
2019-09-13,139.75913654238573,274.4391271389866
2019-09-16,140.61564336106684,273.59144249800636
2019-09-17,141.49559170881204,274.2841932462194
2019-09-18,141.56240508373992,274.44821552601513
2019-09-19,141.86845510635743,274.4299463276833
2019-09-20,142.26974757044863,273.1333569836784
2019-09-23,142.32472135816718,273.0693069611962
2019-09-24,142.4190479321617,270.92648095651737
2019-09-25,142.09769838940258,272.528994650329
2019-09-26,142.7016871330825,271.9612939460098
2019-09-27,142.29813464901704,270.4962459570157
2019-09-30,142.71594258207307,271.7506282154983
2019-10-01,142.67055590939032,268.51830485869795
2019-10-02,143.14112749914491,263.77499864829497
2019-10-03,144.25420925706146,265.93609385130566
2019-10-04,144.8991913542185,269.53466380130874
2019-10-07,143.98363028562284,268.37171995876025
2019-10-08,144.28027631390555,264.20538768825475
2019-10-09,144.1459909442088,266.7144294780447
2019-10-10,143.0884750618544,268.51830485869795
2019-10-11,142.2134482360402,271.3019083610234
2019-10-14,142.76770938441513,270.99971179030285
2019-10-15,141.92207435642536,273.68278848966565
2019-10-16,142.25579034377313,273.24321863840254
2019-10-17,142.51845699078555,274.0490042747768
2019-10-18,142.83238265656252,272.8494604193814
2019-10-21,142.6097378271405,274.69920904845975
2019-10-22,142.8873975546704,273.80186176378487
2019-10-23,143.15267469018303,274.5984665888558
2019-10-24,143.2761135286428,275.047155635239
2019-10-25,142.7466864043173,276.17349946494045
2019-10-28,141.61653095217238,277.73010910223525
2019-10-29,141.80419458858267,277.6478206895128
2019-10-30,142.9261869828612,278.4993563419458
2019-10-31,143.959502740263,277.75765153614543
2019-11-01,143.8454254486367,280.3308049646008
2019-11-04,142.74075303013635,281.4570871781191
2019-11-05,140.62769922188622,281.1457097960952
2019-11-06,141.21437831487518,281.209790626669
2019-11-07,139.16134414066474,282.1986995596446
2019-11-08,138.55919479306385,282.89468515747797
2019-11-11,138.58047521688326,282.3543728466108
2019-11-12,138.56817417247854,282.9496159848401
2019-11-13,139.47588980838998,283.04120844123236
2019-11-14,140.51262072083063,283.4532358585854
2019-11-15,140.59752559195138,285.5043461745055
2019-11-18,141.0492242383938,285.7149810969253
2019-11-19,141.5455945971426,285.6327234922945
2019-11-20,142.03232748721035,284.5704296850752
2019-11-21,140.81122071092656,284.11255982738857
2019-11-22,140.60959128703897,284.74437217037314
2019-11-25,140.67083712965206,286.95118658135095
2019-11-26,141.79351911159833,287.6013297388507
2019-11-27,141.6292094203287,288.88331604742666
2019-11-29,141.6043239829204,287.8119338531789
2019-12-02,140.23589476322812,285.36697289396284
2019-12-03,141.96473375213608,283.4532358585854
2019-12-04,141.6225532546975,285.2022112199682
2019-12-05,141.44556792837864,285.71498109692527
2019-12-06,140.81318243798242,288.32473453822763
2019-12-09,140.99228386660408,287.41823725034095
2019-12-10,140.85616515486944,287.0977714812886
2019-12-11,141.07148133659376,287.91273792896624
2019-12-12,139.49492519513407,290.3942372848461
2019-12-13,140.2513718071374,290.56821057823566
2019-12-16,140.1640184380401,292.56442087488523
2019-12-17,139.6479820509768,292.6285325135507
2019-12-18,139.83640630027662,292.64683251997417
2019-12-19,140.44479053211603,293.846345567278
2019-12-20,140.8105978971959,295.13477076700303
2019-12-23,140.65078176103134,295.58558557170824
2019-12-24,141.35044901783752,295.59473557492
2019-12-26,142.0406109336899,297.16835127879017
2019-12-27,142.2254074687589,297.09465832363026
2019-12-30,142.19907612862514,295.4566229001784
2019-12-31,142.16415750133328,296.1744822430634
2020-01-02,142.3988462998348,298.9443145284338
2020-01-03,142.96428668723314,296.68065918841336
2020-01-06,143.70276335190542,297.812456050332
2020-01-07,143.22249228981542,296.9750305038619
2020-01-08,143.2651241522751,298.5577345947605
2020-01-09,143.2930101513983,300.58225752761075
2020-01-10,143.80847277105107,299.7171355067725
2020-01-13,144.3590769514164,301.77844330101937
2020-01-14,144.06248772134535,301.3183860688275
2020-01-15,144.88472956899753,301.99933731794937
2020-01-16,145.59647695235753,304.51142910880986
2020-01-17,145.8832549238664,305.45924004756165
2020-01-21,146.30316035022898,304.8611009487199
2020-01-22,145.99926546079988,304.8979474262999
2020-01-23,146.5743839728796,305.2475884581183
2020-01-24,146.25716140292505,302.53302588911777
2020-01-27,145.57350113451122,297.6836474192602
2020-01-28,145.84292659536388,300.8030591202658
2020-01-29,145.8877399339536,300.55459186133413
2020-01-30,146.0846620707641,301.53000685017923
2020-01-31,144.88849637361358,296.0547928071117
2020-02-03,144.89446121684898,298.2541824680086
2020-02-04,144.35180736070757,302.7998239625645
2020-02-05,144.4405096853609,306.29672721021495
2020-02-06,145.07891418366702,307.32722706688025
2020-02-07,145.5525899479497,305.68940730006983
2020-02-10,146.17389039604632,307.9713934546054
2020-02-11,145.84505839550752,308.5051436419571
2020-02-12,145.87246287366514,310.49278928913577
2020-02-13,146.28394700097843,310.16147907183245
2020-02-14,146.77927662993815,310.6584443977874
2020-02-18,147.61544792537674,309.85780371271403
2020-02-19,148.1342743613731,311.3393648388176
2020-02-20,148.51989767928916,310.0602128746708
2020-02-21,149.21632805411278,306.8671698346885
2020-02-24,148.75616975860024,296.68980919162505
2020-02-25,146.6313671822688,287.6994843187585
2020-02-26,146.40630683448634,286.6412263715417
2020-02-27,144.75346513447772,273.76769559017606
2020-02-28,143.87956455666327,272.6175371056508
2020-03-02,145.8687003718594,284.423567512313
2020-03-03,146.75984511699966,276.2797873810366
2020-03-04,148.38250089906856,287.89271266941194
2020-03-05,149.03787990889597,278.3227027445852
2020-03-06,150.82106346197074,273.7216683012928
2020-03-09,148.34049001185542,252.34555094957486
2020-03-10,147.3211801173276,265.4031446743363
2020-03-11,142.94537258291754,252.4650401329309
2020-03-12,136.78119425807262,228.3099404926308
2020-03-13,138.25691776846895,247.82737486869996
2020-03-16,135.6713319314393,220.70915297619277
2020-03-17,135.71042466727562,232.6256920075032
2020-03-18,129.96681180459308,220.84720403475112
2020-03-19,130.41934744006568,221.31648829038372
2020-03-20,132.46677243176072,211.77905792244727
2020-03-23,135.1082051884264,206.36418152682148
2020-03-24,140.53593526087002,225.0614890998663
2020-03-25,140.48950166318534,228.43070821178918
2020-03-26,144.05484764779587,241.76873259054014
2020-03-27,143.59610378029913,234.56746440625662
2020-03-30,144.9673166551098,242.18518096904097
2020-03-31,142.31592387041934,238.57536606559583
2020-04-01,141.2941980808026,227.83829941798905
2020-04-02,143.45196993390462,233.09576186947208
2020-04-03,143.110677150254,229.72655816159505
2020-04-06,147.51206696483686,245.15640574934454
2020-04-07,146.78397235519597,245.4063363926283
2020-04-08,147.6345805662137,253.64431226403906
2020-04-09,149.75842326599027,257.50404240672214
2020-04-13,149.70253719970378,255.15298451077
2020-04-14,151.5547110825963,262.6781997784592
2020-04-15,151.56173112107732,257.09680564761635
2020-04-16,152.33551363821513,258.3370778001361
2020-04-17,152.04067147790644,265.31617343168733
2020-04-20,151.91666211242654,260.6419081546094
2020-04-21,150.67107719960788,252.7278793666043
2020-04-22,152.26062518198447,258.33707780013606
2020-04-23,153.03163421511212,258.3185159249338
2020-04-24,153.64377503669286,261.9192116332588
2020-04-27,153.08881811837134,265.6955750800126
2020-04-28,153.2141551984427,264.47388020674094
2020-04-29,154.56875325185007,271.3974442531435
2020-04-30,152.5539661443003,268.8705029621211
2020-05-01,151.9570350076431,261.7526014737668
2020-05-04,152.03602201572372,262.4745582928375
2020-05-05,152.39478002742902,264.8996480329574
2020-05-06,150.57776155603815,263.1040292208588
2020-05-07,152.79243111819903,266.2788338706009
2020-05-08,152.66685054774774,270.68469905346774
2020-05-11,151.96283337839043,270.7401536183874
2020-05-12,151.67016155987554,265.3439623303304
2020-05-13,151.6162582384599,260.65118139018756
2020-05-14,153.16291960562162,263.7703466264602
2020-05-15,153.5544160761106,264.9828914965201
2020-05-18,153.60262448060325,273.05427261248474
2020-05-19,153.7623854473161,270.24962718358137
2020-05-20,154.90822959947053,274.8405565728218
2020-05-21,153.9280212737807,272.9431786340957
2020-05-22,154.63775936463057,273.4615247756364
2020-05-26,153.8488953460078,276.8306668673302
2020-05-27,154.6101466665249,280.94961629292106
2020-05-28,154.49807811615034,280.4313625756552
2020-05-29,155.4742612660655,281.6808771556616
2020-06-01,155.57339510163357,282.81939018155384
2020-06-02,155.47839330920647,285.161236458111
2020-06-03,154.52274998711738,288.9561771841129
2020-06-04,154.1838643021697,288.19715823082095
2020-06-05,154.09292571451064,295.58358304575285
2020-06-08,155.4670888177344,299.1563050068851
2020-06-09,156.168936170236,296.9256451329918
2020-06-10,157.3960391101329,295.26881677365054
2020-06-11,154.98464730814482,278.2469148391951
2020-06-12,155.17838965997765,281.57905641285083
2020-06-15,155.59772521080583,284.207818446684
2020-06-16,155.77520479284283,289.6781648112753
2020-06-17,155.87304975494058,288.47486236870196
2020-06-18,156.34088660601387,288.585956347091
2020-06-19,156.6597736469972,286.93670677828874
2020-06-22,157.33867747715175,288.7775210607968
2020-06-23,157.66324193349953,290.1068285981043
2020-06-24,156.70324679811162,282.70669418240055
2020-06-25,157.38232292421296,285.7374710038096
2020-06-26,156.93192249977506,278.9506640761173
2020-06-29,157.5644409147255,283.05063571726896
2020-06-30,158.21540680233792,286.6764092121743
2020-07-01,158.24605265395735,288.68448062409834
2020-07-02,158.70539520595204,290.27420895988683
2020-07-06,159.622183567189,294.7552150782198
2020-07-07,160.15705388189366,291.71525744550746
2020-07-08,160.68374786327533,293.9465026731415
2020-07-09,161.0867792118151,292.2730687524159
2020-07-10,161.2259437958515,295.25729454738405
2020-07-13,161.00500001625173,292.7006850641297
2020-07-14,162.0279897174159,296.4938389208175
2020-07-15,162.31969508180094,299.2177671496711
2020-07-16,161.8870973760199,298.2323703391404
2020-07-17,162.37504585034895,299.0969378143295
2020-07-20,163.20638528309362,301.5141714910858
2020-07-21,164.01026936397534,302.1555651505649
2020-07-22,165.3159704343031,303.875488481548
2020-07-23,165.78846398708845,300.24965337045944
2020-07-24,165.90342914703857,298.31595269171095
2020-07-27,167.19383390246526,300.4914352735091
2020-07-28,167.6908226672002,298.58555430149534
2020-07-29,168.70286629432266,302.2577863985667
2020-07-30,168.45661016219816,301.17941076752066
2020-07-31,169.3745478542777,303.5593974615059
2020-08-03,169.54673517252462,305.66981335379836
2020-08-04,171.5062891417083,306.8504718490295
2020-08-05,171.89221480566636,308.75622958867683
2020-08-06,173.35588279469312,310.82012526261997
2020-08-07,172.0942459937932,311.04329907833
2020-08-10,171.8106248162742,311.97296405111643
2020-08-11,167.58214195523,309.39777728861395
2020-08-12,167.5920877767889,313.71155708562253
2020-08-13,168.21335629587162,313.14438011886085
2020-08-14,167.7543717303348,313.15368416253074
2020-08-17,169.28557830279854,314.14841582482296
2020-08-18,170.31935935357956,314.8271180832563
2020-08-19,167.9360093506335,313.5162954009221
2020-08-20,169.00334111392004,314.4923881677829
2020-08-21,169.08946194376944,315.60810320587484
2020-08-24,169.25008954750552,318.8061679647915
2020-08-25,169.08426918981098,319.9216981543337
2020-08-26,170.0992651434777,323.1291593811951
2020-08-27,168.6032890299756,323.83577377063807
2020-08-28,169.90125901296966,325.927396727041
2020-08-31,170.20734073392404,324.74679984799315
2020-09-01,171.45818871647128,327.8054579923201
2020-09-02,172.0784464980278,332.5468232929508
2020-09-03,169.8025977798663,321.10241826574804
2020-09-04,168.42191224120023,318.48074209298795
2020-09-08,167.12477617361597,309.7789658062533
2020-09-09,168.61598334960883,315.89622047872405
2020-09-10,167.74460525846544,310.4112094625207
2020-09-11,167.88920397858055,310.56910093208353
2020-09-14,169.06461685793084,314.6597685295653
2020-09-15,169.07747067418734,316.24955848153706
2020-09-16,168.84524155914278,314.9944676369471
2020-09-17,168.21326970077993,312.2241424221107
2020-09-18,167.46700413518124,308.6294850997436
2020-09-21,166.00765543441662,305.1945985405284
2020-09-22,166.25928678514938,308.3027036719087
2020-09-23,163.8508741129093,301.1530082330005
2020-09-24,164.4086936064175,301.9555590197544
2020-09-25,165.13851271736465,306.8373167939067
2020-09-28,166.44992216814964,311.9336837342982
2020-09-29,166.67962034910258,310.2349255622593
2020-09-30,166.23471413807195,312.5871233576015
2020-10-01,167.02039365123605,314.5939008296774
2020-10-02,166.7621173997063,311.60702553882976
2020-10-05,169.5065744065815,317.1327340440658
2020-10-06,168.54923411144316,312.6243703403725
2020-10-07,169.82366791969113,318.06615760403014
2020-10-08,171.83012291918507,320.88506717935445
2020-10-09,172.28711744700144,323.7506818215778
2020-10-12,172.8780853263528,328.95903617501534
2020-10-13,171.64502681853756,326.81217431033406
2020-10-14,170.97682294078277,324.7586609632675
2020-10-15,171.37314009843197,324.35738556989054
2020-10-16,170.54676565004516,324.1612612586247
2020-10-19,168.83900487780556,319.2329524580315
2020-10-20,170.10334318992517,320.51170391698713
2020-10-21,169.36177616603828,319.9050309767661
2020-10-22,169.83389964554883,321.65973664319057
2020-10-23,169.9425395150146,322.7517910669168
2020-10-26,167.27334312371693,316.78740614507456
2020-10-27,166.5711148008751,315.6953517213484
2020-10-28,161.87160932030702,304.9051565197395
2020-10-29,162.46947756548627,308.0041116479081
2020-10-30,161.54667264467872,304.793199914785
2020-11-02,164.41594044050063,308.2094783866606
2020-11-03,166.77928842075198,313.651204034135
2020-11-04,168.7196588139277,320.6611231613541
2020-11-05,170.3409914926867,326.9148268716188
2020-11-06,169.724104885305,326.8401788656186
2020-11-09,173.12929625450002,330.94711313547685
2020-11-10,175.01940682794324,330.4616392276969
2020-11-11,175.6320824763666,332.9165820085985
2020-11-12,173.82358574804016,329.68709299622736
2020-11-13,175.91324808364286,334.25134257812306
2020-11-16,177.83160590496726,338.42371323458644
2020-11-17,177.7437369315689,336.60347875728195
2020-11-18,175.96663485250167,332.5526152141758
2020-11-19,176.4420018372747,333.95268893793906
2020-11-20,176.02550341953443,331.665773488744
2020-11-23,176.66078203916044,333.6540044896634
2020-11-24,179.17426131246907,339.0303861748075
2020-11-25,179.63171295146108,338.50766528425646
2020-11-27,179.40377429388187,339.45042369598224
2020-11-30,178.17082223187845,337.9475741785679
2020-12-01,179.41356289077285,341.64383658710443
2020-12-02,179.32659068285096,342.3626509808297
2020-12-03,179.89873723968358,342.26936407939814
2020-12-04,181.5887009657165,345.21883834701663
2020-12-07,180.9390064987808,344.50945122932774
2020-12-08,180.99018382009783,345.5175227952922
2020-12-09,180.1174591831578,342.4185984752153
2020-12-10,180.7320921895251,342.3066726783524
2020-12-11,180.43565766396787,341.90527405260895
2020-12-14,180.07161136340423,340.3744507880018
2020-12-15,182.57422660843034,344.97610139312667
2020-12-16,183.0790659480391,345.5175227952922
2020-12-17,184.72734829691046,347.44962145327634
2020-12-18,183.45557565045013,346.062271471353
2020-12-21,182.26691475393864,344.82504931990377
2020-12-22,181.92039299450283,344.2438238633625
2020-12-23,182.34178954891726,344.55322952752255
2020-12-24,183.27733799425604,345.8936587859056
2020-12-28,183.78973408849538,348.8651300309422
2020-12-29,183.3189944809586,348.19955201953985
2020-12-30,184.12015190566066,348.69639411312835
2020-12-31,185.27447322628936,350.4680134218533
2021-01-04,182.09063674681875,345.69679508044084
2021-01-05,184.2994650386987,348.0776444009914
2021-01-06,184.85302413893658,350.15860775769323
2021-01-07,185.93548605336707,355.36113938181416
2021-01-08,187.38322772814067,357.38600120367227
2021-01-11,185.68425102825248,354.97687005501257
2021-01-12,187.0271327882827,355.05185695002064
2021-01-13,187.79209574506896,356.0079552654188
2021-01-14,188.51151752503097,354.7613058379332
2021-01-15,187.8836717821888,352.1741039196982
2021-01-19,188.40247301190266,354.93937660750856
2021-01-20,190.5108691206712,359.85132631145046
2021-01-21,190.2245863416703,360.1793092548586
2021-01-22,189.07434397363346,358.90443961544725
2021-01-25,190.46877786983174,360.31991738502154
2021-01-26,190.9427175888202,359.7574848643697
2021-01-27,188.09426182197703,350.9648247073501
2021-01-28,188.6828731001482,353.9832166759271
2021-01-29,186.78223782472907,346.8965854005691
2021-02-01,190.428926577341,352.67088439710335
2021-02-02,192.19838956358535,357.6577285717785
2021-02-03,192.5392856666312,357.93894483210437
2021-02-04,194.0371740657944,362.0071533307937
2021-02-05,194.84779651364923,363.43199676022107
2021-02-08,196.69383595188958,366.0567229340517
2021-02-09,197.1236466962075,365.81300012122983
2021-02-10,197.32794980027876,365.65362986326903
2021-02-11,197.451834662721,366.24412855538856
2021-02-12,198.6082515447935,368.05333373589235
2021-02-16,198.93348051978134,367.73462402806246
2021-02-17,199.06709139090023,367.81897658292354
2021-02-18,198.2607127005899,366.2535250233332
2021-02-19,198.48526280261564,365.6067091397287
2021-02-22,200.00879592446248,362.79463896074446
2021-02-23,200.82194483439736,363.23522547903116
2021-02-24,203.09716515078554,367.23778193447396
2021-02-25,199.62007615717985,358.38889701024414
2021-02-26,196.9054784709522,356.5422908065111
2021-03-01,198.2385582387526,365.18497717351465
2021-03-02,197.36534912945837,362.33529031465997
2021-03-03,196.51250376958615,357.5359133775049
2021-03-04,195.97189245165058,353.11147091539004
2021-03-05,199.2316612168383,359.6075110743536
2021-03-08,198.55682995072962,357.8170988297392
2021-03-09,199.93998339874886,362.92591223914593
2021-03-10,201.44784265916167,365.1849771735147
2021-03-11,203.9253937919824,368.88752443274217
2021-03-12,204.84527336320718,369.3843357182391
2021-03-15,206.0308519410619,371.58720669348924
2021-03-16,205.3866336816023,371.11852319564326
2021-03-17,205.67922991957732,372.38405798329313
2021-03-18,200.73482759296542,366.96599295018444
2021-03-19,201.16184481423636,366.2869518027432
2021-03-22,202.0519858287612,369.2117179808808
2021-03-23,199.5416090883991,366.30574473863265
2021-03-24,200.58215023211702,364.44370368099703
2021-03-25,200.12309660051116,366.4938589460768
2021-03-26,204.22505683868874,372.39986253429515
2021-03-29,203.87591799496278,372.2117791349426
2021-03-30,202.6911289986053,371.2243489903649
2021-03-31,202.92368016201513,372.7289853770934
2021-04-01,206.02410381436624,376.7541857798784
2021-04-05,206.25762244577888,382.16177606183567
2021-04-06,206.64068704047162,381.93607598261264
2021-04-07,206.97784102980177,382.3780488650223
2021-04-08,207.41968156012462,384.1930767748428
2021-04-09,207.59498182906438,386.9862615936627
2021-04-12,208.06744235439288,387.12733184520005
2021-04-13,209.36222737958258,388.2746251772045
2021-04-14,210.35952352155425,386.94867572188383
2021-04-15,212.78454611725385,391.1054574839866
2021-04-16,213.05508173447478,392.41264481150944
2021-04-19,212.9279922636676,390.4847052458943
2021-04-20,212.8685919533429,387.6258067676446
2021-04-21,213.7226870796189,391.2935100752475
2021-04-22,213.26027822400047,387.71986387136667
2021-04-23,215.01654289905576,391.9236587812846
2021-04-26,215.8662964625056,392.7418600785825
2021-04-27,216.45118460170517,392.6571994428051
2021-04-28,216.3967859446288,392.54441101937687
2021-04-29,217.95819964919892,395.0459664429026
2021-04-30,217.16449750729586,392.45023068328834
2021-05-03,217.99015861395375,393.2967138086953
2021-05-04,218.19508085241225,390.87036093681894
2021-05-05,217.2880197638231,390.9926074443751
2021-05-06,218.62434473926785,394.11491510599325
2021-05-07,220.8219053945045,396.9832408602793
2021-05-10,219.5597136276938,393.0521591773997
2021-05-11,218.77129878132502,389.5442574410402
2021-05-12,215.2982738584484,381.2682797886137
2021-05-13,215.10528707182067,385.8483339215115
2021-05-14,217.64728154320875,391.77313044561936
2021-05-17,218.44375402126826,390.77627302500525
2021-05-18,217.47982471693624,387.4094415401831
2021-05-19,215.57353901798731,386.3937911836796
2021-05-20,216.40358451744373,390.5506037538739
2021-05-21,216.95290686364226,390.2308465709288
2021-05-24,219.5876246485576,394.2089105935321
2021-05-25,219.16438404061518,393.33429968047426
2021-05-26,219.7533556579851,394.1149151059933
2021-05-27,220.7788865357712,394.3218222493269
2021-05-28,221.1186390414616,395.02711189083016
2021-06-01,223.68970024934512,394.67913449595926
2021-06-02,225.0735130731163,395.29991754214325
2021-06-03,223.88712603289807,393.83271298673554
2021-06-04,225.4366232096259,397.43473344300037
2021-06-07,226.3685991736402,397.04913936825903
2021-06-08,227.76035455932296,397.13367677166985
2021-06-09,227.39469110321392,396.54129878596143
2021-06-10,228.56592668637597,398.384516099616
2021-06-11,228.15138973620833,399.0428234013956
2021-06-14,228.1831471079916,399.93625805843453
2021-06-15,226.91049378823703,399.2027790130972
2021-06-16,225.55814400071498,396.9738443923348
2021-06-17,223.49173151515367,396.8422630330171
2021-06-18,221.9885360262761,391.4886485275817
2021-06-21,225.4884589213876,397.0931333230953
2021-06-22,225.6192480632047,399.2161497248611
2021-06-23,225.8756267804507,398.73492733372495
2021-06-24,226.43597760675095,401.09374886876583
2021-06-25,226.89695960363653,402.5184690658267
2021-06-28,226.78912285878985,403.3299233910594
2021-06-29,226.9819719783415,403.5469663965366
2021-06-30,227.36051816709514,403.88647156621147
2021-07-01,228.3833527792292,406.12280012896315
2021-07-02,229.90533620837806,409.22699263270744
2021-07-06,228.2433465604007,408.4815600478207
2021-07-07,227.85496718083036,409.92519641313754
2021-07-08,227.67206204961016,406.5850755437517
2021-07-09,230.61376126238153,410.925288683372
2021-07-12,231.66825894845994,412.39723768488943
2021-07-13,230.9715933780883,410.9912796156264
2021-07-14,230.86688103238885,411.6046379117294
2021-07-15,230.3259070664981,410.19886469101607
2021-07-16,229.6727129460676,406.9813908343775
2021-07-19,224.08723257798027,400.9711018560185
2021-07-20,228.0249389526258,406.71714983253526
2021-07-21,230.15085554740918,410.01004189746453
2021-07-22,230.3113739865847,410.868632602879
2021-07-23,232.14040999884412,415.0956568138799
2021-07-26,232.93263580008121,416.1146960604618
2021-07-27,232.57590804343545,414.21814994020957
2021-07-28,232.6385662635333,414.04833573918893
2021-07-29,234.3430308798263,415.76560957429257
2021-07-30,233.62852668990755,413.7464780574763
2021-08-02,232.45794566403345,412.8783984598423
2021-08-03,232.82178133868925,416.2373122651176
2021-08-04,230.94582894771295,414.18996053637545
2021-08-05,233.4761487762651,416.81289984089193
2021-08-06,232.81714300320985,417.50167634528566
2021-08-09,231.23800707949152,417.162078751336
2021-08-10,232.00026715544317,417.6809794385259
2021-08-11,233.33662104556572,418.7188116209973
2021-08-12,233.45573444076365,419.9736560008543
2021-08-13,233.57614659616766,420.73803556208856
2021-08-16,233.4605405247824,421.72870055628664
2021-08-17,232.01091597143852,418.96416726267523
2021-08-18,229.55568281048917,414.37862928946873
2021-08-19,228.9736889642812,415.02017698940597
2021-08-20,228.17193491358242,418.3226195627381
2021-08-23,231.46013241424038,422.0023996422569
2021-08-24,232.86386288761886,422.6722291703031
2021-08-25,233.67214697120664,423.5591633200098
2021-08-26,232.6303739995027,421.0588094120573
2021-08-27,235.11810248940236,424.8234657839948
2021-08-30,236.53223152903234,426.69169926804653
2021-08-31,236.41923708964896,426.0595172279624
2021-09-01,237.35423711010864,426.28592589329276
2021-09-02,238.92536942995858,427.59745716173427
2021-09-03,239.00289565975675,427.49366470105963
2021-09-07,236.91353904669435,425.96518285141576
2021-09-08,237.7918929650415,425.446189739951
2021-09-09,235.26530920293203,423.62527748463083
2021-09-10,234.5254110683936,420.285156615245
2021-09-13,235.86017635015142,421.36075951804503
2021-09-14,235.25617693380946,419.08693750778934
2021-09-15,237.44737533725626,422.5873836859762
2021-09-16,236.82923974522754,421.91746173365516
2021-09-17,234.71252908128935,417.80747746272635
2021-09-20,232.00818948922358,410.84087451232784
2021-09-21,232.0518362163491,410.4527541740735
2021-09-22,234.44070819064135,414.4567278017309
2021-09-23,236.43699374102937,419.49240280162695
2021-09-24,236.0817833268032,420.1832742562511
2021-09-27,235.8648223703998,418.98123494543427
2021-09-28,233.12525501702828,410.53800016359173
2021-09-29,233.91616309891128,411.2289948505823
2021-09-30,232.18036429919317,406.20283955099745
2021-10-01,235.23058215078424,411.03022104343694
2021-10-04,235.49990028881086,405.72953483940825
2021-10-05,236.7590109658146,409.95110601819215
2021-10-06,236.52851851233075,411.65494752534863
2021-10-07,238.41424213431773,415.21399069380067
2021-10-08,237.7844240668077,414.45672780173106
2021-10-11,237.9389562157936,411.4561737182033
2021-10-12,238.78254340836202,410.44326528185417
2021-10-13,240.0995941729808,411.91989711329813
2021-10-14,243.24719502860654,418.84872934336795
2021-10-15,244.482601748629,422.0385683418215
2021-10-18,244.44202956982508,423.2880521137362
2021-10-19,245.29790465652508,426.55361740139676
2021-10-20,247.81496812881025,428.22899223189444
2021-10-21,246.89661357559015,429.3459704017429
2021-10-22,247.5806869931822,428.9010707506291
2021-10-25,248.70821073057337,431.20117206303837
2021-10-26,249.12468972683257,431.5891999770178
2021-10-27,246.5255411127891,429.67724981095455
2021-10-28,248.89029207670382,433.8231871248063
2021-10-29,247.70053048864563,434.70340511053934
2021-11-01,248.87021838823884,435.4511791103894
2021-11-02,249.83069391017176,437.2117691223137
2021-11-03,248.49555391527738,439.8810437966297
2021-11-04,247.58631909314028,441.9540586656931
2021-11-05,249.44072015590163,443.4874081938132
2021-11-08,249.9540106670049,443.86603963984805
2021-11-09,250.48731780493858,442.39889670062365
2021-11-10,248.37926389881613,438.83997676453805
2021-11-11,249.1275653265405,438.9817864102743
2021-11-12,249.57711676372733,442.2947037347579
2021-11-15,250.22870717279014,442.4462179293551
2021-11-16,249.89024825919861,444.19738066524303
2021-11-17,249.2033800795534,443.1183272561814
2021-11-18,249.7759099395843,444.623271723826
2021-11-19,247.79944191434512,443.8282073033362
2021-11-22,247.7535328168476,442.5787235314215
2021-11-23,250.02486568791576,443.1655868687296
2021-11-24,250.9454468504447,444.34886405174854
2021-11-26,241.76558874098072,434.4383939064067
2021-11-29,243.35110228124788,439.76748517091096
2021-11-30,238.00951051224888,431.21063014716634
2021-12-01,236.3095859592689,426.42111179933033
2021-12-02,239.97785927255268,432.9523039908347
2021-12-03,239.96997463365037,429.1850905472926
2021-12-06,241.22150063636843,434.26811758401175
2021-12-07,243.3934885783159,443.2507404339728
2021-12-08,242.7894967389534,444.4245287247722
2021-12-09,241.52557569615718,441.42394383315275
2021-12-10,242.3371136372093,445.57927761494926
2021-12-13,243.57385531084415,441.63214491633454
2021-12-14,241.78324497193358,438.59366607201997
2021-12-15,243.3989262429181,445.4467103966997
2021-12-16,242.68604192421708,441.5186479067989
2021-12-17,242.64050979451576,436.8195513078736
2021-12-20,240.54485972618917,432.1747385663863
2021-12-21,242.5674936041207,439.8496195431753
2021-12-22,244.57933972518327,444.2475978545869
2021-12-23,244.29284895605142,447.0116998349157
2021-12-27,247.0251067647799,453.33789498476705
2021-12-28,246.9348333841006,452.9674584911038
2021-12-29,246.69482236379753,453.54689707833097
2021-12-30,247.51403466839693,452.29303855740585
2021-12-31,247.69609266831426,451.1531699754823
2022-01-03,247.84435580286151,453.76538806411435
2022-01-04,248.70630725533354,453.6134117481429
2022-01-05,244.38841927937568,444.9030400038457
2022-01-06,245.0824348878864,444.48509743290117
2022-01-07,244.37270805315987,442.7278038867804
2022-01-10,243.4566440034705,442.1768935923953
2022-01-11,245.8939544050698,446.20440460205197
2022-01-12,246.85821493207766,447.41069542951266
2022-01-13,244.68990631924288,441.2459654878524
2022-01-14,245.04719062464275,441.4264700966658
2022-01-18,243.38009241441557,433.6089784637584
2022-01-19,241.88772179559427,429.1065299136565
2022-01-20,239.66935417725955,424.35718531729566
2022-01-21,237.97682411431845,416.0268621912479
2022-01-24,238.28425108334534,417.79352139722175
2022-01-25,237.72149059249097,412.6926872835451
2022-01-26,236.46393888114886,411.6573197484035
2022-01-27,235.16122827701994,409.6246018631818
2022-01-28,239.7150484326193,419.7978034138763
2022-01-31,242.42251059394695,427.3588176840303
2022-02-01,243.0038862638621,430.24646011176344
2022-02-02,245.14758783176052,434.4259166293
2022-02-03,242.53871877245098,424.2146670854523
2022-02-04,242.76105711439402,426.2094294017957
2022-02-07,242.5630206996571,424.8417041742356
2022-02-08,242.14373323909655,428.3372210577631
2022-02-09,245.968508736448,434.60639043002203
2022-02-10,242.13042525221306,426.7984184974258
2022-02-11,241.00731656071045,418.3824796847604
2022-02-14,240.43018400462515,417.01456960865056
2022-02-15,241.1333227799143,423.73979116119045
2022-02-16,241.70250527098585,424.2146670854525
2022-02-17,239.79556173357972,415.15283663193117
2022-02-18,239.10669823392553,412.464738213634
2022-02-22,239.09694655082362,408.0383548417469
2022-02-23,237.1116390258137,400.8002401798835
2022-02-24,239.96251661215658,406.83200239810304
2022-02-25,242.44706540941112,415.80834039737323
2022-02-28,242.4142372081328,414.74456780175603
2022-03-01,245.9010371448322,408.4278615441243
2022-03-02,249.22982512349355,415.9412773127223
2022-03-03,250.21805258522693,413.87048062625576
2022-03-04,254.3764550193605,410.5080546985356
2022-03-07,254.9892663414757,398.40654388512644
2022-03-08,258.11767044291815,395.3859645420443
2022-03-09,251.03280338674887,405.98659755590285
2022-03-10,249.91225411677834,404.1533312558422
2022-03-11,249.70331537644537,399.0145415732872
2022-03-14,245.40453372787806,396.09840166080375
2022-03-15,243.66146935307685,404.8087734051009
2022-03-16,245.277344091897,413.78504978818785
2022-03-17,250.6235556445736,418.96188746389606
2022-03-18,251.19662077347377,423.5506910948145
2022-03-21,254.94332577266468,423.4269349907688
2022-03-22,255.13006757094442,428.38158470969887
2022-03-23,257.3089784360969,422.864656510575
2022-03-24,258.3741597632363,429.2390355157232
2022-03-25,259.08095789823335,431.3353104939611
2022-03-28,254.3711238619112,434.4034267224161
2022-03-29,255.78430473326188,439.77734376023034
2022-03-30,257.47972418744564,437.061795332298
2022-03-31,254.60802979864576,430.3349101428105
2022-04-01,256.2738315194093,431.55438683348535
2022-04-04,257.8987067828955,435.25138863622084
2022-04-05,256.2303562922934,429.7535922619944
2022-04-06,256.768818995003,425.45635641018686
2022-04-07,256.53518105369704,427.6002298899808
2022-04-08,258.28074853520275,426.4567875694291
2022-04-11,257.0734649162299,419.1677163240227
2022-04-12,260.1596047794623,417.61455719298954
2022-04-13,263.09727376061807,422.3977906901347
2022-04-14,263.0904780598597,417.1381716722381
2022-04-18,264.00591231614567,417.309680318298
2022-04-19,262.3331987001885,424.0461468242799
2022-04-20,264.30996252906226,423.7317194411855
2022-04-21,263.2585502147324,417.39548085346536
2022-04-22,259.1856450691514,405.94248036870005
2022-04-25,256.776211696763,408.2959721038904
2022-04-26,256.67457438398407,396.47136441798006
2022-04-27,256.05889409302586,397.58612440523177
2022-04-28,258.8051413538534,407.62894611218184
2022-04-29,254.18288872412606,392.56474435984836
2022-05-02,251.85856718580553,394.92775579534987
2022-05-03,251.9524363578575,396.7381316833353
2022-05-04,256.36311610579196,408.8200177423812
2022-05-05,253.30751983035728,394.28941213694134
2022-05-06,252.53472018273214,391.93592040175105
2022-05-09,243.8009682726165,379.3872301384481
2022-05-10,241.1527532633126,380.26375115318655
2022-05-11,243.6129705409169,374.22283893175523
2022-05-12,243.38498347112022,373.8321923299879
2022-05-13,245.9844727864311,382.7696813257227
2022-05-16,247.5953989842073,381.2165838108728
2022-05-17,247.30334378059206,389.0583522199784
2022-05-18,243.16951979050754,373.3748462098588
2022-05-19,245.03015995791313,371.0880539930302
2022-05-20,245.72424083997709,371.25004293877885
2022-05-23,247.67046535879933,378.1961277001571
2022-05-24,248.9299049583754,375.3090706261648
2022-05-25,249.72242094614668,378.6249147193525
2022-05-26,250.5811131971888,386.19036535470013
2022-05-27,253.85593379648122,395.6709085814565
2022-05-31,251.3975166469344,393.4509083072645
2022-06-01,251.64501468920096,390.26846325080015
2022-06-02,255.7430614856802,397.70045323324115
2022-06-03,254.5456837967722,391.1736049826555
2022-06-06,254.2735311834274,392.36467661285485
2022-06-07,256.558908160347,396.1283163177688
2022-06-08,255.272152531892,391.8215915737417
2022-06-09,253.12365311512372,382.5029140603675
2022-06-10,251.55558573850692,371.41206269261914
2022-06-13,244.20607812380047,357.3101824901915
2022-06-14,242.03603833852992,356.23350130418476
2022-06-15,245.05612823405144,361.31206116761865
2022-06-16,244.18607588592235,349.35408525307656
2022-06-17,241.22992983902932,350.10718905277713
2022-06-21,241.85158511249094,358.92061386355005
2022-06-22,241.75877471487289,358.26991616040107
2022-06-23,240.9872007514935,361.7818845648547
2022-06-24,243.37724384712004,373.2843628447651
2022-06-27,242.98894379200567,371.85847194022256
2022-06-28,242.8381237452489,364.26030311157234
2022-06-29,240.88462047764475,363.96371361352703
2022-06-30,237.76437641938517,361.006783787736
2022-07-01,239.51188277652471,364.82492300672936
2022-07-05,232.22651768116629,365.5139767839477
2022-07-06,229.7109168049165,366.7484570152426
2022-07-07,233.13562215561717,372.2412316705348
2022-07-08,234.12275741827014,371.935060855995
2022-07-11,233.38525833181828,367.68628613230885
2022-07-12,229.26332437112765,364.4325819599228
2022-07-13,229.6924859660664,362.51875250027047
2022-07-14,227.22272978751263,361.638318857896
2022-07-15,229.33375757891343,368.5474955255111
2022-07-18,230.29768892429954,365.50439546745326
2022-07-19,232.76932792881985,375.3801140854454
2022-07-20,231.79675459948982,377.77242401607947
2022-07-21,232.20314364606597,381.61927637646454
2022-07-22,231.87788452296968,378.0785948306192
2022-07-25,233.19448221050806,378.5379742847953
2022-07-26,233.33778782380787,374.0594944299753
2022-07-27,236.37455363120603,383.77239228374503
2022-07-28,239.9490046345409,388.5859409430462
2022-07-29,240.97378543249724,394.2509328305055
2022-08-01,239.14920411652162,393.0835218146718
2022-08-02,237.24742494268955,390.4901582781124
2022-08-03,237.00960893905693,396.60504072752826
2022-08-04,237.34896552811895,396.3371335627831
2022-08-05,236.39404520483959,395.6672732266452
2022-08-08,238.71632283566746,395.20792458056076
2022-08-09,240.0612252986083,393.63849877715114
2022-08-10,242.1793456292537,401.90655875003085
2022-08-11,243.34182560357527,401.90655875003085
2022-08-12,245.0501307404421,408.7104025523901
2022-08-15,243.3264924783463,410.3946193051835
2022-08-16,242.0573577639248,411.1984948398772
2022-08-17,241.36892307588082,408.27979785578907
2022-08-18,241.85267746676544,409.4663406965201
2022-08-19,240.38185351310432,403.96398472473345
2022-08-22,238.8127819632154,395.55245146917
2022-08-23,239.65414214851157,394.5954905272064
2022-08-24,241.18715867603777,395.85862228370974
2022-08-25,241.4955122232595,401.4471792958548
2022-08-26,238.82411477530243,387.8585927079418
2022-08-29,239.32321233769432,385.29397312086576
2022-08-30,235.34072708328105,381.0642686058937
2022-08-31,232.72291139796332,378.16473425479444
2022-09-01,231.44922432157577,379.35130790361706
2022-09-02,230.0804877320743,375.3513393278705
2022-09-06,230.0299185931621,373.9350297398224
2022-09-07,231.07803438794275,380.65282654228145
2022-09-08,232.10664192975804,383.14094963786
2022-09-09,236.34287424316912,389.093042131145
2022-09-12,239.04029387082707,393.2748708717364
2022-09-13,232.1256629145338,376.17431587936983
2022-09-14,231.87174139556708,377.6097572923152
2022-09-15,227.31190809153512,373.32262649455964
2022-09-16,226.46914191493929,370.4745416564692
2022-09-19,227.1886079961984,373.34755024068187
2022-09-20,224.38884999080582,369.0621138879656
2022-09-21,221.45223388640196,362.62427021407603
2022-09-22,220.10284286658774,359.57824338731405
2022-09-23,215.41837314005824,353.55356703016747
2022-09-26,211.01951136317476,350.05601681259304
2022-09-27,210.65313695434762,349.1623664989128
2022-09-28,215.44685676515255,356.0326941629924
2022-09-29,211.394305823709,348.5954976130673
2022-09-30,210.22255221443206,343.2049750138687
2022-10-03,215.35869131451219,352.2659736489162
2022-10-04,220.54945194657805,363.18152697533515
2022-10-05,221.28864103882418,362.33599890076846
2022-10-06,220.9063747115071,358.5982071847254
2022-10-07,218.81814051542327,348.59549761306727
2022-10-10,216.33858321330788,345.9338633454734
2022-10-11,214.69526618091922,343.74306914213906
2022-10-12,214.84203522041696,342.60923894617343
2022-10-13,217.22573325910406,351.65113656441525
2022-10-14,213.23546043450935,343.6373357716922
2022-10-17,215.0969748444141,352.4678282652237
2022-10-18,215.32267787000586,356.60917517342375
2022-10-19,213.82348920895345,354.0820490338517
2022-10-20,213.17047276692514,351.1129808199616
2022-10-21,216.24981341491883,359.64555906750803
2022-10-24,217.10085281640517,364.04631010716565
2022-10-25,218.82737499008377,369.85964295578503
2022-10-26,220.1083869289497,367.0730510685722
2022-10-27,219.7178054362949,365.1128862391204
2022-10-28,219.85411355072068,373.7991968638608
2022-10-31,218.20526913988547,371.09914490601426
2022-11-01,219.72943203297262,369.4752812047086
2022-11-02,218.04122822626707,360.2028466368591
2022-11-03,216.95973642148277,356.4938912945742
2022-11-04,222.66782643408484,361.62491733804046
2022-11-07,222.44145276853854,365.08408067345385
2022-11-08,223.65377181973773,367.0538268194001
2022-11-09,220.02540577335134,359.49182669031416
2022-11-10,226.95201260463062,379.2473614024842
2022-11-11,229.62858766857028,382.91792986260805
2022-11-14,228.0033595946723,379.6605595273189
2022-11-15,229.80395766944292,382.8986748053442
2022-11-16,228.19127380468512,379.9776672143845
2022-11-17,226.13652825230957,378.8149390284774
2022-11-18,225.42371061792338,380.5349547837355
2022-11-21,224.46166300749667,379.15127096471514
2022-11-22,226.33230657872173,384.253553058698
2022-11-23,226.23542655193876,386.67494582782325
2022-11-25,225.6191422178684,386.5884675146402
2022-11-28,223.36904595110926,380.41957848061094
2022-11-29,224.57714452878395,379.7661388573077
2022-11-30,229.5736662019992,391.7291056826925
2022-12-01,230.7591686884114,391.44083436938513
2022-12-02,230.17706734186015,390.9892493623894
2022-12-05,226.07940446428515,383.9556696208046
2022-12-06,224.48985991147433,378.42096515281486
2022-12-07,225.188233500071,377.7772608864641
2022-12-08,226.3668793114392,380.73668616767657
2022-12-09,225.9302214388061,377.8924831491305
2022-12-12,226.97299660776324,383.3406784958455
2022-12-13,230.2376370961582,386.2425234538164
2022-12-14,229.03752030022045,383.77307006176073
2022-12-15,224.90002531592012,374.3853208069699
2022-12-16,222.73110548955347,369.9652530938653
2022-12-19,220.94763962370925,366.8280651239938
2022-12-20,222.0843283666392,367.3301445931581
2022-12-21,223.70335013478058,372.822611167534
2022-12-22,221.4250584042698,367.5038098056315
2022-12-23,222.72794004185369,369.61786105273535
2022-12-27,223.03409974477825,368.16023781382216
2022-12-28,220.50779850252695,363.58477408657603
2022-12-29,223.85162237770157,370.1293986060276
2022-12-30,223.46529249745743,369.15447654664837
2023-01-03,223.84746137748817,367.600362364775
2023-01-04,226.8158782260285,370.4383113407218
2023-01-05,222.97882962401636,366.2103320788805
2023-01-06,228.07300983542933,374.60830977413036
2023-01-09,228.22764138095968,374.39594959857965
2023-01-10,229.2120572176504,377.0215075908841
2023-01-11,232.86273024135627,381.7900764364171
2023-01-12,235.0265860841033,383.18016833849475
2023-01-13,235.78513821663418,384.6666279511662
2023-01-17,235.3495609247446,383.96195447149546
2023-01-18,232.74129880474516,377.8999695153947
2023-01-19,232.98027130537213,375.1488685497304
2023-01-20,235.09098973860506,382.1375300937303
2023-01-23,236.53732774707325,386.7226675617457
2023-01-24,236.93491628378234,386.3075901433221
2023-01-25,237.36391912177285,386.45244979012887
2023-01-26,238.4036037105138,390.69962249305064
2023-01-27,239.36497918468356,391.59730866673345
2023-01-30,237.14342529934888,386.6840650229434
2023-01-31,240.25048311176,392.3696059075146
2023-02-01,240.59694614572763,396.53960434092323
2023-02-02,239.50846707392833,402.3119932357769
2023-02-03,234.6566353781076,398.0358301186388
2023-02-06,234.57284641083777,395.60328482034635
2023-02-07,237.15333675668586,400.7772573435337
2023-02-08,236.64811420436968,396.39483711839125
2023-02-09,234.72029051134942,392.95847177077815
2023-02-10,236.16095650590267,393.8754746179079
2023-02-13,236.52368043480342,398.4991838166342
2023-02-14,236.80659647611964,398.3158140552999
2023-02-15,235.43385869359795,399.60926097395924
2023-02-16,234.0610823134912,394.10712065881404
2023-02-17,233.51477416279192,393.12255566675714
2023-02-21,231.76028898037387,385.2361155247996
2023-02-22,230.2162958615475,384.70526129806035
2023-02-23,231.16982511998657,386.7516271678706
2023-02-24,229.53271900263434,382.6201696570812
2023-02-27,230.15791135419295,383.9234135488764
2023-02-28,230.45057841756375,382.5044236568572
2023-03-01,229.6314958708482,381.03715748526633
2023-03-02,231.07723587818958,384.0004645860231
2023-03-03,234.3079270701432,390.1590637174506
2023-03-06,233.6626204005223,390.42934310525067
2023-03-07,229.2902114629459,384.4445632267547
2023-03-08,230.2553193418734,385.07203162882064
2023-03-09,227.8365762785351,377.9675008522303
2023-03-10,225.86133074255002,372.5136060085651
2023-03-13,228.4693194681884,371.98278258991746
2023-03-14,230.02201543304346,378.1316463643924
2023-03-15,230.0851982263282,375.7666940191187
2023-03-16,231.418608173315,382.3595640100504
2023-03-17,231.0128017287896,377.88878617813594
2023-03-20,232.6620808284404,381.5224465444965
2023-03-21,231.8738237612407,386.5319038584222
2023-03-22,228.98451089121,379.94297730321813
2023-03-23,229.66884951622282,380.97011907789664
2023-03-24,231.2730230921515,383.47007248065813
2023-03-27,230.6154892652946,384.1870383888861
2023-03-28,230.88685703263118,383.32468909629375
2023-03-29,233.32942050465286,388.89627084995504
2023-03-30,235.5055083801628,391.17329690173943
2023-03-31,237.88289678546678,396.68677459460156
2023-04-03,238.12610392851593,398.19840441812823
2023-04-04,239.05935776196083,395.98912535982066
2023-04-05,238.36096249920183,394.95237146055604
2023-04-06,238.64778822371812,396.49296089020737
2023-04-10,238.50768459494978,396.89993578053446
2023-04-11,239.36774007960832,397.0065933937299
2023-04-12,239.04830992016653,395.3883983812827
2023-04-13,240.94285327262077,400.6401921439073
2023-04-14,238.0777365045327,399.6615114973502
2023-04-17,239.66095490955922,401.09562816235587
2023-04-18,239.83994549459152,401.3571580521353
2023-04-19,239.91817123173163,401.28941105865846
2023-04-20,239.00830349652043,399.09947948188955
2023-04-21,238.29212184768846,399.4095937321569
2023-04-24,238.31747266597873,399.8262423632532
2023-04-25,236.67638353029892,393.47946740819833
2023-04-26,235.15589908782704,391.8128420757212
2023-04-27,238.49348263217317,399.6130811773204
2023-04-28,240.16928018485163,403.0238758088872
2023-05-01,239.13301829886188,402.61693172665184
2023-05-02,238.42553377910795,398.0917776130245
2023-05-03,238.24099739398085,395.35925392660835
2023-05-04,238.8942475177875,392.559014054807
2023-05-05,240.44906272331446,399.82624236325324
2023-05-08,240.1051735768973,399.9328691683571
2023-05-09,239.98185240181073,398.17899532040644
2023-05-10,241.01050862453218,400.03943435727774
2023-05-11,239.29956697853805,399.34181593058844
2023-05-12,239.0488997663451,398.8185096862966
2023-05-15,239.35846603422294,400.1944914824114
2023-05-16,235.83063092134222,397.5200410487028
2023-05-17,237.57612912785095,402.34557405564493
2023-05-18,236.92997923112875,406.22150925452115
2023-05-19,237.46934230809518,405.6304252086608
2023-05-22,237.79856268472824,405.7951252664723
2023-05-23,236.25940704329622,401.2409807386286
2023-05-24,233.363016963292,398.3340524455401
2023-05-25,233.27856243261346,401.78357284827587
2023-05-26,235.4889427535555,406.986905482779
2023-05-30,236.3017441734397,407.1419934160043
2023-05-31,236.3819238967829,404.8843456538502
2023-06-01,238.0619964019299,408.73110558996035
2023-06-02,237.1697204401495,414.6418536242886
2023-06-05,237.34689421579827,413.84722051708155
2023-06-06,238.0723469272632,414.748357197026
2023-06-07,235.66681794734322,413.31424053202034
2023-06-08,238.0986958129371,415.8142863590566
2023-06-09,237.91914489378289,416.5603659138673
2023-06-12,238.80236221981167,420.33931724031737
2023-06-13,237.95419394302576,423.1106283140856
2023-06-14,238.72736245665544,423.61443303638066
2023-06-15,241.03780836194537,428.8663192232802
2023-06-16,240.32841841369117,427.40546113474664
2023-06-20,239.63797022992946,425.1880179321593
2023-06-21,239.30646273633002,423.0094853492905
2023-06-22,237.8405149191422,424.536457602445
2023-06-23,238.25013325154626,421.32693223344495
2023-06-26,238.14835852917403,419.6054993059723
2023-06-27,238.44680814315598,424.2057635469741
2023-06-28,238.64246861061184,424.41969493519747
2023-06-29,237.4350334326656,426.0925743102738
2023-06-30,239.8298858846458,431.12070132772243
2023-07-03,240.79604319488337,431.6167116028372
2023-07-05,240.57407801614428,430.97485582198374
2023-07-06,239.09077477438166,427.59995261715665
2023-07-07,239.30694694952314,426.5204370867206
2023-07-10,239.91430955067113,427.59995261715665
2023-07-11,241.86456553240654,430.32320306799454
2023-07-12,244.03979145687495,433.78553963684504
2023-07-13,245.26531424018745,437.2283746836988
2023-07-14,244.7928057391802,436.95609276994327
2023-07-17,244.60410069183993,438.4733604742367
2023-07-18,245.69618426871216,441.73140858754147
2023-07-19,246.81557520507974,442.71372458890994
2023-07-20,245.58550889129265,439.7766351741235
2023-07-21,245.71637464341217,439.7766351741235
2023-07-24,246.40635209518683,441.74114394449407
2023-07-25,246.5018367268682,442.9471574991301
2023-07-26,247.2868295782101,443.0152125735232
2023-07-27,243.65699569921472,440.0780615425535
2023-07-28,245.0333367118729,444.38660396398626
2023-07-31,245.939256634037,445.23271739229375
2023-08-01,244.42314374615867,443.9586795713562
2023-08-02,241.67356216801684,437.78279710052874
2023-08-03,242.1820472655201,436.5281683773131
2023-08-04,242.24149524569012,434.5538626338068
2023-08-07,242.79558570596308,438.34686245003655
2023-08-08,241.83117543298889,436.44061178092335
2023-08-09,241.46966206150537,433.5229314638588
2023-08-10,240.98719202431695,433.6785431346417
2023-08-11,240.80904349523476,433.4257011266997
2023-08-14,240.61377160151648,435.81816509779185
2023-08-15,238.5098177775473,430.74142291176366
2023-08-16,237.13620010497118,427.5805743275264
2023-08-17,236.61060655795146,424.32249540613
2023-08-18,237.22116957770797,424.5266606293092
2023-08-21,237.755684590832,427.28879089177417
2023-08-22,237.70463938045202,426.1313925057177
2023-08-23,239.55691815302566,430.87756386864146
2023-08-24,238.49843470696132,424.9060622776346
2023-08-25,239.74546759233868,427.9015022179531
2023-08-28,240.35075299464265,430.6149556956552
2023-08-29,242.58729333512647,436.83945333506233
2023-08-30,243.22183060578433,438.63867669388065
2023-08-31,243.2993435095185,437.996759296844
2023-09-01,244.44760349353447,438.81372827047704
2023-09-05,243.82340578706314,436.91718215022473
2023-09-06,243.1035857132953,433.98006192734664
2023-09-07,242.7796903563613,432.64764277278533
2023-09-08,243.09063975094668,433.29926471868293
2023-09-11,244.25873047524487,436.1489515775377
2023-09-12,243.6829015164977,433.756364374079
2023-09-13,243.84680545107375,434.2620175818714
2023-09-14,245.26151771264554,438.00643303761325
2023-09-15,244.6247321380861,432.7292225994005
2023-09-18,245.12070793288513,432.9830504662744
2023-09-19,244.93786521157506,432.0851178278586
2023-09-20,243.57516119870047,428.112784110297
2023-09-21,241.38825362692765,421.036750818457
2023-09-22,241.5286505079741,420.0900489710035
2023-09-25,241.07021393613576,421.85661575270245
2023-09-26,239.1517011488323,415.659044385373
2023-09-27,238.64196143117394,415.82491515066613
2023-09-28,238.6111398397063,418.23561751199856
2023-09-29,236.749658292087,417.22055250923586
2023-10-02,235.28904753014848,417.05471255203446
2023-10-03,233.6643567522135,411.471978269206
2023-10-04,232.04296047487657,414.4682500279984
2023-10-05,231.4203075033118,414.31214542774956
2023-10-06,233.02503478636027,419.2312118008562
2023-10-09,236.57405334388457,421.91518193487605
2023-10-10,236.6583955806648,424.1111210895113
2023-10-11,237.10427859539297,425.848450992261
2023-10-12,236.34879016898003,423.25228391936395
2023-10-13,240.57178030435443,421.14411701775987
2023-10-16,240.76722213809057,425.57518321957355
2023-10-17,241.1391573379349,425.5556508894852
2023-10-18,241.94313198076776,419.88502112125906
2023-10-19,243.06114345384907,416.1957829576123
2023-10-20,241.6788386680517,411.0815473240802
2023-10-23,240.7542483445435,410.3690793972291
2023-10-24,240.48276814576468,413.4630128064633
2023-10-25,240.25383865583342,407.5289430467772
2023-10-26,238.74530508123954,402.6489105257557
2023-10-27,240.37463334548067,400.82380836997487
2023-10-30,239.59863744770135,405.6159454055988
2023-10-31,239.37222946629012,408.1633124613665
2023-11-01,240.1019954812316,412.5162801509184
2023-11-02,242.7494574751298,420.4219137339565
2023-11-03,243.35814738843698,424.25755194899114
2023-11-06,243.2413264822315,425.2335830996687
2023-11-07,241.4018201602177,426.4437865547654
2023-11-08,239.7627713445123,426.7561497957212
2023-11-09,239.25783128374513,423.4279516577931
2023-11-10,240.03237604774372,430.0354863003368
2023-11-13,241.5667109523272,429.62558464130564
2023-11-14,243.7150235405897,437.9605597891883
2023-11-15,243.13910871896903,438.88782173082825
2023-11-16,242.20969135580637,439.424591111159
2023-11-17,243.46398569231394,439.9711574646255
2023-11-20,244.97267512297128,443.35792178472707
2023-11-21,246.1478636781148,442.3916567990937
2023-11-22,245.40846345991872,444.09962659052746
2023-11-24,245.3430337631278,444.37292517130646
2023-11-27,245.20202116564914,443.5726541833326
2023-11-28,247.36601141300483,444.01182352940464
2023-11-29,248.01044331414644,443.6995219046321
2023-11-30,246.59768508947488,445.44652554815104
2023-12-01,248.7273209329643,448.0817880893165
2023-12-04,248.33868025576345,445.72965191015754
2023-12-05,247.03744327372118,445.6417872328515
2023-12-06,244.456628569198,443.84592195602
2023-12-07,245.4550808635784,447.2326862761216
2023-12-08,246.02738613849797,449.1553576580693
2023-12-11,246.28662212329488,450.9023304934967
2023-12-12,245.35899956146346,452.96175899415465
2023-12-13,250.56110843409968,459.2081611867049
2023-12-14,254.62811878037888,460.681927865628
2023-12-15,253.4402685186369,459.9233710337103
2023-12-18,254.33020187558785,462.51048052767044
2023-12-19,256.1362886576279,465.3229204037541
2023-12-20,252.9271652979928,458.8748792515376
2023-12-21,254.62596853187836,463.22590603131727
2023-12-22,254.97437412284629,464.15680332776867
2023-12-26,256.8042199656733,466.11672169248754
2023-12-27,256.99429188705864,466.959569463083
2023-12-28,256.9062226573224,467.1358841714359
2023-12-29,255.17943823465438,465.78356298968686
2024-01-02,254.74035735170787,463.17685954945506
2024-01-03,253.1050526878443,459.39424206010193
2024-01-04,252.22085453913382,457.9145294194957
2024-01-05,252.54296868509977,458.5416589325538
2024-01-08,253.73269571723674,465.0877930484949
2024-01-09,253.65682979074546,464.3822261341671
2024-01-10,253.65463129767699,467.00855432876216
2024-01-11,253.45339779069178,466.80275627672694
2024-01-12,254.32700944785816,467.12605639020853
2024-01-16,252.6624849907392,465.41115477815976
2024-01-17,250.53919372255078,462.82416851656603
2024-01-18,251.36443494592547,466.93991390062826
2024-01-19,253.25927309142708,472.76082553978665
2024-01-22,254.28821238724097,473.7603632643719
2024-01-23,254.41501423287193,475.14216778980324
2024-01-24,254.02252489858407,475.6615614064591
2024-01-25,256.2147815849259,478.24860928423607
2024-01-26,256.2450704536702,477.6410737174496
2024-01-29,256.7668296046899,481.4236603987111
2024-01-30,256.4724309885479,481.05134461145883
2024-01-31,253.35082813568047,473.2018433713561
2024-02-01,256.8646335861609,479.3951632220416
2024-02-02,255.89394645290855,484.4419599430132
2024-02-05,253.32314894988946,482.6779810410105
2024-02-06,255.14450469654383,484.07941032080515
2024-02-07,255.70933704753335,488.1167491116893
2024-02-08,256.363678646435,488.33240575304353
2024-02-09,256.65816340081085,491.154642602263
2024-02-12,256.4174315067681,490.93904757709197
2024-02-13,252.2995576157546,484.1773492440716
2024-02-14,253.6750129599985,488.5773916976218
2024-02-15,256.7960594645125,491.9484130829046
2024-02-16,255.79970090850188,489.49858444521226
2024-02-20,255.69573313821675,486.803646630575
2024-02-21,256.25317381080174,487.2446644621443
2024-02-22,258.2187353273271,497.32839931476855
2024-02-23,258.7239377550911,497.67135499070497
2024-02-26,257.2703603390525,495.84862505797906
2024-02-27,257.4407831429979,496.76975618938616
2024-02-28,258.3511196737594,496.11323575692063
2024-02-29,259.83517285455764,497.89671618092007
2024-03-01,263.31885038549007,502.5711663065478
2024-03-04,265.46569590032317,502.03214793552877
2024-03-05,264.0406158996418,497.0147729420562
2024-03-06,265.6480954449806,499.5332728159741
2024-03-07,267.00995725526764,504.4918659706319
2024-03-08,268.2542778882068,501.4638310693772
2024-03-11,267.91335198985075,501.03257940285204
2024-03-12,267.7026840080464,506.4224242240349
2024-03-13,267.73740555276186,505.6285613191183
2024-03-14,265.8499008261996,504.62908521071637
2024-03-15,264.7611212223966,501.16400672171153
2024-03-18,265.4684776544543,504.1424714035464
2024-03-19,265.82732618552984,506.94406683137913
2024-03-20,268.2848180899008,511.6329351438859
2024-03-21,269.1339631995416,513.3237140201945
2024-03-22,267.11519012544994,512.3505480220377
2024-03-25,266.60613497153133,510.93500863628026
2024-03-26,266.3699073146701,509.99132598180574
2024-03-27,270.0500759584171,514.2772860720796
2024-03-28,271.8335492052821,514.1789158355305
2024-04-01,271.08158063046494,513.2843104710099
2024-04-02,270.70484599752416,510.02099417403775
2024-04-03,271.69225312575776,510.58114689590957
2024-04-04,269.4856242921753,504.34897804168867
2024-04-05,272.4239190851245,509.6178086789802
2024-04-08,274.01394070047303,509.9028451426673
2024-04-09,275.83823818894297,510.49266605677116
2024-04-10,270.2399374311017,505.38104911102675
2024-04-11,272.9763727977083,509.19515247001766
2024-04-12,269.43733415074627,502.1666252554588
2024-04-15,268.4655258035253,495.8754897138734
2024-04-16,267.152676525397,494.97105656812533
2024-04-17,265.31728975196404,492.0417307924277
2024-04-18,265.4486101697496,491.02925366936125
2024-04-19,265.381059719558,486.7433860033622
2024-04-22,264.7943238972572,491.2258401020014
2024-04-23,266.4331635334874,497.0550083097145
2024-04-24,266.39147197459175,496.81914156025624
2024-04-25,266.07675658439814,494.9317454432157
2024-04-26,267.2488394569958,499.62064456381404
2024-04-29,268.29465325858257,501.39004568994227
2024-04-30,263.5819404389042,493.4473807807745
2024-05-01,264.1259978308555,491.84517516787906
2024-05-02,265.9158232177046,496.445593449339
2024-05-03,267.5365447649478,502.59920166992373
2024-05-06,269.4722601293976,507.78941005739586
2024-05-07,270.00815086189505,508.34974762781735
2024-05-08,268.9960838415016,508.3988557258629
2024-05-09,272.7659729753341,511.3282123096522
2024-05-10,273.3691221462881,511.98688930853126
2024-05-13,272.65738945660434,512.0556221609401
2024-05-14,274.5429232449872,514.404985611853
2024-05-15,278.11789200573213,520.7749898679908
2024-05-16,277.5007230261016,519.7034228251932
2024-05-17,279.1488567774691,520.4505190470276
2024-05-20,279.0824163278892,521.0501061261756
2024-05-21,279.1407823872863,522.3280257666574
2024-05-22,276.32500092915416,520.8240979660362
2024-05-23,271.83193759587255,517.0197915801812
2024-05-24,272.5819219092099,520.4406604577084
2024-05-28,273.0012904375303,520.8043807873981
2024-05-29,270.6333830234839,517.1575037497317
2024-05-30,271.52790242036525,513.7267454747939
2024-05-31,273.5162670462246,518.4058476222565
2024-06-03,274.1955571319109,518.8285346393106
2024-06-04,274.1815788865045,519.408527772187
2024-06-05,276.24120058831437,525.5817915552266
2024-06-06,277.0963339193781,525.5719329659075
2024-06-07,272.81686679687624,524.9329731456666
2024-06-10,274.2385173064906,526.5548343210169
2024-06-11,274.39035772509754,527.8230186045462
2024-06-12,276.20106004983256,532.1580867928656
2024-06-13,276.0101392210175,533.2295306032967
2024-06-14,277.23654268854887,533.5540014242599
2024-06-17,277.1291930105177,537.8004039248912
2024-06-18,278.0984446394933,539.1669276368781
2024-06-20,278.73905552012224,537.7021877288001
2024-06-21,277.40790843765024,536.9813400010279
2024-06-24,278.1890657258649,535.2358151459068
2024-06-25,276.94633090090633,537.2968148592375
2024-06-26,275.9225053405311,537.9675686300324
2024-06-27,278.0043217281643,538.8156537762037
2024-06-28,278.3876427896516,536.695317678409
2024-07-01,277.9450622230331,537.7997877630588
2024-07-02,278.9997593491257,541.419060750632
2024-07-03,280.37392479711525,543.8352777603648
2024-07-05,282.43143513699465,546.9713566389379
2024-07-08,281.676865042163,547.6024912039068
2024-07-09,281.9049533613852,548.1348550271355
2024-07-10,283.87430966907255,553.5588660219273
2024-07-11,287.4502449433827,548.7857067707425
2024-07-12,288.7230965550049,552.2472423292108
2024-07-15,289.9475685501005,553.7658963976273
2024-07-16,293.63201086568597,557.0499157321696
2024-07-17,292.4750714966172,549.2394483441519
2024-07-18,290.2455092769956,545.018616559567
2024-07-19,287.69354760976967,541.3993435719939
2024-07-22,289.706172897558,546.9810919958904
2024-07-23,289.8189400115063,546.1231482604001
2024-07-24,285.8684770586398,533.7466136130811
2024-07-25,283.5683136618578,530.9655671823602
2024-07-26,287.2763054850583,536.9123298757946
2024-07-29,287.68981720332397,537.2278663501876
2024-07-30,288.90713960522635,534.5060330715643
2024-07-31,291.87694042201576,543.1941613737104
2024-08-01,291.1434812490515,535.5019970575213
2024-08-02,289.09865409752825,525.5319440629825
2024-08-05,282.31330225491996,510.22639172088196
2024-08-06,284.28546173438366,514.9305100387417
2024-08-07,282.9378210936083,511.4886916589114
2024-08-08,287.521971651878,523.3129604558138
2024-08-09,288.6238708881656,525.6205481344874
2024-08-12,289.6162274804298,525.8967734839706
2024-08-13,291.89939040812675,534.5454058126571
2024-08-14,291.6688534080146,536.2319023642303
2024-08-15,293.56598389009866,545.4228803378312
2024-08-16,295.92260178800245,546.6457767266761
2024-08-19,297.5250021944563,551.8724310865372
2024-08-20,297.6092737009619,550.9751762261371
2024-08-21,298.34632563559484,552.8684566886775
2024-08-22,296.6652776241056,548.5293218322639
2024-08-23,301.0337739320644,554.3575966053199
2024-08-26,301.0722597505332,553.0361759394677
2024-08-27,301.629986917148,553.7955953979509
2024-08-28,299.947725701373,550.5807094210086
2024-08-29,300.1675769538817,550.6298791352374
2024-08-30,301.37606715984913,555.8861708792389
2024-09-03,298.82161341154347,544.4466951466956
2024-09-04,298.9611396057882,543.3322432403602
2024-09-05,299.22512276497423,542.010822574508
2024-09-06,296.713649439383,532.888731493774
2024-09-09,299.34112088181246,538.8549649011135
2024-09-10,301.65977106092816,541.2021101694297
2024-09-11,302.3352559607083,546.754282825369
2024-09-12,305.37959654337,551.3597228257635
2024-09-13,307.98704277452106,554.2393551496749
2024-09-16,308.4735071107069,555.057864527889
2024-09-17,307.22993933804344,555.2846736984105
2024-09-18,306.0115501747846,553.6377963526631
2024-09-19,309.3581695177628,563.085282497109
2024-09-20,310.0810200610893,562.1119932665857
2024-09-23,311.5651263455073,563.5165957798175
2024-09-24,313.46025615457427,565.1289680629482
2024-09-25,312.3881453204883,563.8825959082873
2024-09-26,312.38733376102806,566.1182158849316
2024-09-27,311.54263872481914,565.2971186270212
2024-09-30,311.94457423099027,567.5624376039891
2024-10-01,311.43152886428896,562.4779317788723
2024-10-02,311.13182257080047,562.7153389329117
2024-10-03,309.9241941255393,561.6865951374688
2024-10-04,310.15954259151374,566.7908181412238
2024-10-07,307.96153566494536,561.6667547264641
2024-10-08,308.38253041088416,566.9788091163015
2024-10-09,308.64352672559266,570.9059781715451
2024-10-10,308.3050017047291,569.9068717602427
2024-10-11,311.20429695639314,573.3196073015816
2024-10-14,312.5074826068404,578.008352381722
2024-10-15,313.3157909041954,573.5173952497951
2024-10-16,315.4392711210709,576.010139559117
2024-10-17,315.24808699064783,576.0596173542621
2024-10-18,317.5497572634563,578.2754585360851
2024-10-21,315.2815099580553,577.3258299199276
2024-10-22,316.51328872400677,577.0192277921051
2024-10-23,315.0492287028385,571.7466693757273
2024-10-24,316.3129580915847,572.9832445572524
2024-10-25,315.5006873767846,572.7853333766725
2024-10-28,316.1594963630414,574.5560592507404
2024-10-29,316.72105368117184,575.4858474558933
2024-10-30,317.4479847517598,573.7448821983323
2024-10-31,311.9440915431609,562.4977105736938
2024-11-01,310.80779958165766,564.8717821140875
2024-11-04,311.86729891248575,563.6551089597502
2024-11-05,314.7391451990417,570.470659836926
2024-11-06,311.9270233342937,584.6557526948247
2024-11-07,315.6500328045732,589.1764088270753
2024-11-08,316.9639308210119,591.7285511370443
2024-11-11,314.0558013183341,592.2924008299108
2024-11-12,311.37855311305793,590.4524799820598
2024-11-13,310.956321291879,590.7394265474273
2024-11-14,309.0880405137175,586.9407888504309
2024-11-15,307.6407477017327,579.422875100456
2024-11-18,310.7547925198756,581.797008257033
2024-11-19,312.56582755224423,583.9237524378851
2024-11-20,313.0562275229352,584.1216020022817
2024-11-21,315.2570388358003,587.2573727999387
2024-11-22,317.7296179779028,589.0774532367851
2024-11-25,316.44353980233234,591.0757276755734
2024-11-26,317.6203453665566,594.1620206780854
2024-11-27,318.21567817593484,592.3615958036938
2024-11-29,319.31608725362486,596.0413758832126
2024-12-02,317.02448242690014,597.1098005006646
2024-12-03,316.75085688292427,597.3867036281634
2024-12-04,317.4415566047388,601.0961827080058
2024-12-05,316.23108349141893,600.1069965022057
2024-12-06,316.3158304267202,601.2446160934408
2024-12-09,317.11652184736323,598.1483412692432
2024-12-10,316.6469857027976,596.2887648589375
2024-12-11,318.2234929460568,600.8983947597924
2024-12-12,315.95270315838036,597.8022431679614
2024-12-13,314.3562022304245,597.6835087828501
2024-12-16,314.688272155727,600.2355894766362
2024-12-17,313.34869175934097,597.7625623459523
2024-12-18,303.9223519047998,579.947228819863
2024-12-19,302.4684194897769,579.7690964341043
2024-12-20,306.4299313034928,586.7326493834323
2024-12-23,306.9601062262732,590.2462506167418
2024-12-24,308.98087998253334,596.8068337276536
2024-12-26,309.9595397922818,596.846576165846
2024-12-27,307.12485555525956,590.563882041365
2024-12-30,305.1224846432845,583.8245503828621
2024-12-31,306.2732948792518,581.700578930256
2025-01-02,306.5042683803247,580.27139155991
2025-01-03,308.3205842450057,587.5267587530818
2025-01-06,307.464701641416,590.9112124663118
2025-01-07,305.90856816330023,584.2315868893725
2025-01-08,306.8677305082601,585.0850942596692
2025-01-10,303.7874551614228,576.152288093861
2025-01-13,304.1796171495167,577.0455995185333
2025-01-14,305.7763287308395,577.8395856558163
2025-01-15,308.9768740378097,588.3505671230549
2025-01-16,311.62329923623366,587.219109150144
2025-01-17,312.04541460440475,593.1146071791194
2025-01-21,316.5574198881439,598.5437323171204
2025-01-22,315.855476936175,601.9084688517123
2025-01-23,317.0554896828286,605.1937205099193
2025-01-24,317.7665974775764,603.426938071579
2025-01-27,316.57912968335035,594.8913714391452
2025-01-28,317.1250027446051,600.0028035363399
2025-01-29,314.84828989137776,597.3129490568202
2025-01-30,318.33623133166435,600.5188390710089
2025-01-31,317.7473717593807,597.322992494689
2025-02-03,318.4194658981106,593.3032759322127
2025-02-04,320.4644512489666,597.2833732888631
2025-02-05,320.88719748275975,599.7049509065381
2025-02-06,321.0239887672524,601.7894263856849
2025-02-07,320.2838713335061,596.280816371299
2025-02-10,324.36452974197107,600.3302935502821
2025-02-11,324.8724986802201,600.7868078519374
2025-02-12,323.43754317913914,598.8514435362414
2025-02-13,326.1704664257485,605.1738800989148
2025-02-14,324.59666830018745,605.1440578662248
2025-02-18,328.2973437191059,606.9206372777008
2025-02-19,329.48077180456374,608.3498862642301
2025-02-20,329.2241867670688,605.8190015374802
2025-02-21,325.71775746060933,595.4570696175091
2025-02-24,325.4298924480072,592.7474363431681
2025-02-25,322.2587579901961,589.7995332882223
2025-02-26,321.5629520354974,590.0973859180241
2025-02-27,318.3637536380444,580.678366450237
2025-02-28,318.54113879868913,589.7400736713919
2025-03-03,317.40467018159546,579.4078407517444
2025-03-04,317.41134120820584,572.5495282433974
2025-03-05,318.47923714993993,578.7031980801653
2025-03-06,315.5214043317355,568.4305480097148
2025-03-07,317.0841206810292,571.6164743805325
2025-03-10,312.6692799607262,556.3911155009241
2025-03-11,313.5986068930835,551.7658967057084
2025-03-12,314.6076921432194,554.6938361172832
2025-03-13,314.68925617772555,547.299524430896
2025-03-14,317.4740001085914,558.6044920354175
2025-03-17,319.585454140816,562.9120177898268
2025-03-18,319.43664199590813,556.8278510077581
2025-03-19,321.70909946842426,562.892115762639
2025-03-20,321.454825260831,561.2644626660639
2025-03-21,320.0015710959116,561.4496192967122
2025-03-24,321.8226395384362,571.5042713108452
2025-03-25,322.6975251587927,572.878127348638
2025-03-26,321.1793624629484,566.0389158570966
2025-03-27,322.619617000485,564.5357274506745
2025-03-28,320.91285769275873,553.1668638641288
2025-03-31,324.66178884731823,556.8801631473324
2025-04-01,324.80148685848616,558.4531626893701
2025-04-02,326.38212058909676,561.9872204955167
2025-04-03,315.992764975327,534.2920400671577
2025-04-04,303.5348813774839,503.0129851484994
2025-04-07,299.58702402640387,502.11702422794747
2025-04-08,296.3387667434579,494.2525194472247
2025-04-09,313.9433469894132,546.1585775657655
2025-04-10,310.61118556633596,522.2264206804882
2025-04-11,315.9403886855486,531.5443896077551
2025-04-14,316.4114870775102,536.7011712158173
2025-04-15,316.4160944688681,535.1979211932119
2025-04-16,318.81651519107777,523.3014998457306
2025-04-17,319.60698356982687,524.0481647542822
2025-04-21,319.46952186768544,511.57436896171237
2025-04-22,321.2310115636142,524.8844195932705
2025-04-23,319.51794651077165,533.0177557814872
2025-04-24,324.2678190578285,544.2372617398491
2025-04-25,324.02901658008193,548.1694833221189
2025-04-28,325.00140303933904,548.3784854156827
2025-04-29,323.2510079233574,551.832935113078
2025-04-30,320.4826667505838,552.0519806445105
2025-05-01,318.4790306138903,555.9643618157756
2025-05-02,319.0913669124293,564.2171101671191
2025-05-05,321.06421775643577,560.9817676173399
2025-05-06,323.52459151414644,556.2928376886498
2025-05-07,322.8171003757984,558.6322809340605
2025-05-08,320.24800245531287,562.5248216943211
2025-05-09,321.0460374040256,561.8079790184597
2025-05-12,320.5700510332153,580.3743522021109
2025-05-13,321.2971575839569,584.2071252646247
2025-05-14,318.4701510443565,584.953728556993
2025-05-15,321.6164820982045,587.8107477416538
2025-05-16,321.2862066005597,591.5339672303596
2025-05-19,322.4725572168573,592.1810603867888
2025-05-20,323.338415620875,590.1900566576234
2025-05-21,320.4755676836831,580.2448966011151
2025-05-22,320.130835289901,580.4739239542333
2025-05-23,321.9170561445358,576.5116952907238
2025-05-27,323.8268622503558,588.4977065686418
2025-05-28,322.49191850256915,585.0930427473078
2025-05-29,324.54802453662506,587.4027253762115
2025-05-30,323.878776437475,586.7456503980968
2025-06-02,326.35180935670417,590.0507424673084
2025-06-03,325.81722328699,593.4156022342668
2025-06-04,328.250730789559,593.2562011682144
2025-06-05,327.245380489693,590.3891385456849
2025-06-06,325.5141511765756,596.4518628959846
2025-06-09,326.2383258937214,596.9894640947891
2025-06-10,327.4468197642691,600.3742258889354
2025-06-11,328.0567311412608,598.6619121565827
2025-06-12,331.1570799509253,601.0412210725523
2025-06-13,330.3053356822717,594.321483360321
2025-06-16,328.67333711594273,599.9759388804456
2025-06-17,329.1266721954326,594.8492259698065
2025-06-18,328.7095017113683,594.7594511908198
2025-06-20,328.20395401494216,593.3626739328602
2025-06-23,329.9738429079023,599.2236052830356
2025-06-24,330.2585612748933,605.8433399298616
2025-06-25,330.7931468142154,606.1827834833531
2025-06-26,332.08817047067487,610.9255043400153
2025-06-27,329.92710475275476,613.9607175266178
2025-06-30,332.85316882568804,616.8962357287315
2025-07-01,334.41775122686425,616.696660911204
2025-07-02,337.36916805133535,619.4922487611705
2025-07-03,337.4377520864858,624.3747151214302
2025-07-07,336.58281674105115,619.7218922761211
2025-07-08,335.70247203712967,619.3823871064462
2025-07-09,336.67340178344665,623.0966722485817
2025-07-10,336.8872627784114,624.8540274108857
2025-07-11,339.03631907626954,622.6573488620515
2025-07-14,337.8849639356511,623.8454937235468
2025-07-15,336.7337930499911,621.1796695554924
2025-07-16,337.8200652894935,623.2563813955504
2025-07-17,339.17294781126935,627.0704847545413
2025-07-18,339.5853011722489,626.6113209570065
2025-07-21,341.2885348101818,627.7994042023186
2025-07-22,342.18142297850653,627.8892405974884
2025-07-23,341.43230978446627,633.2309323714661
2025-07-24,340.8753950389531,633.4406738592289
2025-07-25,339.1376670910727,636.1165414651522
2025-07-28,339.55023955466686,635.9567707020003
2025-07-29,341.02833075008306,634.2793933455472
2025-07-30,338.6710868359537,633.480601145971
2025-07-31,338.0504303126828,631.1043730391636
2025-08-01,336.68398037533166,620.7602481961501
2025-08-04,338.63690333317254,630.1956575686803
2025-08-05,337.18095082092225,627.0005503865593
2025-08-06,337.5459224395574,631.8032854057012
2025-08-07,338.7628618415766,631.274064007818
2025-08-08,339.61811121291777,636.1963960386365
2025-08-11,337.92245095953865,634.9383168091592
2025-08-12,338.55586829625076,641.6978585757661
2025-08-13,339.130866311486,643.8945987407834
2025-08-14,338.89258090116397,643.9544280547134
2025-08-15,338.33221231998147,642.4467416669144
2025-08-18,338.2352200041098,642.3069961633169
2025-08-19,336.12686143330575,638.822354536132
2025-08-20,338.20702926565775,637.1249519201245
2025-08-21,338.03400366611794,634.5689277906109
2025-08-22,341.43191934275376,644.3138968677592
2025-08-25,341.22320512095916,641.4782584986842
2025-08-26,341.65404485776656,644.1641079262929
2025-08-27,342.246862023436,645.6318054111665
2025-08-28,344.22191273613805,647.9182587389872
2025-08-29,344.8000663347425,644.054307887752
2025-09-02,348.52864260793405,639.2816415660332
2025-09-03,349.03869698183775,642.7463195498469
2025-09-04,348.6647586470093,648.1180184050644
2025-09-05,348.9373429414646,646.2409429987172
2025-09-08,351.33958994148526,647.8284223438172
2025-09-09,351.66131355660514,649.3261269099307
2025-09-10,353.21186568161465,651.203263932461
2025-09-11,353.120741327169,656.6148284582374
2025-09-12,354.0021053122823,656.3952283811556
2025-09-15,356.9140227340603,659.8897285976595
2025-09-16,358.2023954525311,658.9811979757259
2025-09-17,355.87489457638725,658.1624421327788
2025-09-18,355.42763192215864,661.23770583849
2025-09-19,356.32078748470127,664.5127292102785
2025-09-22,358.9382582613071,667.6565717279404
2025-09-23,360.01210150801484,664.0221411592894
2025-09-24,359.343073639152,661.9094454682169
2025-09-25,360.13589079842626,658.8558090428243
2025-09-26,361.56922837045,662.6304164283557
2025-09-29,362.8922466524309,664.4927039507243
2025-09-30,363.89963781346626,666.9957381626479
2025-10-01,364.68981880048204,669.2685126977884
2025-10-02,363.7691671197276,670.0393927663549
2025-10-03,365.1940575908377,670.0294725608526
2025-10-06,366.77960024763627,672.4323804750046
2025-10-07,366.51160953971214,669.9393280847664
2025-10-08,368.6184574420217,673.9342133253954
2025-10-09,365.3243626709893,671.981842943124
2025-10-10,361.70760054331595,653.8196103053705
2025-10-13,367.2537391264776,663.8518956449858
2025-10-14,369.23443758019516,663.0409034411275
2025-10-15,373.69982583979646,665.9844933632462
2025-10-16,375.3262647281278,661.4490493470171
2025-10-17,374.49714306065323,665.2035698568109
2025-10-20,381.59928441326184,672.1220197600042
2025-10-21,373.0632747048072,672.1119763221353
2025-10-22,372.95808332922775,668.6177225703645
2025-10-23,374.11197254050575,672.5826007297536
2025-10-24,375.07836149959945,678.0793188207734
2025-10-27,373.42439513994543,686.0790711237169
2025-10-28,370.4189089810856,687.9012465107936
2025-10-29,366.83102756680256,688.2317557177148
2025-10-30,368.46807708636186,680.6625156870977
2025-10-31,368.521533881494,682.8951780869464
2025-11-03,369.8850293545658,684.1767946984229
2025-11-04,365.4079166049875,676.0668726598391
2025-11-05,366.8660973080805,678.409704795328
2025-11-06,365.5679776904386,671.130800220157
2025-11-07,366.7002265943224,671.7915721692663
2025-11-10,373.2840336616956,682.2744566569454
2025-11-11,374.865068839712,683.8363036698161
2025-11-12,375.55337002693534,684.2167836013482
2025-11-13,371.81219075842614,672.8629543635141
2025-11-14,369.8254474338308,672.7527846278737
2025-11-17,367.10272881033563,666.485063235921
2025-11-18,367.9776365985722,660.8882188471296
2025-11-19,367.4316706454189,663.4414086322139
2025-11-20,364.3522901551297,653.3290838705645
2025-11-21,364.5709030708295,659.8369851448026
2025-11-24,368.8783369155921,669.5488663315488
2025-11-25,369.34432817679743,675.8465331885582
2025-11-26,372.4910317775621,680.5122954323485
2025-11-28,376.348024171171,684.226827039217
2025-12-01,376.706495299547,681.1029481649261
2025-12-02,375.58730441870455,682.3646011330317
2025-12-03,376.50267437624814,684.727458528075
2025-12-04,377.00109512278505,685.2280900169329
2025-12-05,377.7744616822226,686.5296086555973
2025-12-08,375.4984952700832,684.4671301538688
2025-12-09,375.76184771589396,683.8764158051079
2025-12-10,377.888767865491,688.4119830537034
2025-12-11,379.4295737048255,690.0139422018658
2025-12-12,377.73744130124476,682.5948608098145
2025-12-15,377.05753033275204,681.5635291346754
2025-12-16,375.47538030060855,679.7013032284899
2025-12-17,376.6696614204035,672.2221460577756
2025-12-18,376.5121944434257,677.2982720819713
2025-12-19,378.67639708838345,683.4369691862111
2025-12-22,383.9978773346556,687.6946474483759
2025-12-23,387.7083891093704,690.8377505718389
2025-12-24,387.57164249912466,693.2678928389848
2025-12-26,389.46669158737046,693.1975887739034
2025-12-29,382.15210464917567,690.7272727552823
2025-12-30,382.9388244077994,689.883747206671
2025-12-31,379.5888396121924,684.7724999580262
2026-01-02,380.61948395804336,686.027683226891
2026-01-05,387.1828558259752,690.5967696791714
2026-01-06,389.28937488610643,694.7038579894877
2026-01-07,386.43538383400465,692.4645410418486
2026-01-08,388.7872918400876,692.3942369767672
2026-01-09,390.6961765420277,696.973305250733
2026-01-12,394.9882290699201,698.0678551298805
2026-01-13,395.55983387714457,696.6720637308528
2026-01-14,396.37240738183226,693.2477443470639
2026-01-15,394.8493550785189,695.1356642016619
2026-01-16,393.8778984766013,694.5532064214557
2026-01-20,397.98687046324017,680.4143257009899
2026-01-21,402.9762006050653,688.2670617907129
2026-01-22,406.10125142919446,691.8620580020879
2026-01-23,410.5199284799751,692.113020716441
2026-01-26,413.83916256447566,695.6277310410488
2026-01-27,419.6469733490465,698.3992269633669
2026-01-28,426.8747257904459,698.3289228982854
2026-01-29,429.0318213088554,696.9431749371264
2026-01-30,408.99428373864185,694.8645529953878
2026-02-02,399.2453829677281,698.3188794604166
2026-02-03,410.03101071127566,692.4143238525044
2026-02-04,409.4990756947698,689.0603701499803
2026-02-05,401.73266031850324,680.454499452465
2026-02-06,409.82609594336105,693.5088737316519
2026-02-09,415.32056038359826,696.8527839963074
2026-02-10,412.9550487030138,695.0151429472363
2026-02-11,415.79167416073784,694.854509557519
2026-02-12,405.5955437645229,684.1197997289214
2026-02-13,409.50879777266067,684.6017615142564
2026-02-17,403.8165184906264,685.7063548312727
2026-02-18,411.0596292534506,689.1607429124847
2026-02-19,412.3260916580711,687.3431887391513
2026-02-20,416.98606563319123,692.3139510899997
2026-02-23,420.1692927419254,685.2444799216752
2026-02-24,419.07649152229783,690.2251624780258
2026-02-25,420.07454504357486,696.0494938153543
2026-02-26,420.55419921318895,692.1833247815222
2026-02-27,423.64685770945715,688.8595013926044
2026-03-02,429.5461734327093,689.2511338533036
2026-03-03,422.4512184243526,683.1759014178053
2026-03-04,425.79567125970686,687.9959505844387
2026-03-05,425.361886291572,684.1599118642131
2026-03-06,431.0412729596776,675.1925390196049
2026-03-09,430.0700799646668,681.1071996815691
2026-03-10,433.8865007253152,680.0126498024216
2026-03-11,435.9919516549051,679.1591424321249
2026-03-12,434.70026772287633,668.8461337616496
2026-03-13,431.25242009128783,665.0603738469509
2026-03-16,430.58466344742163,671.8286034953952
2026-03-17,432.88206564482323,673.5958788632014
2026-03-18,428.86234649457896,664.1967614226021
2026-03-19,420.5180770875175,662.5599275147234
2026-03-20,414.7113226251608,653.0616696352844
2026-03-23,407.3552010693069,659.9188114361499
2026-03-24,409.3272858216676,657.7035864161593
2026-03-25,413.8548933904152,661.368763460249
2026-03-26,407.52732538692885,649.5575572941945
2026-03-27,413.13064864096594,638.4813705780581
2026-03-30,413.3875412889725,636.3466779095675
2026-03-31,421.1546855714499,654.8439177356189
2026-04-01,422.80857189595196,659.7778336088875
2026-04-02,425.21118813641215,660.3719368477267
2026-04-06,425.5593306054709,663.4934126908711
2026-04-07,426.613999754973,663.7853501670814
2026-04-08,426.14941858623484,680.6917217579544
2026-04-09,429.0181324238593,684.6186443484651
2026-04-10,428.02567213966165,684.1655805530714
2026-04-13,430.2878382328823,690.8515525968849
2026-04-14,434.266824807119,699.2694939355057
2026-04-15,433.1195247367046,704.7874079935614
2026-04-16,435.4264945764653,706.5193156721857
2026-04-17,435.5857394337762,715.0580863461481
2026-04-20,436.8113656732073,713.6281595816031
2026-04-21,432.84927090934497,708.9561124871219
2026-04-22,435.0463412576191,716.1355069263537
2026-04-23,436.99593817346204,713.3563705973135
2026-04-24,437.3067509279216,718.8843897094213
2026-04-27,436.5036860258938,720.122874992627
2026-04-28,436.347216749136,716.618762651537
2026-04-29,437.2029484614776,716.5080383702475
2026-04-30,441.6748566096072,723.6370307715858
2026-05-01,439.7225472221545,725.6408506668661
2026-05-04,438.3471591442944,722.9825436731674
2026-05-05,439.45436986831294,728.7824750019311
2026-05-06,441.2850302963464,738.9121139110722
2026-05-07,440.66503112945475,736.6465484693712
2026-05-08,441.96947809781364,742.7283738364766
2026-05-11,446.07032873951516,744.419984531259
2026-05-12,448.4978654042897,743.292223529343
2026-05-13,444.9121817212012,747.4508229688513
2026-05-14,441.85716362930583,753.3514351410358
2026-05-15,436.4475852823806,744.2891117580485
2026-05-18,439.43533480519517,743.7654974328404
2026-05-19,438.49925686584214,738.8114330676511
2026-05-20,439.0756123741187,746.3835074426975
2026-05-21,438.35175937546643,747.8636513965864
2026-05-22,436.6305991200049,750.8039140448099
2026-05-26,434.9402175515173,755.7882319559719
2026-05-27,429.9562330418839,755.6572975665783
2026-05-28,432.0285275603941,759.8259404439556
2026-05-29,431.11541878952363,761.718974441763
2026-06-01,429.1650240028097,763.7932216344911
2026-06-02,430.67892354773267,764.8304068470385
2026-06-03,429.900290425151,759.4634524379308
2026-06-04,431.7203040894892,762.333226172523
2026-06-05,424.3639423068151,742.6578849228451
2026-06-08,423.9639577225158,744.3393905635756
2026-06-09,422.9936882021543,742.1544190895578
2026-06-10,417.64801340742366,730.4539372047927
2026-06-11,420.3843076391891,742.8693516637388
2026-06-12,420.29899502540167,746.8869732759847
2026-06-15,421.3263865427193,760.05755567677
2026-06-16,420.460914705511,755.5264247933679
2026-06-17,412.82194529637496,746.0915083503038
2026-06-18,411.8286097877757,753.8486161236322
2026-06-22,411.31805560896925,751.4762698363693
2026-06-23,409.0784411779369,740.5633660058297
2026-06-24,401.596875424487,740.220102248977
2026-06-25,405.5696186257518,741.2901905033767
2026-06-26,407.34690926680753,735.9296441773264
2026-06-29,404.7449774407201,748.0539837866276
2026-06-30,402.81546254288367,753.8789312857884
2026-07-01,402.1192549344563,752.8593066854656
2026-07-02,404.2125341623983,751.8699972472989
2026-07-06,406.4968118235453,758.4318742980588
2026-07-07,409.2258095475887,754.8278821239302
2026-07-08,408.8307379661228,752.4958944366921
2026-07-09,409.31416719522673,758.8659603090132
2026-07-10,409.9286378454814,762.1367937803411
2026-07-13,413.62037462771434,756.3017412271281
2026-07-14,415.2034931901001,758.9870977252708
2026-07-15,416.9368951595203,761.9954462559791
2026-07-16,417.7293919166851,757.8664842006111
2026-07-17,418.82585329042934,750.3657613657614
2026-07-20,418.61753102848826,749.1543872031831
2026-07-21,421.8966587256907,755.4033156592463
2026-07-22,422.40580513566323,754.5249769671021
2026-07-23,422.31969076616343,745.2071312722018
2026-07-24,424.5113881178712,745.9642709319047
2026-07-27,419.03882416258,746.1258285643706
2026-07-28,417.9688319735905,747.9126362622653
2026-07-29,419.41935118833385,736.4041504044886
2026-07-30,419.6630890243466,748.7505547382013
2026-07-31,420.53123055967853,754.1414162264076
2026-08-03,419.9846626786031,764.8826573704292
2026-08-04,419.5336095447551,778.6727288775503
2026-08-05,420.0941548399243,777.118029341936
2026-08-06,420.4930862287405,775.8763400172016
2026-08-07,422.1506399298587,780.6210942079109
2026-08-10,425.18646114704745,780.3889244294472
2026-08-11,423.8575941267814,777.8953791097432
2026-08-12,426.2347785464689,779.8437444401038
2026-08-13,427.5232525403272,785.2850695823871
2026-08-14,428.65530346464783,783.7304316629562
2026-08-17,429.41811993654125,780.0254505644906
2026-08-18,427.55046874072997,774.7557881087253
2026-08-19,430.60397063953263,776.3810997903371
2026-08-20,431.01693437556514,769.8595813396021
2026-08-21,432.3904952179978,773.6301836732226
